timestamp,open,high,low,close,volume
2015-01-02,24.62719940958966,24.638254577319934,23.733996171356562,24.171754837036133,212818400
2015-01-05,23.941828324362117,24.021420832782407,23.305089943782043,23.49080467224121,257142000
2015-01-06,23.554914459681218,23.75168430492422,23.132632007155845,23.493009567260742,263188400
2015-01-07,23.700839061411305,23.92192898432291,23.5902940999555,23.822439193725586,160423600
2015-01-08,24.14965083516332,24.79523294678256,24.03247176973318,24.737749099731445,237458000
2015-01-09,24.910196858371453,25.03842939608858,24.366315945426543,24.764278411865234,214798000
2015-01-12,24.894724608480093,24.901357036182638,24.05458392610734,24.15407371520996,198603200
2015-01-13,24.636046935190233,24.93894069695725,24.078901144962483,24.368528366088867,268367600
2015-01-14,24.107644107868847,24.428223804239163,23.98825535346539,24.275672912597656,195826400
2015-01-15,24.319883257835752,24.33314810893353,23.581443975843946,23.616817474365234,240056000
2015-01-16,23.66325280064209,23.784852925871537,23.258657860459195,23.433319091796875,314053200
2015-01-20,23.84233176401339,24.092164407057577,23.546072135531507,24.03689193725586,199599600
2015-01-21,24.087729388437094,24.554228930752185,23.937388279727287,24.22038459777832,194303600
2015-01-22,24.377371692838484,24.86598014630522,24.257982950073732,24.85050392150879,215185600
2015-01-23,24.828393786716223,25.14897343268383,24.658153637343272,24.978734970092773,185859200
2015-01-26,25.14675974776766,25.2838360657216,24.938936430150594,25.00526237487793,222460000
2015-01-27,24.854923832502017,24.868190372275148,24.105429276423866,24.129749298095703,382274800
2015-01-28,26.00679816034438,26.11513340012785,25.49386978149414,25.49386978149414,585908400
2015-01-29,25.717172069569596,26.351700565680584,25.549143306141485,26.28758430480957,337745600
2015-01-30,26.17704406558535,26.530787562394195,25.83435405152494,25.90289306640625,334982000
2015-02-02,26.09966676730456,26.34728640799856,25.664119337720912,26.22789764404297,250956400
2015-02-03,26.199149338596126,26.32959155096424,26.002379491164405,26.23231315612793,207662800
2015-02-04,26.1991550553865,26.643546259004726,26.157147431561143,26.433509826660156,280598800
2015-02-05,26.639929015987743,26.686542614611152,26.469018696977805,26.622173309326172,168984800
2015-02-06,26.63993133480039,26.690983441173188,26.29145037133095,26.397993087768555,174826400
2015-02-09,26.31365329776558,26.59998341344617,26.287017189903477,26.573348999023438,155559200
2015-02-10,26.673230158141653,27.112716602829234,26.67101175267262,27.083860397338867,248034000
2015-02-11,27.250330865812547,27.727550500448018,27.190401745853304,27.718671798706055,294247200
2015-02-12,27.980583052789616,28.29577098667342,27.87182193753955,28.069368362426758,297898000
2015-02-13,28.2513791917622,28.2513791917622,27.889581022925857,28.206987380981445,217088800
2015-02-17,28.297985045953215,28.60651433058525,28.17146654951737,28.37345314025879,252609600
2015-02-18,28.329072497913977,28.584329704686837,28.28911918125875,28.571012496948242,179566800
2015-02-19,28.517736483842516,28.639816516664126,28.484443468926816,28.511077880859375,149449600
2015-02-20,28.54880309049723,28.744131088256836,28.422286282404745,28.744131088256836,195793600
2015-02-23,28.859558482737327,29.521005630493164,28.779651865856355,29.521005630493164,283896400
2015-02-24,29.50769260586397,29.654188655379627,29.11481806830058,29.336780548095703,276912400
2015-02-25,29.20137516080777,29.210255554176445,28.444482502820037,28.586538314819336,298846800
2015-02-26,28.58654338774827,29.04822570539494,28.1026668564968,28.94834327697754,365150000
2015-02-27,28.855112929405834,28.981633127182146,28.46446031209903,28.51329231262207,248059200
2015-03-02,28.688648199086956,28.917269263881828,28.47778453766857,28.653133392333984,192386800
2015-03-03,28.624278662306626,28.748577090756346,28.431169030292523,28.713062286376953,151265200
2015-03-04,28.65535153620305,28.75745235902055,28.48222110892298,28.531049728393555,126665200
2015-03-05,28.53993529191993,28.577668506046177,27.914001183447404,28.058277130126953,226068400
2015-03-06,28.499980041819516,28.715283910547633,28.024982180791078,28.100448608398438,291368400
2015-03-09,28.402315541867832,28.759676923373377,27.758624083605657,28.220306396484375,354114000
2015-03-10,28.058274175841376,28.238063218815654,27.478952044658584,27.636545181274414,275426400
2015-03-11,27.689810834670382,27.694249337787312,27.103830203784526,27.1326847076416,275756000
2015-03-12,27.148226659267223,27.723110284120327,26.997292125853967,27.623226165771484,193450800
2015-03-13,27.612125613115115,27.83408803493527,27.208154073139987,27.432334899902344,207309200
2015-03-16,27.496707402099535,27.734207153320312,27.27252654927481,27.734207153320312,143497200
2015-03-17,27.94506973590977,28.260255973996387,27.889579129481607,28.19810676574707,204092400
2015-03-18,28.18923120800626,28.668670913843595,28.049395473856592,28.51551628112793,261083600
2015-03-19,28.577667853411505,28.688649087793685,28.278018859267466,28.300214767456055,183238000
2015-03-20,28.466685524269383,28.49997853855227,27.780822335014985,27.9450740814209,274780400
2015-03-23,28.21586022637855,28.37789182619811,28.082681434795916,28.235836029052734,150838800
2015-03-24,28.240284200841668,28.4200715560006,28.09156806736608,28.120424270629883,131369200
2015-03-25,28.087127139075744,28.149276350834853,27.385725021362305,27.385725021362305,206620800
2015-03-26,27.248107132166854,27.718666378399934,27.212592332143824,27.576610565185547,190291600
2015-03-27,27.649857147911664,27.678711651367017,27.281400430539026,27.35686683654785,158184800
2015-03-30,27.534436189130226,28.05604748649749,27.52333739183868,28.049388885498047,188398800
2015-03-31,27.987250350887713,28.076035688112327,27.60325618054248,27.618793487548828,168362400
2015-04-01,27.705347314713894,27.77193671356621,27.32357170729665,27.578828811645508,162485600
2015-04-02,27.751962555019634,27.86960237283021,27.565514925306033,27.81633186340332,128880400
2015-04-06,27.627663195968463,28.302429168378975,27.59658859207262,28.26691436767578,148776000
2015-04-07,28.33128631931343,28.4378273444935,27.962829541527025,27.9694881439209,140049200
2015-04-08,27.933971518838366,28.056051532897612,27.738645189782524,27.878480911254883,149316800
2015-04-09,27.93397105873809,28.096004375326153,27.669836922529743,28.091564178466797,129936000
2015-04-10,27.956166746508018,28.23583987612223,27.80301382482314,28.211423873901367,160752000
2015-04-13,28.493323243117487,28.537718449819085,28.102670487046197,28.155941009521484,145460400
2015-04-14,28.189232296875378,28.25360161320693,27.94729402938292,28.033859252929688,102098400
2015-04-15,28.05827490784861,28.218086453862202,27.9694895866594,28.140399932861328,115881600
2015-04-16,28.02941898136785,28.211428129554427,27.991685769857757,28.005002975463867,113476000
2015-04-17,27.86738231870997,27.998339332768015,27.6254424019684,27.68981170654297,207828000
2015-04-20,27.87182516731625,28.43782840664329,27.783039847390697,28.32240867614746,188217200
2015-04-21,28.433392075866454,28.455586289423398,28.115984001409522,28.16925621032715,129740400
2015-04-22,28.187005220449002,28.604293930488744,28.038290816138105,28.548803329467773,150618000
2015-04-23,28.477782421911698,28.948341722354005,28.442267617797302,28.781869888305664,183083600
2015-04-24,28.96387471775855,28.994949318200284,28.684199926905492,28.917261123657227,178103600
2015-04-27,29.367847188836276,29.549857998569063,29.110369969306948,29.443313598632812,387816800
2015-04-28,29.845065556747187,29.862819568153768,28.759669564858843,28.97941017150879,475696000
2015-04-29,28.890633230589536,29.208037907572134,28.47778293917561,28.55324935913086,253544400
2015-04-30,28.553253082815576,28.553253082815576,27.65208596250953,27.77860450744629,332781600
2015-05-01,27.98946245844296,28.88397248578845,27.811893528132792,28.622055053710938,234050400
2015-05-04,28.744131345987658,28.98163274420011,28.468896745483764,28.566560745239258,203953200
2015-05-05,28.444482187559743,28.51107158957588,27.918432346699838,27.92287254333496,197085600
2015-05-06,28.091566948029953,28.13374035515713,27.381287790009118,27.747526168823242,288564000
2015-05-07,27.809937979380642,28.101924546751007,27.64277075933011,27.91915512084961,175763600
2015-05-08,28.235660267995307,28.44517707824707,28.108613238494627,28.44517707824707,222201600
2015-05-11,28.3939044649695,28.431795286787377,28.001618314143666,28.155412673950195,168143200
2015-05-12,27.994933601416427,28.280232019184268,27.821079984371192,28.05511474609375,192640000
2015-05-13,28.117525287150592,28.349330690934128,28.0551164669998,28.086320877075195,138776800
2015-05-14,28.39836301417201,28.74161148071289,28.342640617582404,28.74161148071289,180814000
2015-05-15,28.768361775895382,28.861974998052265,28.576676587376436,28.701494216918945,152832000
2015-05-18,28.614564345788143,29.136125128096882,28.61010560206051,29.017993927001953,203531600
2015-05-19,29.12943570182205,29.171785260294314,28.89540099517638,28.99124526977539,178532800
2015-05-20,28.975640843342003,29.194071645104938,28.82853292742991,28.989013671875,145819600
2015-05-21,28.991245175901085,29.338952327037514,28.93775045994756,29.285457611083984,158921600
2015-05-22,29.332287976527272,29.637645799019854,29.28770731251996,29.54180145263672,182384000
2015-05-26,29.555160763671573,29.624255991868104,28.779502547789,28.890947341918945,282790400
2015-05-27,29.051428192419124,29.47937579485799,28.986791708108267,29.430339813232422,183332800
2015-05-28,29.390226139921843,29.410285389960727,29.220831248994983,29.372394561767578,122933200
2015-05-29,29.2497940857664,29.298830057828336,28.953350582309984,29.038049697875977,203538000
2015-06-01,29.038063936985065,29.285471589698393,28.986800268700676,29.09601402282715,128451200
2015-06-02,28.944435988545933,29.12274830190965,28.824077132614512,28.966726303100586,134670400
2015-06-03,29.12275218082411,29.185160988660087,28.953353930105084,29.002389907836914,123934000
2015-06-04,28.88203616955327,29.104925780306708,28.732700538471533,28.83300018310547,153800400
2015-06-05,28.86419923940893,28.90654880176201,28.610105266315358,28.674741744995117,142507200
2015-06-08,28.73046896160397,28.799567596586602,28.269089243973,28.485292434692383,210699200
2015-06-09,28.240102534870662,28.547691172028777,27.999383136870932,28.400583267211914,224301600
2015-06-10,28.512035774669872,28.82853858245965,28.496433571483404,28.726011276245117,156349200
2015-06-11,28.79288101971516,29.015770651641215,28.636858957572098,28.661376953125,141563600
2015-06-12,28.572219877291285,28.603424286898427,28.33149868845383,28.344871520996094,147544800
2015-06-15,28.106378922142444,28.360472936450034,28.01945211201157,28.289148330688477,175955600
2015-06-16,28.31366307517019,28.496432462748732,28.16655683663748,28.440710067749023,125976400
2015-06-17,28.46745736198288,28.503118810431552,28.249024825876823,28.373844146728516,131672400
2015-06-18,28.358239752616896,28.598959187451726,28.356010380850975,28.503116607666016,141628800
2015-06-19,28.465230620681456,28.489748612730004,28.17324578875584,28.217823028564453,218867600
2015-06-22,28.416196207326763,28.54324321836797,28.324812350513934,28.442943572998047,136157200
2015-06-23,28.413957158994865,28.442932184819604,28.280222084697023,28.313655853271484,121075600
2015-06-24,28.353787057350907,28.93107203097419,28.33372780871592,28.55438804626465,221123600
2015-06-25,28.721556532525405,28.797338186982362,28.418426513671875,28.418426513671875,127752400
2015-06-26,28.456307282890617,28.527631867968932,28.19775629967382,28.251249313354492,176267200
2015-06-29,27.963728508622573,28.18884747671424,27.745297656841196,27.756441116333008,196645600
2015-06-30,27.988249011637773,28.110838980636498,27.829997588347577,27.95704460144043,177482800
2015-07-01,28.284690588790067,28.29360637685433,28.081860236481678,28.217823028564453,120955200
2015-07-02,28.1799376806452,28.237889464067838,28.03282969976767,28.182167053222656,108844000
2015-07-06,27.847826850037865,28.13535463481475,27.827765902000436,28.084089279174805,112241600
2015-07-07,28.059570906282733,28.117522676977106,27.587044353914475,28.01499366760254,187787200
2015-07-08,27.74529618543428,27.780957634634593,27.31288984798471,27.319576263427734,243046400
2015-07-09,27.604872368561328,27.65167897329127,26.572894291677464,26.76235008239746,314380000
2015-07-10,27.179155852039294,27.604874064361603,27.016445710876685,27.477827072143555,245418000
2015-07-13,27.867877383088135,28.030587486574408,27.709626022443757,28.008298873901367,165762000
2015-07-14,28.093002544204097,28.166556512881268,27.87011296676723,27.997159957885742,127072400
2015-07-15,28.02168272503407,28.340414943131908,27.990478314913677,28.266860961914062,134596800
2015-07-16,28.47191709189912,28.656917568950988,28.384990283744607,28.64354133605957,144889600
2015-07-17,28.770588460709696,28.890947341918945,28.59896252546252,28.890947341918945,184658800
2015-07-20,29.191847091502144,29.637626229005697,29.13166595565219,29.437026977539062,235600800
2015-07-21,29.610878333636787,29.62647883373871,29.046968039348684,29.14280891418457,307025600
2015-07-22,27.190302192755343,27.972645175398085,27.190302192755343,27.910236358642578,461802400
2015-07-23,28.128663785055895,28.32703537147196,27.87456980469121,27.896860122680664,203998000
2015-07-24,27.93252526769736,28.0261384937987,27.616022436299836,27.749755859375,168649200
2015-07-27,27.435483242656442,27.551386800440692,27.21928173391012,27.364158630371094,177822000
2015-07-28,27.500118255615234,27.618251172130954,27.315121179871685,27.500118255615234,134472400
2015-07-29,27.448850173498315,27.526861180871986,27.252706268658887,27.41318702697754,148046800
2015-07-30,27.26385445887506,27.319576856125906,27.127891673541978,27.274999618530273,134513200
2015-07-31,27.326262085652413,27.335177872887087,26.94957985293466,27.03650665283203,171540000
2015-08-03,27.08108564980745,27.31957744718031,26.193984318156094,26.399044036865234,279904000
2015-08-04,26.171693835570665,26.23410264531658,25.242244703613594,25.552061080932617,496554400
2015-08-05,25.175379798653793,26.176155333337917,24.98592397756085,25.721460342407227,397250400
2015-08-06,25.965503257710353,26.084169161698966,25.551291471033448,25.777427673339844,211612000
2015-08-07,25.654290296722888,26.028200378207167,25.636378006922328,25.86475372314453,154681600
2015-08-10,26.090893208308163,26.865581851228313,26.090893208308163,26.805130004882812,219806400
2015-08-11,26.377483600648247,26.460326666452644,25.37441920642854,25.410242080688477,388331200
2015-08-12,25.195296388091382,25.84236287679192,24.545990436229246,25.802061080932617,404870000
2015-08-13,25.981183294483802,26.06178689470679,25.64533552962472,25.78191375732422,194143200
2015-08-14,25.596076779334183,26.041634321739092,25.526668790072872,25.96327018737793,171718000
2015-08-17,25.981181919757336,26.341658638289204,25.86027652582025,26.231948852539062,163538800
2015-08-18,26.0684984708707,26.294636399882883,25.974461525098807,26.084171295166016,138242800
2015-08-19,25.99461502304684,26.0886519813208,25.67667956895299,25.750566482543945,193146000
2015-08-20,25.54233904929411,25.602790887378635,24.99378674748932,25.222164154052734,274006400
2015-08-21,24.72510991580904,25.054240964055126,23.654875424376108,23.67950439453125,513102000
2015-08-24,21.241250669242508,24.360156748493395,20.598661378669732,23.08841323852539,648825200
2015-08-25,24.87736060051428,24.87736060051428,23.17349300701332,23.22722816467285,414406400
2015-08-26,23.97728792672692,24.604204367697577,23.520536520779867,24.559425354003906,387098400
2015-08-27,25.12812308238822,25.354259280563266,24.633306018698555,25.282611846923828,338464400
2015-08-28,25.114694413745738,25.36993856788894,24.97363897325923,25.365461349487305,212657600
2015-08-31,25.0833433106371,25.64308944077971,25.07662663038893,25.246789932250977,224917200
2015-09-01,24.66241280050252,25.04975613399898,24.037735965828585,24.11833953857422,307383600
2015-09-02,24.680331491377068,25.152755737304688,24.43404178394238,25.152755737304688,247555200
2015-09-03,25.18634321222938,25.251273985889615,24.63779253946582,24.711679458618164,212935600
2015-09-04,24.39822262625333,24.729591487792273,24.29522950938527,24.465391159057617,199985200
2015-09-08,25.020653553846913,25.20201076452285,24.700478679415603,25.14603614807129,219374400
2015-09-09,25.47069005988445,25.528902431337823,24.577333947496935,24.662416458129883,340043200
2015-09-10,24.689294389113005,25.36322955838487,24.606453012048803,25.204261779785156,251571200
2015-09-11,25.02961528162018,25.571449279785156,25.022898599461048,25.571449279785156,199662000
2015-09-14,26.10208772561707,26.171495714483527,25.716982029564473,25.81773567199707,233453600
2015-09-15,25.9565498932683,26.09088863465027,25.618462722692676,26.034914016723633,173364800
2015-09-16,26.02820320276611,26.09313397918189,25.846845946432154,26.064027786254883,148694000
2015-09-17,25.89610010440373,26.08193455236949,25.461736488332857,25.506515502929688,256450400
2015-09-18,25.123651498552046,25.59160027079234,25.047526825406674,25.40128517150879,297141200
2015-09-21,25.450532011149036,25.831160335413966,25.44829425694598,25.79533576965332,200888000
2015-09-22,25.385608201637265,25.56472766295323,25.193055378596025,25.390087127685547,201384800
2015-09-23,25.441578867258816,25.685629052681804,25.367693681038567,25.5960693359375,143026800
2015-09-24,25.356495492354682,25.860266925977626,25.15946550215974,25.74831771850586,200878000
2015-09-25,26.070746330424043,26.126720964965,25.52891056982775,25.683401107788086,224607600
2015-09-28,25.49084207726823,25.6520492591599,25.175146102905273,25.175146102905273,208436000
2015-09-29,25.262461655254562,25.41471266435041,24.149686123684695,24.418363571166992,293461600
2015-09-30,24.666900779931463,24.97364238272563,24.344488056487112,24.696008682250977,265892000
2015-10-01,24.420610855358852,24.543755721351502,24.026548992392478,24.534799575805664,255716400
2015-10-02,24.18328027252638,24.854975850553252,24.08028715554748,24.713918685913086,232079200
2015-10-05,24.601963551958388,24.935573506011238,24.420606335797018,24.8034725189209,208258800
2015-10-06,24.769887185785613,25.018414624790967,24.577334364426335,24.922138214111328,192787200
2015-10-07,25.018414847610984,25.02513152847477,24.49673270474276,24.8034725189209,187062400
2015-10-08,24.671374349752824,24.671374349752824,24.228054602494883,24.516883850097656,247918400
2015-10-09,24.628840546406714,25.13932896805494,24.514651807392653,25.103506088256836,211064400
2015-10-12,25.240082239836674,25.24455945885989,24.95125292884764,24.987075805664062,121868800
2015-10-13,24.812427895180186,25.177381779236768,24.78108224664574,25.02960968017578,132197200
2015-10-14,24.917660669581448,24.969156360543135,24.53031556893734,24.67584991455078,177849600
2015-10-15,24.83705861516678,25.099019428488592,24.738542736703256,25.045284271240234,150694000
2015-10-16,25.027373018721345,25.07663095999206,24.747499905328574,24.8616886138916,156930400
2015-10-19,24.807950583162174,25.020653441438615,24.653460095822826,25.016176223754883,119036800
2015-10-20,24.9288574995095,25.5624906474361,24.8124310342536,25.472930908203125,195871200
2015-10-21,25.524428749430527,25.878188785928117,25.457258516805933,25.470693588256836,167180800
2015-10-22,25.59831067247697,25.860271453857422,25.54681327641116,25.860271453857422,166616400
2015-10-23,26.128949567336736,26.69541410535258,26.04610823049042,26.661828994750977,237467600
2015-10-26,26.437932499887086,26.44912639877976,25.730412494613237,25.811016082763672,265335200
2015-10-27,25.837879165546948,26.09312323910901,25.52218155928313,25.647565841674805,279537600
2015-10-28,26.180454494192944,26.711094611323404,25.985662163249067,26.704376220703125,342205600
2015-10-29,26.57675364071474,27.02231292542602,26.480477208786336,26.986488342285156,204909200
2015-10-30,27.08947331326267,27.140970708994747,26.7446694911273,26.7558650970459,197461200
2015-11-02,27.0469306263907,27.172313198705236,26.780490952012876,27.13201141357422,128813200
2015-11-03,27.044696394084855,27.649221579751767,27.024544643517416,27.443235397338867,182076000
2015-11-04,27.5686193690615,27.72310986768225,27.230533892435876,27.315614700317383,179544400
2015-11-05,27.398820027524334,27.587700764580234,27.02330931886441,27.1897029876709,158210800
2015-11-06,27.232412046281897,27.389811148169457,27.122232674960603,27.221168518066406,132169200
2015-11-09,27.198688386196107,27.389816393813046,26.994069514554077,27.110994338989258,135485600
2015-11-10,26.2857689753872,26.548851106859324,26.09688830871263,26.25653648376465,236511600
2015-11-11,26.16659467545191,26.402693360504724,25.90575988184487,26.108131408691406,180872000
2015-11-12,26.141856323623546,26.267775603249774,26.00469351595004,26.02043342590332,130102400
2015-11-13,25.90350867239789,25.986706325252037,25.2446780272083,25.260417938232422,183249600
2015-11-16,25.04455815911912,25.687648959867616,24.95911316407321,25.674158096313477,152426800
2015-11-17,25.84055118563602,25.869783676779644,25.48078053539041,25.56397819519043,110467600
2015-11-18,26.029435702858247,26.418437186317135,25.970972427437328,26.37346649169922,186698800
2015-11-19,26.45216320271426,26.926611356339105,26.254289766076003,26.708499908447266,173183200
2015-11-20,26.802940947325766,26.9648381846964,26.724241377915583,26.825428009033203,137148400
2015-11-23,26.818676039591114,26.922111701387607,26.38470224569791,26.47689437866211,129930000
2015-11-24,26.382458502037952,26.83666865100473,26.3352387624564,26.730985641479492,171212800
2015-11-25,26.80518713090661,26.80968522897599,26.515121564214937,26.53985595703125,85553200
2015-11-27,26.598317098803424,26.62530053849919,26.443165322715622,26.490385055541992,52185600
2015-11-30,26.53086387650366,26.850161962966027,26.47689870344151,26.600570678710938,156721200
2015-12-01,26.701757463985018,26.715248329315557,26.27677805085262,26.384708404541016,139409600
2015-12-02,26.384702391262085,26.557843129313408,26.10138399075898,26.14635467529297,133546400
2015-12-03,26.207069197908513,26.26103436700735,25.683152272821975,25.90351104736328,166278000
2015-12-04,25.923745368827685,26.814178252091146,25.883271068882912,26.76470947265625,231108000
2015-12-07,26.753472087127797,26.951345522090133,26.4903882361906,26.596071243286133,128336800
2015-12-08,26.425181333962087,26.66802719034269,26.27677667652191,26.58483123779297,137238000
2015-12-09,26.45216550415493,26.46340903533202,25.876532390745435,25.997955322265625,185445600
2015-12-10,26.092391310160515,26.29476283556294,25.973217443957356,26.12162208557129,116850800
2015-12-11,25.901269381380548,25.946240079549515,25.37510329208836,25.44930648803711,187544800
2015-12-14,25.224450498890103,25.336878963992035,24.68704257294465,25.291908264160156,257274800
2015-12-15,25.170478224407994,25.36385526714267,24.812954914041605,24.84443473815918,213292400
2015-12-16,24.97485001384019,25.181717902068765,24.464425724218568,25.035560607910156,224954000
2015-12-17,25.188463284911673,25.240181114630843,24.504899978637695,24.504899978637695,179091200
2015-12-18,24.48916064131487,24.626321743127676,23.792103025803446,23.841571807861328,385813200
2015-12-21,24.122646621391503,24.142884633341986,23.738141549551425,24.13389015197754,190362400
2015-12-22,24.149629677488637,24.221583811726266,23.936014608439336,24.111404418945312,131157600
2015-12-23,24.12039802626552,24.475672327001043,24.10465811246189,24.421707153320312,130629600
2015-12-24,24.509394049651306,24.509394049651306,24.27329369599196,24.291282653808594,54281600
2015-12-28,24.19235177181853,24.214838833050326,23.87530445160877,24.01921272277832,106816800
2015-12-29,24.05069416517501,24.606090990672588,24.02820881795496,24.450939178466797,123724800
2015-12-30,24.414961549941072,24.441943278831367,24.10016156055282,24.131641387939453,100855200
2015-12-31,24.061939474872332,24.066435858439842,23.56950227140555,23.668439865112305,163649200
2016-01-04,23.07256933661158,23.693174933323267,22.935406474375988,23.688676834106445,270597600
2016-01-05,23.778617922466307,23.80110327006872,23.027596676308974,23.09505271911621,223164000
2016-01-06,22.61161137016284,23.018603562708613,22.45646126161648,22.643091201782227,273829600
2016-01-07,22.188884073660017,22.51492596758185,21.68295593207775,21.68745231628418,324377600
2016-01-08,22.15964349622422,22.285562784635363,21.75714952445672,21.802120208740234,283192000
2016-01-11,22.25409087375768,22.274327174222677,21.887572976017267,22.155153274536133,198957600
2016-01-12,22.609360561798336,22.64084038858028,22.22485377727822,22.476694107055664,196616800
2016-01-13,22.557645994841828,22.75327213152083,21.878578855815334,21.898815155029297,249758400
2016-01-14,22.026978054731973,22.593618309183817,21.527795545269733,22.37775421142578,252680400
2016-01-15,21.631234109298173,21.970768524584226,21.44235512788156,21.840351104736328,319335600
2016-01-19,22.128166363980363,22.18213153478481,21.473832020329265,21.73466682434082,212350800
2016-01-20,21.383888277826035,22.078696907422867,21.006128662589358,21.763896942138672,289337600
2016-01-21,21.824610870057498,22.00899346539293,21.347915324592353,21.65372085571289,208646000
2016-01-22,22.177637836140885,22.81398334392271,22.11917627097245,22.804988861083984,263202000
2016-01-25,22.8274708513021,22.829719900561372,22.308051981335268,22.359769821166992,207178000
2016-01-26,22.469947628263718,22.683560973693744,22.051713702760832,22.48343849182129,300308000
2016-01-27,21.59525784779332,21.7279226012767,20.988143161324587,21.006132125854492,533478800
2016-01-28,21.08932801960842,21.253472589399497,20.774528029001694,21.156784057617188,222715200
2016-01-29,21.31418722953494,21.887571334838867,21.21524963773195,21.887571334838867,257666000
2016-02-01,21.69195117980861,21.745916369797946,21.4513543015165,21.68295669555664,163774000
2016-02-02,21.455842520865982,21.59525440043462,21.19950582156241,21.244478225708008,149428800
2016-02-03,21.361404404872772,21.77514025621137,21.154536479203475,21.664960861206055,183857200
2016-02-04,21.671744236953774,22.004077747075282,21.520273040791043,21.839040756225586,185886800
2016-02-05,21.820958604606492,21.911389779923056,21.181161790749695,21.255765914916992,185672400
2016-02-08,21.05454651054612,21.635564224522057,21.034200412212833,21.479572296142578,216085600
2016-02-09,21.316804363453706,21.689831825380146,21.235416490857723,21.47505760192871,177324800
2016-02-10,21.685306155065295,21.78251933732667,21.2738460702259,21.312278747558594,169374400
2016-02-11,21.203769923102755,21.414021680292983,20.93247638730467,21.183422088623047,200298800
2016-02-12,21.294194097976302,21.364277419045337,21.027423157507165,21.248977661132812,161405600
2016-02-16,21.481838095692634,21.8955594642295,21.389147412617355,21.84808349609375,196231600
2016-02-17,21.854861744532556,22.2030205087076,21.737302471158245,22.182674407958984,179452800
2016-02-18,22.34545201182724,22.356756552852104,21.72374020173718,21.762174606323242,156084000
2016-02-19,21.703393388467173,21.87521240241181,21.65817867550683,21.71243667602539,141496800
2016-02-22,21.77347990186447,21.906866256857242,21.685309991289156,21.90234375,137123200
2016-02-23,21.793827642035104,21.816435001733918,21.37558545069863,21.407236099243164,127770400
2016-02-24,21.246723281335353,21.789306856288324,21.097511590841503,21.72600555419922,145022800
2016-02-25,21.714695354094964,21.87520980834961,21.53383307403958,21.87520980834961,110330800
2016-02-26,21.974685190956883,22.16006827445675,21.83451854540256,21.90912437438965,115964400
2016-02-29,21.897822942876612,22.207549118665032,21.850346969915936,21.859390258789062,140865200
2016-03-01,22.0764262763929,22.78178563236835,22.024427791259015,22.727527618408203,201628400
2016-03-02,22.72299992186078,22.808908561560344,22.526312309459705,22.777257919311523,132678400
2016-03-03,22.73882128464533,22.99428763113408,22.70943017565161,22.94681167602539,147822800
2016-03-04,23.143503603927808,23.45548924963451,22.917426599112055,23.288192749023438,184220400
2016-03-07,23.148019617029657,23.24749403060449,22.824729497741757,23.030460357666016,143315600
2016-03-08,22.784037853178436,23.005594053327982,22.698129221397846,22.840557098388672,126247600
2016-03-09,22.90386196851119,22.96490372881502,22.668741664588698,22.86090850830078,108806800
2016-03-10,22.92647500614705,23.114117651176542,22.64161743351319,22.872215270996094,134054400
2016-03-11,23.114108857624146,23.12315214337554,22.9468123832994,23.11863136291504,109632800
2016-03-14,23.03950665735078,23.26558364517761,23.01011554504175,23.177412033081055,100304400
2016-03-15,23.502966698023478,23.778780937290975,23.478098087936687,23.64313507080078,160270800
2016-03-16,23.6499173154633,24.034247561404328,23.645394809136018,23.957382202148438,153214000
2016-03-17,23.855649918078527,24.07042415372728,23.72904732010859,23.91895294189453,137682800
2016-03-18,24.041027365546956,24.07720051348592,23.781040195265838,23.946075439453125,176820800
2016-03-21,23.948336012271906,24.337188717419153,23.76973498026448,23.943815231323242,142010800
2016-03-22,23.7946100413969,24.25580744062793,23.785566752216166,24.126943588256836,129777600
2016-03-23,24.072685324609076,24.206069957750973,23.94156022011529,23.99355697631836,102814000
2016-03-24,23.844340269617827,24.020680044797334,23.713215202237485,23.889554977416992,104532000
2016-03-28,23.96416777588685,24.007122968185787,23.751654792720785,23.78104591369629,77645600
2016-03-29,23.71321250417818,24.368836041653328,23.71095125159634,24.34396743774414,124760400
2016-03-30,24.563260439777775,24.96341587383745,24.55195590258623,24.76898956298828,182404400
2016-03-31,24.805173720975407,24.84586765817955,24.615268105745745,24.64013671875,103553600
2016-04-01,24.59266360948024,24.868477913218012,24.461538493796517,24.8662166595459,103496000
2016-04-04,24.963422460395734,25.36357972486646,24.92951056470371,25.12167739868164,149424800
2016-04-05,24.757695581568516,25.03350982905374,24.737347752331807,24.825517654418945,106314800
2016-04-06,24.92047117717879,25.090028945605624,24.68761039301472,25.085506439208984,105616400
2016-04-07,24.857164496052718,24.96342095790476,24.443444912968943,24.53839683532715,127207600
2016-04-08,24.622048122439764,24.816472765264848,24.454749892241516,24.565528869628906,94326800
2016-04-11,24.63560880698267,25.0063749165034,24.60395816774289,24.64691162109375,117630000
2016-04-12,24.719264677422768,24.981514892447922,24.565533933922453,24.96795082092285,108929200
2016-04-13,25.049344357041484,25.397501586909545,25.049344357041484,25.329679489135742,133029200
2016-04-14,25.234720905280778,25.40879947460225,25.1691583538963,25.343236923217773,101895600
2016-04-15,25.34549689092723,25.388452080131696,24.807434160943167,24.834562301635742,187756000
2016-04-18,24.617529101873007,24.631093172522302,24.176679557461316,24.29876136779785,243286000
2016-04-19,24.389192283203197,24.416322150976796,24.01616651909479,24.169898986816406,129539600
2016-04-20,24.108853935186644,24.436664933233505,23.977728846035568,24.21963119506836,122444000
2016-04-21,24.17441593542663,24.17441593542663,23.85564650775408,23.957382202148438,126210000
2016-04-22,23.740347814241954,24.072681302070844,23.652177916429892,23.89181900024414,134732400
2016-04-25,23.73808751165138,23.88503792216586,23.627310252882967,23.756174087524414,112126400
2016-04-26,23.49166421544458,23.80591113845957,23.49166421544458,23.591136932373047,224064800
2016-04-27,21.70339656246717,22.316065154282096,21.631051976252184,22.114856719970703,458408400
2016-04-28,22.067372700027654,22.128412721675506,21.307753959352375,21.438879013061523,328970800
2016-04-29,21.2489783607375,21.414015342196215,20.914385341232986,21.192459106445312,274126000
2016-05-02,21.24445904522221,21.269327656813207,20.889518172769012,21.16985321044922,192640400
2016-05-03,21.2964510765115,21.644609836785463,21.178891804454427,21.518007278442383,227325200
2016-05-04,21.52252786906403,21.680782790425525,21.210542256689823,21.294191360473633,164102000
2016-05-05,21.38062881628272,21.396550491732608,21.080390268275877,21.207763671875,143562000
2016-05-06,21.237336027241078,21.255530990193993,20.891605701145775,21.08949089050293,174799600
2016-05-09,21.15316891203059,21.32830728893898,21.05991217311499,21.105403900146484,131745600
2016-05-10,21.228227306812844,21.282815639667177,20.950733867194614,21.24869728088379,134747200
2016-05-11,21.262349563852535,21.28281954167646,21.030346069855238,21.041719436645508,114876400
2016-05-12,21.0894876117092,21.103134265635397,20.350263778278634,20.548147201538086,305258800
2016-05-13,20.470813392773838,20.850660291471097,20.470813392773838,20.589088439941406,177571200
2016-05-16,21.014423559058507,21.469330447204086,20.846108496337617,21.353328704833984,245039200
2016-05-17,21.505725491322284,21.539842122301142,21.155446952171033,21.264623641967773,187667600
2016-05-18,21.417015622495832,21.655840680797656,21.355602225123974,21.50799560546875,168249600
2016-05-19,21.5261912802587,21.5261912802587,21.28281619309525,21.426111221313477,121768400
2016-05-20,21.526199567022662,21.70588804415121,21.498904521712273,21.658123016357422,128104000
2016-05-23,21.805972362572156,22.10621097777306,21.76048061158241,21.933345794677734,152074400
2016-05-24,22.113033624730924,22.31091709560278,22.02660016818201,22.267702102661133,140560800
2016-05-25,22.442834624557907,22.686209780582036,22.31546123010262,22.658916473388672,152675200
2016-05-26,22.67256974908665,22.91139666877815,22.436017850769858,22.838611602783203,225324800
2016-05-27,22.617975124751148,22.85225193686595,22.574758407254578,22.8249568939209,145364800
2016-05-31,22.654366400203152,22.836329879454723,22.47695296236566,22.713504791259766,169228800
2016-06-01,22.522440595846764,22.64071736552092,22.365498890213363,22.39506721496582,116693200
2016-06-02,22.19945057387934,22.254038901726506,21.978820507360318,22.22674560546875,160766400
2016-06-03,22.242677078014257,22.35185378183391,22.165341988753955,22.272245407104492,114019600
2016-06-06,22.28816291833011,23.17523171397771,22.18808458108011,22.433732986450195,93170000
2016-06-07,22.574759284625802,22.715781075657503,22.50879756311093,22.52471923828125,89638000
2016-06-08,22.522434989227115,22.64526003392923,22.445101665895265,22.504240036010742,83392400
2016-06-09,22.40417098762951,22.743076235457888,22.395072638887008,22.665742874145508,106405600
2016-06-10,22.410990330271307,22.597502107995926,22.399618697864703,22.47922706604004,126851600
2016-06-13,22.447385329224215,22.545190398665728,22.085733380235403,22.140321731567383,152082000
2016-06-14,22.135768733001132,22.39961555661814,22.00612034148782,22.167612075805664,127727600
2016-06-15,22.249497985695854,22.383696433074892,22.069809539227236,22.094829559326172,117780800
2016-06-16,21.937883477740435,22.23357364230803,21.851451795717487,22.18808364868164,125307200
2016-06-17,21.976551120458073,21.983374445732636,21.67631266105356,21.683135986328125,244032800
2016-06-20,21.835531591109053,21.965179990517978,21.614901463004077,21.630823135375977,137647600
2016-06-21,21.59443710572884,21.915145657075037,21.53529870638396,21.815067291259766,142185600
2016-06-22,21.892393901115703,22.037963965891365,21.687685455233666,21.733177185058594,116876400
2016-06-23,21.821892333970826,21.901500722807267,21.664948842169895,21.85828399658203,128960800
2016-06-24,21.13270605917647,21.530749694370524,21.073567661768816,21.244157791137695,301245600
2016-06-27,21.153175325125847,21.16454869416482,20.8119950779464,20.9348201751709,181958400
2016-06-28,21.130428958218253,21.303294091522243,20.957563824914264,21.287370681762695,161779600
2016-06-29,21.373805947279248,21.505729395454093,21.296470853912698,21.47161102294922,146124000
2016-06-30,21.480711242995028,21.783223109388135,21.448867888637857,21.744556427001953,143345600
2016-07-01,21.719527011196217,21.942432130665885,21.68313536566291,21.810508728027344,104106000
2016-07-05,21.696791923783735,21.699066944959693,21.48526007307021,21.605810165405273,110820800
2016-07-06,21.517096377173566,21.7581982181687,21.4647830545983,21.728628158569336,123796400
2016-07-07,21.767290273663196,21.94925369270956,21.74909532002398,21.821880340576172,100558400
2016-07-08,21.94698904187908,22.037970794387704,21.846910675918924,21.990205764770508,115648400
2016-07-11,22.006124190812585,22.21083266988661,22.001575884758644,22.058439254760742,95179600
2016-07-12,22.101652564474037,22.222202622108583,22.090280932533013,22.15851593017578,96670000
2016-07-13,22.15624565760046,22.215382316531976,22.026595500252867,22.03342056274414,103568800
2016-07-14,22.15169380085942,22.51561901394798,22.13577212701593,22.470129013061523,155676000
2016-07-15,22.49969307309328,22.586126487850887,22.40416304814937,22.467849731445312,120548000
2016-07-18,22.449660537981696,22.774919123726548,22.426915534255787,22.706684112548828,145975600
2016-07-19,22.645262793249994,22.74534285712758,22.595222761311202,22.715774536132812,95119600
2016-07-20,22.74534827125444,22.84997666506233,22.68620987985612,22.736249923706055,105104000
2016-07-21,22.70668150786607,22.97280166513089,22.547463029383575,22.615699768066406,130808000
2016-07-22,22.577034955196268,22.586133303460066,22.360953088429195,22.440563201904297,113254800
2016-07-25,22.347305239005255,22.481501964223952,22.04479168290332,22.140321731567383,161531600
2016-07-26,22.022046760958748,22.28361862067683,21.931065018187365,21.98792839050293,224959200
2016-07-27,23.71658039183368,23.734777091927548,23.370851766714377,23.41634178161621,369379200
2016-07-28,23.38903898239771,23.75751246554949,23.386763961975305,23.732492446899414,159479200
2016-07-29,23.698374515782017,23.78025789317055,23.582372775259596,23.702922821044922,110934800
2016-08-01,23.748417340119882,24.144185887101667,23.748417340119882,24.121440887451172,152671600
2016-08-02,24.12144132758002,24.12598963346021,23.655161017241863,23.764339447021484,135266400
2016-08-03,23.839390813338255,24.073667542742744,23.830292468902034,24.06229591369629,120810400
2016-08-04,24.14463370444234,24.240681268089364,24.076027304846914,24.210952758789062,109634800
2016-08-05,24.302424706416335,24.618012038856754,24.28184383416143,24.57913589477539,162213600
2016-08-08,24.588279156253062,24.782663345336914,24.505953931304926,24.782663345336914,112148800
2016-08-09,24.750649168770092,24.91301577419259,24.70033804559322,24.883285522460938,105260800
2016-08-10,24.860414223228336,24.903865050535522,24.643163576158123,24.698047637939453,96034000
2016-08-11,24.81696485819469,24.9107268079648,24.663745898296824,24.68204116821289,109938000
2016-08-12,24.647741233881806,24.798674613556432,24.647741233881806,24.739215850830078,74641600
2016-08-15,24.730065079268527,25.05022532562946,24.716344499122467,25.0365047454834,103472800
2016-08-16,25.070803224154627,25.20801598828304,24.974755685050955,25.01363182067871,135177600
2016-08-17,24.949604060454995,25.011350162991647,24.77580247796874,24.977046966552734,101424000
2016-08-18,24.97933149762833,25.063944061948497,24.931305981184153,24.94502830505371,87938800
2016-08-19,24.8741382751019,25.084530406646195,24.78037806249972,25.009063720703125,101472400
2016-08-22,24.89472355416963,24.9496076294832,24.663750526155635,24.81468391418457,103280800
2016-08-23,24.832974407753408,24.999915703376054,24.819253826785246,24.892433166503906,85030800
2016-08-24,24.82839690386297,24.869560383942947,24.62486684811553,24.704906463623047,94700400
2016-08-25,24.558548889937846,24.670604356571072,24.396182307137458,24.599712371826172,100344800
2016-08-26,24.563121397811965,24.686610087776163,24.311565839318675,24.455638885498047,111065200
2016-08-29,24.382463338384497,24.56998549165305,24.30699665914969,24.428199768066406,99881200
2016-08-30,24.19494235533743,24.355021611699517,24.12633596276337,24.240678787231445,99455600
2016-08-31,24.16292359563958,24.371026603861498,24.158348906160995,24.2635440826416,118649600
2016-09-01,24.272695936319277,24.423629310159114,24.153780160196813,24.407621383666992,106806000
2016-09-02,24.629437100093668,24.69804347430421,24.42819441099936,24.63629913330078,107210000
2016-09-06,24.675174656176917,24.766649237958383,24.585987418741436,24.629436492919922,107521600
2016-09-07,24.659173322599212,24.871851040543895,24.48537174525884,24.780376434326172,169457200
2016-09-08,24.526535907357516,24.531108852664694,24.066877263365704,24.130908966064453,212008000
2016-09-09,23.929658666757355,24.176639508953045,23.58434295654297,23.58434295654297,186228000
2016-09-12,23.474578696292678,24.17664346358425,23.44713579442676,24.112611770629883,181171200
2016-09-13,24.585996391162194,24.878713763901224,24.524250284414737,24.686616897583008,248704800
2016-09-14,24.864989328027217,25.848336490600545,24.835259079485677,25.560192108154297,443554800
2016-09-15,26.038148864713218,26.465791668436328,25.953534544107114,26.429201126098633,359934400
2016-09-16,26.326288172101272,26.557259383053502,26.079307293432148,26.280550003051758,319547600
2016-09-19,26.34230325991154,26.568701587903128,25.898652495493096,25.974119186401367,188092000
2016-09-20,25.852905099301932,26.0975985961602,25.729414678728716,25.971820831298828,138057200
2016-09-21,26.035863107336294,26.067878961467603,25.713417220804327,25.96725845336914,144012800
2016-09-22,26.150202295608366,26.285127728976082,26.070162671440883,26.21194839477539,124296000
2016-09-23,26.166212094527168,26.250826414554755,25.509885384613206,25.77515983581543,209924800
2016-09-26,25.53046569958347,25.930665585095237,25.50988482865758,25.814035415649414,119477600
2016-09-27,25.84147014571746,25.8826336192787,25.690536827748755,25.862051010131836,98429600
2016-09-28,25.999270255845023,26.21652090998505,25.939811502552825,26.058727264404297,118564400
2016-09-29,25.878068157050905,26.024426828753022,25.567055543500654,25.653955459594727,143548000
2016-09-30,25.717979875247178,25.926084588559075,25.5670483011294,25.8529052734375,145516400
2016-10-03,25.775165090060305,25.852919135479844,25.676830169070946,25.731714248657227,86807200
2016-10-04,25.855198928409468,26.1410559897787,25.75686402950913,25.84147834777832,118947200
2016-10-05,25.932944876737267,25.992403615502454,25.77057832583417,25.8529052734375,85812400
2016-10-06,26.001556875263983,26.147915547003027,25.87120612872349,26.045007705688477,115117200
2016-10-07,26.141060429552144,26.198231851535933,25.95811292604403,26.08388900756836,97433600
2016-10-10,26.303427037998336,26.699054045498674,26.234822378511574,26.53897476196289,144944000
2016-10-11,26.916298399358585,27.142698433019806,26.57326994867143,26.596139907836914,256164000
2016-10-12,26.83625836838792,26.980331432114724,26.69904733914617,26.83397102355957,150347200
2016-10-13,26.708193309155366,26.8568393085417,26.463499769759196,26.751644134521484,140769600
2016-10-14,26.9574609419741,27.02377998282595,26.78594672261918,26.90028953552246,142608800
2016-10-17,26.83168313390328,26.948311539203715,26.705905350070164,26.881994247436523,94499600
2016-10-18,27.02607512791094,27.032935419507904,26.85913380520686,26.86370849609375,98214000
2016-10-19,26.813389391663282,26.930019548331323,26.024424687413664,26.783660888671875,80138400
2016-10-20,26.724210610632856,26.84312640503255,26.603007470744686,26.769947052001953,96503200
2016-10-21,26.712767195159202,26.735637153357494,26.59156409353278,26.664743423461914,92770800
2016-10-24,26.779087467944834,26.92544613453879,26.756219253426952,26.904865264892578,94154800
2016-10-25,26.97347543055382,27.06723739742523,26.827116733996778,27.042081832885742,192516000
2016-10-26,26.141053806189035,26.458926692300718,25.912368176196,26.43377113342285,264536800
2016-10-27,26.388032733760703,26.495515250984237,26.093028083742734,26.179929733276367,138248000
2016-10-28,26.040431502214226,26.34686938759582,25.944382218308068,26.006128311157227,151446800
2016-10-31,25.99011946920089,26.122757539408344,25.88720989966778,25.964963912963867,105677600
2016-11-01,25.94667147935056,26.01756346663362,25.276622510848522,25.49616050720215,175303200
2016-11-02,25.475578628218926,25.692829271127486,25.436702491232396,25.519027709960938,113326800
2016-11-03,25.50983388565465,25.620165575193028,25.181134398016813,25.245494842529297,107730400
2016-11-04,24.946684542339323,25.3420436904821,24.850143844404315,25.017940521240234,123348000
2016-11-07,25.302962463940972,25.401802229569288,25.160448783314564,25.378816604614258,130240000
2016-11-08,25.35582443787792,25.67992747572107,25.215609872331793,25.52821922302246,97016800
2016-11-09,25.256996638313893,25.58799534354575,24.83635449638822,25.48685646057129,236705600
2016-11-10,25.535118842363453,25.535118842363453,24.326057817339162,24.776582717895508,228538000
2016-11-11,24.62257699264575,25.02483155418706,24.49155700560564,24.92369270324707,136575600
2016-11-14,24.758194790163717,24.781180415658593,23.923804484233084,24.29847526550293,204702000
2016-11-15,24.496147238957615,24.7512916366715,24.40190567741561,24.620271682739258,129058000
2016-11-16,24.526035433304067,25.337441850694617,24.50304980828329,25.28227424621582,235362000
2016-11-17,25.2409025034555,25.365026998161273,25.015640895563948,25.273082733154297,110528000
2016-11-18,25.22021696552083,25.40870192710526,25.206425939014256,25.298368453979492,113715600
2016-11-21,25.312157547067688,25.741994178360056,25.286872833028042,25.682231903076172,117058400
2016-11-22,25.73279985776237,25.84083422734658,25.60637803987788,25.698322296142578,103862000
2016-11-23,25.597181932717977,25.631661245999794,25.360426670508605,25.56730079650879,109705600
2016-11-25,25.5443156508187,25.71441314355612,25.50294082200296,25.69602394104004,45903600
2016-11-28,25.613274179311368,25.852328549976207,25.604079578090698,25.64545440673828,108776000
2016-11-29,25.4638639786802,25.75118867920456,25.300663759225262,25.620168685913086,114115200
2016-11-30,25.652349384804452,25.790264892859526,25.34663547692697,25.40410041809082,144649200
2016-12-01,25.36962276149973,25.500642756715852,25.06160976609378,25.16734504699707,148347600
2016-12-02,25.093796330762313,25.305266945980797,25.02024125791713,25.261594772338867,106112000
2016-12-05,25.28457113517083,25.291466646708102,24.882316594384022,25.07999610900879,137298000
2016-12-06,25.169646531078318,25.36732608705147,25.09839055870113,25.273082733154297,104782000
2016-12-07,25.114473229295417,25.55810255429244,25.091487608279657,25.521324157714844,119994800
2016-12-08,25.48225161015469,25.84313134162784,25.422487585094927,25.771875381469727,108273200
2016-12-09,25.815548378456956,26.364913049538554,25.815548378456956,26.19251823425293,137610400
2016-12-12,26.040816526848793,26.433876567981944,25.85692798837771,26.043115615844727,105497600
2016-12-13,26.167232723536717,26.645341417576397,26.146546188104477,26.4775447845459,174935200
2016-12-14,26.443065471801468,26.709701866064297,26.429274448179974,26.4775447845459,136127200
2016-12-15,26.521227063215235,26.831539242625553,26.486749491006414,26.622365951538086,186098000
2016-12-16,26.771769262467373,26.778664775381205,26.583284310161684,26.65683937072754,177404400
2016-12-19,26.61776304923679,26.980940166427025,26.60626935883651,26.81084442138672,111117600
2016-12-20,26.833830714724026,27.008524641738106,26.82003968885404,26.88210105895996,85700000
2016-12-21,26.84763020566107,26.985545759910035,26.843032026760966,26.907392501831055,95132800
2016-12-22,26.74418157253058,26.780959974316932,26.58098136040775,26.730390548706055,104343600
2016-12-23,26.569490683491168,26.783260345458984,26.569490683491168,26.783260345458984,56998000
2016-12-27,26.783260200445167,27.077482185425456,26.77636468778853,26.953357696533203,73187600
2016-12-28,27.01312066806544,27.128050558465752,26.709705827556252,26.838428497314453,83623600
2016-12-29,26.767159802568507,26.918868037492842,26.75566787045287,26.83152198791504,60158000
2016-12-30,26.813150034986606,26.939571891698805,26.53272075641242,26.622365951538086,122345200
2017-01-03,26.617759202470722,26.739584586867494,26.37870485695846,26.698209762573242,115127600
2017-01-04,26.629263022386656,26.780971363737862,26.606277388340207,26.668338775634766,84472400
2017-01-05,26.64534933722547,26.861418124533508,26.620064617277027,26.803953170776367,88774400
2017-01-06,26.843023377261122,27.160230978882005,26.771767410492767,27.102766036987305,127007600
2017-01-09,27.111958815476992,27.452152042252223,27.10966148046446,27.35101318359375,134247600
2017-01-10,27.300445927950253,27.440660537275928,27.19241330196169,27.378599166870117,97848400
2017-01-11,27.293552170456085,27.567085893732344,27.261371938740186,27.525711059570312,110354400
2017-01-12,27.330325573753196,27.422269827680637,27.17172177957063,27.410776138305664,108344800
2017-01-13,27.378600796933377,27.49582978544724,27.30964215576261,27.362510681152344,104447600
2017-01-17,27.201603792195478,27.63833769713795,27.174021742713133,27.583171844482422,137759200
2017-01-18,27.583172578128174,27.698102463870374,27.51651303395479,27.580873489379883,94852000
2017-01-19,27.445261934895594,27.603864012846792,27.438366421118307,27.532608032226562,102389200
2017-01-20,27.686608037422893,27.686608037422893,27.521110479456304,27.583171844482422,130391600
2017-01-23,27.583173296916232,27.769359155489322,27.530304776473134,27.6015625,88200800
2017-01-24,27.479730395025996,27.60615218958252,27.46823670747972,27.576271057128906,92844000
2017-01-25,27.67970766994714,28.06587207818311,27.64752744873502,28.015302658081055,129510400
2017-01-26,27.96703349297355,28.14402647071442,27.950943381696252,28.029096603393555,105350400
2017-01-27,28.075072691489556,28.123343033647554,27.95094820293003,28.03139877319336,82251600
2017-01-30,27.79694453598871,27.95784568786621,27.734883164176253,27.95784568786621,121510000
2017-01-31,27.8475147650129,27.902680625274698,27.725689353159677,27.89348602294922,196804000
2017-02-01,29.199083322907335,29.994399589197755,29.19448689960036,29.59444236755371,447940000
2017-02-02,29.417449126148693,29.741550434731863,29.371476127763817,29.54387092590332,134841600
2017-02-03,29.49330273313571,29.695580427074365,29.458825175024025,29.67029571533203,98029200
2017-02-06,29.6817982099701,29.996705025422536,29.628927928671317,29.94843292236328,107383600
2017-02-07,30.005891327070383,30.362174654170975,29.985204790579903,30.23345375061035,152735200
2017-02-08,30.192088605538622,30.39206552555346,30.162205706729054,30.350688934326172,92016400
2017-02-09,30.39223551339761,30.576921288465538,30.269881935965092,30.569995880126953,113399600
2017-02-10,30.57923580025104,30.6900458696423,30.484583844738975,30.500741958618164,80262000
2017-02-13,30.722361832911705,30.893196790880747,30.64617881878719,30.77083969116211,92141600
2017-02-14,30.812400869844556,31.186387072747426,30.761612185180123,31.170228958129883,132904800
2017-02-15,31.28566462431737,31.458806948169894,31.07789172214058,31.283353805541992,142492400
2017-02-16,31.320273015538135,31.373368976886645,31.12866186861634,31.246400833129883,90338400
2017-02-17,31.188693542675402,31.357217687790786,31.188693542675402,31.331823348999023,88792800
2017-02-21,31.44956263755282,31.56960893757079,31.391848544431117,31.55806541442871,98028800
2017-02-22,31.495733424214876,31.655024885940847,31.421861216256996,31.65271759033203,83347600
2017-02-23,31.715045293392897,31.738128813968785,31.465720022091123,31.518815994262695,83152800
2017-02-24,31.375670695747065,31.548812866210938,31.23023014532974,31.548812866210938,87106400
2017-02-27,31.65963975449692,31.728897364137968,31.4611031522397,31.61115837097168,81029600
2017-02-28,31.645780034968617,31.72888843864139,31.558053519261975,31.625003814697266,93931600
2017-03-01,31.83277113023044,32.35450503559071,31.76582436144641,32.27139663696289,145658400
2017-03-02,32.319884860714694,32.38452434862909,32.03362175524529,32.079795837402344,104844000
2017-03-03,32.038247627559755,32.28064752724133,31.99438435243972,32.26910400390625,84432400
2017-03-06,32.17443639244245,32.26678101161187,31.99667960539202,32.167510986328125,87000000
2017-03-07,32.102876664601666,32.315264038884955,32.040544476985474,32.20907211303711,69785200
2017-03-08,32.07748388465437,32.27371315911442,32.04747495941965,32.089027404785156,74828800
2017-03-09,32.02901394806746,32.040553948462716,31.638866120296644,32.015159606933594,88623600
2017-03-10,32.1467436716985,32.1721380086802,32.00592117072506,32.1213493347168,78451200
2017-03-13,32.05442192389743,32.18831557517849,32.0474965116791,32.13521957397461,69686800
2017-03-14,32.15828440479625,32.23908199903327,32.052088953191266,32.08671951293945,61236400
2017-03-15,32.18367139442763,32.49301793108603,32.09594489019227,32.42607116699219,102767200
2017-03-16,32.486104790790534,32.55536239804194,32.379909323326615,32.47917938232422,76928000
2017-03-17,32.550740976098126,32.550740976098126,32.294490321127455,32.31757736206055,175540000
2017-03-20,32.412229772933976,32.66617316416422,32.37298461657809,32.65694046020508,86168000
2017-03-21,32.806988506076536,32.966279914613274,32.257549392013594,32.28294372558594,158119600
2017-03-22,32.28525866265166,32.68925723393395,32.26447891610455,32.647701263427734,103440800
2017-03-23,32.61074734699739,32.684623025923464,32.460692217734895,32.532257080078125,81385200
2017-03-24,32.66618038136774,32.72158718512899,32.400696932180246,32.46764373779297,89582400
2017-03-27,32.17906357298683,32.60153107795881,32.00130321325164,32.523040771484375,94300400
2017-03-28,32.529976325778776,33.2525544658913,32.463025996807076,33.19715118408203,133499200
2017-03-29,33.16944161532169,33.35643823436015,33.05632424825825,33.271018981933594,116760000
2017-03-30,33.2871863285405,33.35875125204132,33.1278948419926,33.2271614074707,84829200
2017-03-31,33.17867244111365,33.30564412870682,33.01476289484099,33.16482162475586,78646800
2017-04-03,33.176371639770544,33.27102007760433,33.02400558483501,33.1740608215332,79942800
2017-04-04,33.07018260823785,33.448787001208686,33.05171367167958,33.421085357666016,79565600
2017-04-05,33.29410299945432,33.58036614090385,33.19945105075871,33.24793243408203,110871600
2017-04-06,33.31025871910069,33.36335821192298,33.11634024491553,33.16482162475586,84596000
2017-04-07,33.18098002721279,33.284864673395035,33.07478808581338,33.090946197509766,66688800
2017-04-10,33.150966820278995,33.2156063038978,32.9893645886443,33.05169677734375,75733600
2017-04-11,32.9986111713542,33.09326313157314,32.33374367676682,32.696189880371094,121517600
2017-04-12,32.68925348626947,32.81622163318866,32.55304559211443,32.73542404174805,81400000
2017-04-13,32.760830639555884,32.86933342297136,32.562294006347656,32.562294006347656,71291600
2017-04-17,32.661558023380536,32.75390268431767,32.52073549771646,32.74235916137695,66328400
2017-04-18,32.64539758259062,32.7908346889943,32.57613997247114,32.59691619873047,58790000
2017-04-19,32.753890402732615,32.78159202933228,32.42376408787492,32.47686004638672,69313600
2017-04-20,32.60152990307541,32.99398494389246,32.58767908744237,32.883174896240234,93278400
2017-04-21,32.88318208056322,32.9385853551999,32.74697766696316,32.843936920166016,69283600
2017-04-24,33.12787847113817,33.23176309980541,33.05400276558699,33.16019821166992,68537200
2017-04-25,33.222543233615575,33.45108880046584,33.21330700555945,33.36567306518555,75486000
2017-04-26,33.35181205494892,33.38182450307761,33.10017951743427,33.16943359375,80164800
2017-04-27,33.224844299816404,33.280251089997954,33.08402179036965,33.19483184814453,56985200
2017-04-28,33.264094918328645,33.31257630802334,33.07479451864811,33.16251754760742,83441600
2017-05-01,33.497254218060796,33.98205038775373,33.4649344734146,33.83892059326172,134411600
2017-05-02,34.06052190071469,34.18749351412344,33.89892326664265,34.05359649658203,181408800
2017-05-03,33.61038217628582,34.04901144652066,33.3056535623377,33.94974136352539,182788000
2017-05-04,33.82507002419722,33.96819981973374,33.66116048206023,33.82737731933594,93487600
2017-05-05,33.88047610474246,34.39297747518254,33.88047610474246,34.388362884521484,109310800
2017-05-08,34.40451517982148,35.48261371172281,34.40451517982148,35.32332229614258,195009600
2017-05-09,35.521874455974945,35.75504168306503,35.424915187095706,35.54957962036133,156521600
2017-05-10,35.46646937205053,35.538034291453236,35.11556666254569,35.38105010986328,103222800
2017-05-11,35.33931694196356,35.71485030550532,35.30686379075656,35.68703079223633,109020400
2017-05-12,35.86088217624112,36.25959427924951,35.85392818328043,36.18541717529297,130108000
2017-05-15,36.16457272955668,36.31293056103394,35.942037750905655,36.09271240234375,104038800
2017-05-16,36.14833356066949,36.17614953767241,35.865526004045456,36.03938293457031,80194000
2017-05-17,35.60590043731387,35.8307556815588,34.70416264131606,34.82933807373047,203070800
2017-05-18,35.06579606196921,35.5456395045959,35.03334289936223,35.360191345214844,134272800
2017-05-19,35.55489352681086,35.69397691396822,35.38103664001859,35.480712890625,107843200
2017-05-22,35.69862114020477,35.833070917006374,35.44594993039589,35.69630432128906,91865600
2017-05-23,35.907244012150436,35.907244012150436,35.53866822949923,35.65225601196289,79675600
2017-05-24,35.661528385492936,35.73802585003768,35.3903120314495,35.545623779296875,76712000
2017-05-25,35.636038207100896,35.779762360234024,35.47377242497843,35.66849136352539,76942400
2017-05-26,35.69862461302962,35.75426010657202,35.53867566408264,35.608219146728516,87710400
2017-05-30,35.56417521962942,35.79830129211459,35.54331323574162,35.622127532958984,80507600
2017-05-31,35.69166932845386,35.73803046949931,35.323093482019345,35.41117858886719,97804800
2017-06-01,35.50622047347229,35.54331080037268,35.286002405334635,35.50853729248047,65616400
2017-06-02,35.60125836366381,36.03474044799805,35.44130944521617,36.03474044799805,111082800
2017-06-05,35.77743475102646,35.80293390712862,35.57344503933726,35.68239212036133,101326800
2017-06-06,35.6754445651318,36.11820111139011,35.647628585137745,35.802940368652344,106499600
2017-06-07,35.93507371246903,36.157608628936586,35.809894726968395,36.016204833984375,84278400
2017-06-08,35.98838497453833,36.055608098669595,35.79134570314363,35.92811584472656,85003200
2017-06-09,35.9744757167898,35.9744757167898,33.84878545799699,34.53493881225586,259530800
2017-06-12,33.78387455154509,33.8650056503976,33.035128278392655,33.709693908691406,289229200
2017-06-13,34.11305186150366,34.18027499117992,33.64711298089362,33.980918884277344,136661600
2017-06-14,34.19185432860384,34.19185432860384,33.34343187398011,33.64942169189453,126124800
2017-06-15,33.22289082894984,33.49178676892267,32.965582517386935,33.4477424621582,128661600
2017-06-16,33.32952662218773,33.49642952980472,32.963267660313086,32.979496002197266,201444400
2017-06-19,33.30170765461845,34.01568035362184,33.30170765461845,33.92295455932617,130165600
2017-06-20,34.045827569501164,34.045827569501164,33.598437360237384,33.614662170410156,99600400
2017-06-21,33.73288331894563,33.86037911488633,33.52193605085544,33.81401443481445,85063200
2017-06-22,33.79083786050344,34.006418781116174,33.64015971458918,33.758384704589844,76425200
2017-06-23,33.642474603462084,34.11304705629635,33.637837428477,33.909053802490234,141757600
2017-06-26,34.115361889100086,34.37267026030625,33.70042494885919,33.80242156982422,102769600
2017-06-27,33.61465144213694,33.88123414935827,33.292436789645436,33.317935943603516,99047600
2017-06-28,33.49410982286014,33.869639564051425,33.18580318779632,33.80473327636719,88329600
2017-06-29,33.545113643075645,33.642473090615525,32.98181540151095,33.30634689331055,125997600
2017-06-30,33.484830960653056,33.603055890739796,33.329519254837514,33.385154724121094,92096400
2017-07-03,33.584519577258064,33.681879021294286,33.171899465192595,33.26462173461914,57111200
2017-07-05,33.30865258495267,33.56364049135601,33.0837974585109,33.40137481689453,86278400
2017-07-06,33.153358710388744,33.264626155915046,33.01195493158579,33.08613204956055,96515200
2017-07-07,33.12554468906654,33.55439327181347,33.12554468906654,33.42226028442383,76806800
2017-07-10,33.406021758506526,33.832549809570395,33.23448168841178,33.62623977661133,84362400
2017-07-11,33.54975845955767,33.80938727663406,33.46862732813874,33.735206604003906,79127200
2017-07-12,33.813999666656365,33.88585993740315,33.5706028882242,33.78386688232422,99538000
2017-07-13,33.728236284050766,34.42134701782428,33.714328298946185,34.25444412231445,100797600
2017-07-14,34.30080936637297,34.616070036028844,34.15245161224831,34.54884338378906,80528400
2017-07-17,34.49784745539633,34.980007487299616,34.4398951543656,34.66938400268555,95174000
2017-07-18,34.585938981519924,34.80152342076449,34.46308036345037,34.78993225097656,71475200
2017-07-19,34.88264500399043,35.100546202803784,34.7597864194897,35.0078239440918,83692000
2017-07-20,35.11908869077476,35.174724164046715,34.81541924889388,34.850189208984375,68974800
2017-07-21,34.76907805420585,34.8733915314015,34.51176959065433,34.833984375,105010400
2017-07-24,34.90583254315868,35.33699783101642,34.74820043528581,35.255863189697266,85972800
2017-07-25,35.188638694216536,35.66152792505456,35.188638694216536,35.40653991699219,75415600
2017-07-26,35.547945210835245,35.68239144541838,35.480718556415695,35.57344436645508,63124000
2017-07-27,35.640675293399276,35.69631079161386,34.14550620802876,34.90120315551758,129905200
2017-07-28,34.745869589588736,34.82468384314394,34.583603909584916,34.65546417236328,68854800
2017-07-31,34.74820230717305,34.847882115795706,34.3379025150929,34.476985931396484,79383600
2017-08-01,34.56274861002519,34.82237374815517,34.40279971702467,34.78296661376953,141474400
2017-08-02,36.92256610475473,37.03151670290718,36.199322591170265,36.42649459838867,279747200
2017-08-03,36.40563382968727,36.442724148827494,35.93506145911916,36.062557220458984,108389200
2017-08-04,36.178470281390524,36.48677346215096,36.090381637099924,36.252647399902344,82239600
2017-08-07,36.40795161489137,36.83911685924383,36.31754617029138,36.81361770629883,87481200
2017-08-08,36.76494412337966,37.5136869220667,36.68844665545762,37.1080207824707,144823600
2017-08-09,36.917932544832915,37.38387130849785,36.883162579094225,37.33518981933594,104526000
2017-08-10,37.2118601090354,37.235133487872936,35.9854304565123,36.1460075378418,163217200
2017-08-11,36.44388322040585,36.90234102138387,36.32054214207355,36.64867401123047,105028400
2017-08-14,37.0768771341642,37.28399737332113,36.94422529789718,37.200218200683594,88490800
2017-08-15,37.388706989600735,37.74709337344688,37.26769188358049,37.60746383666992,117862000
2017-08-16,37.68660856251723,37.81925687380376,37.270038534488236,37.456214904785156,110686400
2017-08-17,37.35614114509254,37.400358425370186,36.73245093820814,36.73710632324219,111762400
2017-08-18,36.73709564898126,37.118755437457374,36.47179559541881,36.653316497802734,109712400
2017-08-21,36.653321596363746,36.744082060180695,36.09712212814853,36.58583450317383,105474000
2017-08-22,36.82322098576263,37.23513566837947,36.77435185876866,37.183937072753906,86418400
2017-08-23,37.01870047325585,37.34450642241073,36.974483190652286,37.230472564697266,77596400
2017-08-24,37.33519858208151,37.40734463100248,36.89768820902417,37.06524658203125,79275600
2017-08-25,37.15367250100886,37.365448131007646,37.06524149202365,37.202545166015625,101920400
2017-08-28,37.267707314457965,37.70056580462589,37.21883464818906,37.57722473144531,103864000
2017-08-29,37.25840071577374,37.961211187597634,37.23512734077837,37.9123420715332,118067600
2017-08-30,38.11946307774369,38.14040698504185,37.8425262445174,38.014739990234375,109078400
2017-08-31,38.08222500529962,38.28701933479134,38.04498902702507,38.1660041809082,107140400
2017-09-01,38.35217482019203,38.38475540858457,38.0798934276935,38.177635192871094,66364400
2017-09-05,38.10782224165241,38.224182004222335,37.36544638829334,37.719181060791016,117874000
2017-09-06,37.86579133057755,37.93095250636385,37.356135058449354,37.67961502075195,86606800
2017-09-07,37.721500801043646,37.75641085470924,37.318897082760316,37.528343200683594,87714000
2017-09-08,37.43526917498196,37.50275628603585,36.89303216520465,36.91630554199219,114446000
2017-09-11,37.35148987902946,37.71220591205249,37.209530803492086,37.58420944213867,126323200
2017-09-12,37.84250834935493,38.156681014333806,36.948866550371584,37.43524932861328,286856000
2017-09-13,37.204877484852815,37.22582494547061,36.748749104389134,37.15367889404297,179629600
2017-09-14,37.00007509160223,37.09548738913932,36.79062540811455,36.834842681884766,95042800
2017-09-15,36.87907127361987,37.46087021016209,36.76969278946842,37.20720672607422,196458400
2017-09-18,37.260730149175366,37.35149063859288,36.769691718988625,36.92561340332031,113077600
2017-09-19,37.12109233670527,37.18160168941418,36.872084276845705,36.939571380615234,83242400
2017-09-20,36.74640730882827,36.830186470137654,35.799240798625455,36.320533752441406,211805600
2017-09-21,36.257712511577544,36.257712511577544,35.547917058150425,35.69685745239258,150046800
2017-09-22,35.26631743173562,35.436205252199564,35.03825327745074,35.34777069091797,186581600
2017-09-25,34.905596845969434,35.333799846278,34.712439247228424,35.035919189453125,177549200
2017-09-26,35.3221731438044,35.820192840580866,35.30122923647242,35.638671875,146640000
2017-09-27,35.792273893883035,36.006375492006406,35.73176452742221,35.89234161376953,102016800
2017-09-28,35.81320844544814,35.90396892040085,35.53627163568985,35.67124938964844,88022000
2017-09-29,35.654957681052196,35.869059204079036,35.373365511571414,35.866729736328125,105199200
2017-10-02,35.89931689948328,35.94353418263258,35.540930350989605,35.794593811035156,74795200
2017-10-03,35.841144878671145,36.09248247672777,35.81787504891847,35.950523376464844,64921200
2017-10-04,35.752702571137206,35.80622706881335,35.480421146847824,35.71779251098633,80655200
2017-10-05,35.880692678923836,36.17392153688535,35.85044155703644,36.16228485107422,85135200
2017-10-06,36.06454810196169,36.185563259409385,35.9691322364545,36.1413459777832,69630400
2017-10-09,36.26003606140108,36.4741376422052,36.18556764465215,36.26701736450195,65051600
2017-10-10,36.31820368370527,36.7696800704547,36.09479495792304,36.280967712402344,62468000
2017-10-11,36.29726559284751,36.532311041171035,36.24606701186326,36.43224334716797,67622400
2017-10-12,36.38570207050026,36.6230734482927,36.241413538743075,36.30424880981445,64500400
2017-10-13,36.4741357221856,36.602132190661905,36.39966730935674,36.534645080566406,65576800
2017-10-16,36.74641941159917,37.235131938702196,36.68823951794495,37.20720672607422,96486000
2017-10-17,37.18393205568885,37.43759553095936,37.05593558389495,37.34450912475586,75989200
2017-10-18,37.33286744361,37.40035809744781,37.142039271107095,37.17927169799805,65496800
2017-10-19,36.47878609569955,36.55558396623373,36.07618230564295,36.299591064453125,170336800
2017-10-20,36.44620210761689,36.71150220336914,36.29493584858067,36.362422943115234,95896400
2017-10-23,36.51137322446907,36.69754959082178,36.18789316395103,36.343814849853516,87937200
2017-10-24,36.371735886154255,36.63471010659891,36.35079197948656,36.56024169921875,71028800
2017-10-25,36.51601795426265,36.66495829367814,36.13435811257186,36.399658203125,84828400
2017-10-26,36.59049769867019,36.730130863756074,36.485774600365225,36.632389068603516,68002000
2017-10-27,37.069888165313095,38.07291220866558,36.9325845104359,37.944915771484375,177816800
2017-10-30,38.14039934956485,39.113168722330684,38.100837460026646,38.79899597167969,178803200
2017-10-31,39.073605228864956,39.48086438095683,38.8501964825732,39.338905334472656,144187200
2017-11-01,39.53206521312065,39.54835728462217,38.54068129899505,38.83856201171875,134551200
2017-11-02,38.771077070181164,39.21324277903293,38.4638855706281,39.12248229980469,165573600
2017-11-03,40.49319471276325,40.5537005069561,39.82296138808833,40.14411544799805,237594400
2017-11-06,40.113858735493494,40.72358623496925,39.9625924821947,40.55137252807617,140105200
2017-11-07,40.47225170238434,40.78409500021298,40.40010922090348,40.681697845458984,97446000
2017-11-08,40.646787183316825,41.01448440551758,40.569989325102334,41.01448440551758,97638000
2017-11-09,40.751522412254914,40.98191605569224,40.293064593639,40.93071746826172,117930400
2017-11-10,40.89801903354742,40.96108019416508,40.701832715830456,40.79525375366211,100582000
2017-11-13,40.52198417452118,40.75554027927347,40.49862713853262,40.63175582885742,67928400
2017-11-14,40.41455034592742,40.51731561124466,39.980135810403205,40.01750564575195,99130000
2017-11-15,39.69753460722504,39.77928067598578,39.32618122606682,39.48966979980469,116632400
2017-11-16,39.98013383709953,40.14128812577622,39.7746068803929,39.96145248413086,94550000
2017-11-17,39.94743924729169,40.02918531900126,39.620462088020936,39.73957443237305,87598000
2017-11-20,39.77227289530339,39.83533404998422,39.60177791360881,39.69987106323242,65049600
2017-11-21,39.886715563706446,40.568699035095165,39.886715563706446,40.43790817260742,100525200
2017-11-22,40.489284895562776,40.87231674998271,40.41688307609669,40.86297607421875,102355600
2017-11-24,40.895674102034114,40.98909511553058,40.79057100712156,40.86531066894531,56106800
2017-11-27,40.88400935094609,40.89101575112837,40.48462672163385,40.659793853759766,82867200
2017-11-28,40.70882371901031,40.84194882576043,40.138946337931515,40.42155075073242,105715200
2017-11-29,40.3187879090918,40.38651760536671,39.04123584489696,39.58308410644531,166665600
2017-11-30,39.80497431661484,40.204356915053424,39.34019984279144,40.136627197265625,166108800
2017-12-01,39.69286632422728,40.09458318069577,39.35421062507689,39.94977951049805,159037200
2017-12-04,40.28376571592841,40.3164634359694,39.61813279428302,39.6578369140625,130169600
2017-12-05,39.484993729786034,40.05954330434528,39.33084584834535,39.62045669555664,109400800
2017-12-06,39.12064775552423,39.751248528976014,38.877750973345655,39.47331619262695,114240000
2017-12-07,39.477985884435,39.80730082895225,39.44996029384907,39.545719146728516,102693200
2017-12-08,39.818977353275365,39.938089671086914,39.42893912741636,39.55739212036133,93420800
2017-12-11,39.517685175695675,40.37950761900013,39.421926334487914,40.328125,141095200
2017-12-12,40.206684930205114,40.26273968238227,40.04553419979003,40.101585388183594,77636800
2017-12-13,40.28840850001422,40.53130516290692,40.171630504362,40.23469161987305,95273600
2017-12-14,40.26507229458504,40.43557082231696,40.08990521053588,40.2230339050293,81906000
2017-12-15,40.552347608549645,40.67846633705121,40.27908739364348,40.63175582885742,160677200
2017-12-18,40.844304554887266,41.38615302149058,40.839632433581336,41.2039794921875,117684400
2017-12-19,40.879332559638705,40.963412916005446,40.659789208915306,40.764888763427734,109745600
2017-12-20,40.84195901091509,40.97041559422269,40.46359922352152,40.72051239013672,93902400
2017-12-21,40.67846279226364,41.11054297391652,40.662115719522824,40.87464904785156,83799600
2017-12-22,40.797575112345655,40.970407897763415,40.75553672776954,40.87464904785156,65397600
2017-12-26,39.89138628266804,40.04786845648848,39.629801003099054,39.837669372558594,132742000
2017-12-27,39.727902710632755,39.88671918269649,39.63681595429407,39.84468078613281,85992800
2017-12-28,39.938106002381936,40.13663017703035,39.816655793286984,39.956790924072266,65920800
2017-12-29,39.82598954750075,39.84233662230938,39.522365886617536,39.52470016479492,103999600
2018-01-02,39.74190284668357,40.24171270802003,39.53170023948906,40.23236846923828,102223600
2018-01-03,40.295443689367616,40.7672281267938,40.16231853236063,40.22537612915039,118071600
2018-01-04,40.29778000963884,40.51498910093852,40.19034616714233,40.41222381591797,89738400
2018-01-05,40.507975095875025,40.95873670879751,40.4168883492139,40.87232208251953,94640000
2018-01-08,40.72051239013672,41.0147918288002,40.622415680131866,40.72051239013672,82271200
2018-01-09,40.76722583770547,40.88633818873765,40.50097197485756,40.715843200683594,86336000
2018-01-10,40.44258118326222,40.70883503455394,40.405211346362094,40.70649719238281,95839600
2018-01-11,40.776563140765795,40.98676579221811,40.7532096664602,40.93771743774414,74670800
2018-01-12,41.147917623904476,41.42351571282372,41.024133159050905,41.36045455932617,101672400
2018-01-16,41.54963611654576,41.897636050085076,41.13857859077258,41.1502571105957,118263600
2018-01-17,41.14091299359858,41.86493845941443,40.88867549633279,41.82990646362305,137547200
2018-01-18,41.892962740708185,42.06346128496343,41.63138101025512,41.867271423339844,124773600
2018-01-19,41.71545572653174,41.942005431691854,41.43518911550599,41.680423736572266,129700400
2018-01-22,41.40949166662226,41.521597581666946,41.246003131394005,41.33942413330078,108434400
2018-01-23,41.40950846897786,41.90931851592628,41.29740250844497,41.34878158569336,130756400
2018-01-24,41.39782603750043,41.40950455731997,40.45192295265972,40.69015121459961,204420400
2018-01-25,40.75787255580819,40.8606378070579,39.82832030240219,39.963783264160156,166116000
2018-01-26,40.171660448294,40.171660448294,39.71856091721823,40.05721664428711,156572000
2018-01-29,39.74190341255403,39.74190341255403,39.020215980944386,39.22808074951172,202561600
2018-01-30,38.66053916545118,39.0902815143299,38.46668718373474,38.99686050415039,184192800
2018-01-31,38.973506787042304,39.34019158896355,38.8870921670817,39.10429763793945,129915600
2018-02-01,39.043573419865425,39.38222905740429,38.947814562060074,39.18604278564453,188923200
2018-02-02,38.77032242534317,38.95716806545105,37.39234251164283,37.48576354980469,346375200
2018-02-05,37.158779760529875,38.275177718301975,36.43475436997214,36.549198150634766,290954000
2018-02-06,36.16150399610305,38.237818306328975,35.96765193787465,38.076663970947266,272975200
2018-02-07,38.09067214468713,38.163073981925415,37.151778975373574,37.26154708862305,206434400
2018-02-08,37.436707202469265,37.60253360818496,36.20820335015767,36.236228942871094,217562000
2018-02-09,36.83422735479435,37.026522336386975,35.232534933914586,36.67945098876953,282690400
2018-02-12,37.1695747743934,38.433574681948436,36.937410211584435,38.156856536865234,243278000
2018-02-13,37.97864464036889,38.635269048510395,37.908291386226026,38.539119720458984,130196800
2018-02-14,38.234238930394085,39.28952648112908,38.19672031477499,39.24966049194336,162579600
2018-02-15,39.81717442105685,40.59105275486671,39.63191438389785,40.567604064941406,204588800
2018-02-16,40.41986557057159,40.99675777482494,40.28150648157054,40.436279296875,160704400
2018-02-20,40.3471710450307,40.865432606579574,40.19942960756967,40.300270080566406,135722000
2018-02-21,40.53008115148343,40.83259536786897,40.10327420960197,40.117347717285156,149886400
2018-02-22,40.288534996190876,40.792726514243476,40.26743010361679,40.45269012451172,123967600
2018-02-23,40.72706873021606,41.191394307064236,40.69658149665015,41.156219482421875,135249600
2018-02-26,41.355556051046115,42.06845998293298,41.322725019544364,41.969966888427734,152648800
2018-02-27,42.00044873820776,42.32406784199246,41.7800103071155,41.833946228027344,155712400
2018-02-28,42.037961604302204,42.35689307363016,41.75420853117485,41.77062225341797,151128400
2018-03-01,41.86912523610617,42.1599169199814,40.49021837370537,41.03896713256836,195208000
2018-03-02,40.52304520982578,41.34382446752006,40.44096585273092,41.32271957397461,153816000
2018-03-05,41.088208331558874,41.681514152796034,40.92639700243722,41.46576690673828,113605600
2018-03-06,41.721390921149435,41.801122919535736,41.303966249227905,41.430599212646484,95154000
2018-03-07,41.024892726201514,41.23829619080357,40.86777255571941,41.045997619628906,126814000
2018-03-08,41.15153173021796,41.536125350937226,41.055386008773716,41.49391555786133,95096400
2018-03-09,41.733101955639185,42.211497351161306,41.59943049643695,42.20680618286133,128740800
2018-03-12,42.27950792605273,42.77197688165048,42.26075040737717,42.6148567199707,128828400
2018-03-13,42.818878501558245,43.03228195752703,42.03327768092932,42.2044677734375,126774000
2018-03-14,42.28656103685953,42.333462006333335,41.69794259827233,41.84568405151367,117473600
2018-03-15,41.8597493351985,42.26779523875993,41.75891244094542,41.89492416381836,90975200
2018-03-16,41.894918778246705,42.00513799817259,41.65337544393605,41.7471809387207,157618800
2018-03-19,41.58302954525192,41.61820437252176,40.72472797672701,41.10932159423828,133787200
2018-03-20,41.09525680541992,41.46108936805779,41.02490356376313,41.09525680541992,78597600
2018-03-21,41.04834339622222,41.06006953035237,40.16190204635174,40.164249420166016,148219600
2018-03-22,39.86641240172156,40.49489295022914,39.5381022015031,39.59672927856445,165963200
2018-03-23,39.48886659321659,39.84766413405887,38.679813385009766,38.679813385009766,164115200
2018-03-26,39.413825421041864,40.59340229446236,39.03157561389641,40.516014099121094,150164800
2018-03-27,40.72941630380633,41.07414393053354,39.1441408426636,39.477142333984375,163690400
2018-03-28,39.22153087897611,39.87112016511795,38.73844413544846,39.040958404541016,166674000
2018-03-29,39.35285253138467,40.276816164694516,39.13944903672395,39.34581756591797,153594000
2018-04-02,39.07846990412321,39.61783980550772,38.56958723220933,39.08784866333008,150347200
2018-04-03,39.31297602301765,39.573280410628975,38.66573432493875,39.48885726928711,121112000
2018-04-04,38.66574745331124,40.33778996897688,38.63995138530053,40.243988037109375,138422000
2018-04-05,40.47144865181492,40.858385971022656,40.35419448498673,40.523040771484375,107732800
2018-04-06,40.09387916086271,40.44798535995254,39.44429025180167,39.48650360107422,140021200
2018-04-09,39.83828113365013,40.59105096146025,39.83124616915198,39.87814712524414,116070800
2018-04-10,40.56995489827826,40.804463308094896,40.22522724958265,40.62858200073242,113634400
2018-04-11,40.389369381678115,40.78568903885256,40.26508025086536,40.43861770629883,89726400
2018-04-12,40.666093993882306,41.03896141306867,40.579323470784374,40.837284088134766,91557200
2018-04-13,40.98735784380193,41.235936053843574,40.769266855928116,40.97563171386719,100497200
2018-04-16,41.045979608142,41.31801004288107,40.99907867277954,41.23124313354492,86313600
2018-04-17,41.388377501912366,41.96292220935366,41.36961640563792,41.79876708984375,106421600
2018-04-18,41.697928719918146,41.93478444114706,41.47983767421081,41.70496368408203,83018000
2018-04-19,40.748166767939104,41.13041649685922,40.490209747905006,40.523040771484375,139235200
2018-04-20,40.00713798588537,40.15253206159745,38.794726302460546,38.862735748291016,261964400
2018-04-23,39.123031478455985,39.14413637278911,38.48047726168653,38.75016403198242,146062000
2018-04-24,38.85099935886724,39.00577573441421,37.80743787824953,38.210792541503906,134768000
2018-04-25,38.135753093228,38.79237729841982,38.08650833536919,38.377296447753906,113528400
2018-04-26,38.48751117244882,38.86506977787231,38.311629901195275,38.510963439941406,111852000
2018-04-27,38.45936764768368,38.53675582905527,37.66907568925189,38.06539535522461,142623200
2018-04-30,38.02084726576304,39.22387290010459,37.95283782728673,38.75485610961914,169709600
2018-05-01,39.02454068518083,39.678817496129916,38.757201272985704,39.65536880493164,214277600
2018-05-02,41.092894933040135,41.68385694481844,40.757549728374016,41.40713882446289,266157600
2018-05-03,41.24532940570239,41.62523178453475,40.907636811934324,41.482181549072266,136272800
2018-05-04,41.80110066351619,43.20815033521939,41.782339571829326,43.109657287597656,224805200
2018-05-07,43.42626886047117,44.010196132784614,43.32543195429846,43.42158126831055,169805600
2018-05-08,43.38170505375531,43.67014934958215,43.072152284915745,43.63028335571289,113611200
2018-05-09,43.74753734783236,43.946867316294885,43.43564078484701,43.9374885559082,92844800
2018-05-10,44.026604958155126,44.64335957002789,44.00549648424058,44.56597137451172,111957200
2018-05-11,44.60833114972941,44.74251445264943,44.12808747416819,44.39645767211914,104848800
2018-05-14,44.4953436639537,44.61775924769171,44.224620553416436,44.29288864135742,83115200
2018-05-15,43.970378343631864,44.0386500297141,43.574886781090854,43.89033889770508,94780800
2018-05-16,43.80323995918282,44.36587613183935,43.78675934704251,44.299957275390625,76732400
2018-05-17,44.2575828606732,44.471809256839805,43.87150621770076,44.01981735229492,69176000
2018-05-18,44.066890213339356,44.21284489257208,43.81735340351118,43.85972595214844,73190800
2018-05-21,44.25757271162898,44.55654774584451,44.00097381705662,44.17047119140625,73603200
2018-05-22,44.34703725408873,44.46474358200202,43.970375567921366,44.05983352661133,60962800
2018-05-23,43.86915275622062,44.375288562931686,43.73025655007666,44.34233093261719,80233600
2018-05-24,44.43884692692997,44.455323944524565,43.836191117930454,44.29288864135742,92936000
2018-05-25,44.311727203564814,44.64601277398445,44.175187419796956,44.39412307739258,69844000
2018-05-29,44.16342980507082,44.43415300907553,43.991575924992354,44.23405075073242,90056400
2018-05-30,44.19166457691975,44.25757983398438,43.970376103011894,44.13987350463867,74762000
2018-05-31,44.07396922164299,44.311734772962694,43.81972305589754,43.991573333740234,109931200
2018-06-01,44.255222240202905,44.78960633163015,44.19872191503412,44.7849006652832,93770000
2018-06-04,45.11447741480749,45.5335116194763,45.04620933090354,45.15920639038086,105064800
2018-06-05,45.45111740448041,45.65592523952757,45.28397285957056,45.50761413574219,86264000
2018-06-06,45.58294435150717,45.688879306487344,45.18038721204892,45.66533660888672,83734400
2018-06-07,45.703009472917365,45.717133656482744,45.27926600539702,45.542930603027344,85388800
2018-06-08,45.003840274270324,45.19923322394816,44.6742639688573,45.12860870361328,106627200
2018-06-11,45.04620392089214,45.19215858819263,44.77783369179471,45.01795196533203,73234000
2018-06-12,45.05563862309138,45.342842417934506,44.999138279280096,45.26515579223633,67644400
2018-06-13,45.29809849342999,45.406389885336665,44.83198248503108,44.8931884765625,86553600
2018-06-14,45.093299928876135,45.09800918830484,44.78020063094766,44.91674041748047,86440400
2018-06-15,44.73546388316103,44.76606867596771,44.31878250278761,44.455322265625,246876800
2018-06-18,44.22933815211929,44.54479030035685,44.069255652105554,44.431793212890625,73939600
2018-06-19,43.5843017620001,43.86444341520715,43.18645377330186,43.71377944946289,134314000
2018-06-20,43.869146633345196,44.06924522085797,43.72318835479916,43.904457092285156,82514800
2018-06-21,44.08100916407657,44.339964459828835,43.53720663510799,43.65962219238281,102847600
2018-06-22,43.81499948548194,43.82206157732559,43.48071396713906,43.53250503540039,108801600
2018-06-25,43.174676934564935,43.532505154775784,42.546125613973516,42.8851203918457,126652400
2018-06-26,43.07816878309416,43.91152811252894,42.972230200510374,43.41716003417969,98276800
2018-06-27,43.60548157163157,44.08807819397724,43.32298712678173,43.35359191894531,101141200
2018-06-28,43.33946445126731,43.83618521939736,43.26883994737882,43.66904067993164,69460800
2018-06-29,43.85501370278321,44.066887207854,43.0593215205996,43.57722854614258,90950800
2018-07-02,43.27356150413788,44.09279664258604,43.17939427481984,44.064544677734375,70925200
2018-07-03,44.20814989248861,44.24581678705579,43.2076459052671,43.29710388183594,55819200
2018-07-05,43.612553994026506,43.88328074489088,43.381850561831186,43.645511627197266,66416800
2018-07-06,43.65021954934719,44.35881043686303,43.598428471363974,44.25052261352539,69940800
2018-07-09,44.610702151290674,44.88848738506367,44.56362033446113,44.86494827270508,79026400
2018-07-10,44.89555498516725,45.02973834846083,44.77078295668372,44.81080627441406,63756400
2018-07-11,44.37527901622558,44.676606883449594,44.16576192741964,44.22932434082031,75326000
2018-07-12,44.617759623255736,45.06033655826407,44.5659685524734,44.97087860107422,72164400
2018-07-13,44.98264693253363,45.16155924279147,44.94027079014177,45.041500091552734,50055600
2018-07-16,45.08624028463614,45.35225418695095,44.827284883679084,44.9426383972168,60172400
2018-07-17,44.669547166635304,45.168620799732764,44.54006949990387,45.06974792480469,62138000
2018-07-18,45.147433749220426,45.15214300759659,44.711918948272675,44.82256317138672,65573600
2018-07-19,44.655431831739946,45.32871224004053,44.655431831739946,45.17098617553711,81147200
2018-07-20,45.147433688320305,45.30045046027843,44.76841921206279,45.0673942565918,82704800
2018-07-23,44.88847483529713,45.18980628140824,44.624813861075204,45.1074104309082,63957600
2018-07-24,45.30515750434939,45.590008351958474,45.21099389422537,45.434635162353516,74791600
2018-07-25,45.44876198544905,45.87015260670079,45.300450878380246,45.86309051513672,66839600
2018-07-26,45.813657492271,46.131466017243845,45.578244834398404,45.7194938659668,76304000
2018-07-27,45.90310567181263,45.95018747493368,44.75193816376309,44.95909881591797,96096000
2018-07-30,45.175671635953215,45.24629612676642,44.50945721078866,44.70720291137695,84118000
2018-07-31,44.799025431663516,45.23218382059381,44.57302772015845,44.796669006347656,157492000
2018-08-01,46.87771549059434,47.49684822958433,46.449262804191136,47.43564224243164,271742800
2018-08-02,47.21907165683549,49.05529111870741,47.16492775096106,48.82223129272461,249616000
2018-08-03,48.737484162224085,49.14004140332828,48.372593809947276,48.96348190307617,133789600
2018-08-06,48.96581920433888,49.26008494474957,48.74688721768665,49.21771240234375,101701600
2018-08-07,49.27658070828396,49.318953263723905,48.67392126916684,48.756317138671875,102349600
2018-08-08,48.50678922115141,48.92111429423588,48.14660806513692,48.789283752441406,90102000
2018-08-09,49.32601713645395,49.384870304763766,48.77750517675299,49.17300033569336,93970400
2018-08-10,48.98636733184349,49.397423215315094,48.823362350385615,49.026527404785156,98444800
2018-08-13,49.447024012639176,49.83445457088549,49.06668031301187,49.34307861328125,103563600
2018-08-14,49.6478343527854,49.74232821635951,49.1989794890338,49.55097579956055,82992000
2018-08-15,49.42576875498392,49.78485191739147,49.21551684900846,49.66673278808594,115230400
2018-08-16,50.02344855362679,50.51009876327454,49.95730213317231,50.394344329833984,114001600
2018-08-17,50.42269248155154,51.488125687654055,50.356546060158145,51.400718688964844,141708000
2018-08-20,51.52357899326442,51.77871320651787,50.81722511932544,50.89990997314453,121150800
2018-08-21,51.216471471629355,51.30860427759206,50.56209027790346,50.800689697265625,104639200
2018-08-22,50.57861771807685,51.11251493875671,50.51719345762094,50.803043365478516,76072400
2018-08-23,50.708539549833304,51.27551351969438,50.696730520954475,50.906982421875,75532800
2018-08-24,51.16920342685341,51.24007201397918,50.817207157054575,51.06525802612305,73905600
2018-08-27,51.29913711900238,51.6747586949245,51.10542361873389,51.48576736450195,82100400
2018-08-28,51.73853008932868,52.09997426934219,51.71726951514179,51.90153503417969,91107200
2018-08-29,52.00785967623927,52.79689832830849,51.83304564336104,52.676414489746094,109019200
2018-08-30,52.7402092402909,53.923762022298675,52.53940521003362,53.16071319580078,195175200
2018-08-31,53.510332089543624,54.06785458062129,53.389851863123376,53.77492141723633,173360400
2018-09-04,53.95918507117456,54.14108594690396,53.53868123150636,53.94737243652344,109560400
2018-09-05,54.0962064940442,54.25684679851635,53.177239704245125,53.59537887573242,133332000
2018-09-06,53.44418099923575,53.70877030386008,52.27952809791721,52.70475769042969,137160000
2018-09-07,52.40945751605054,53.241013565604675,52.140146053637395,52.27952575683594,150479200
2018-09-10,52.19683530193969,52.40945186811711,51.13848905901792,51.5778923034668,158066000
2018-09-11,51.5023121086548,52.98825308112941,51.15976728379987,52.8819465637207,142996000
2018-09-12,53.13943004010964,53.15360375769151,51.93461357971818,52.225189208984375,197114800
2018-09-13,52.80398111284486,53.94501243257914,52.579555468815734,53.48670959472656,166825600
2018-09-14,53.33078209117536,53.58828090480204,52.56773359371882,52.87956619262695,127997200
2018-09-17,52.480342256764004,52.669333636985556,51.32750168636298,51.47160720825195,148780400
2018-09-18,51.450338134874215,52.409468667615585,51.292058905319834,51.55664825439453,126286800
2018-09-19,51.61806869997937,51.88265444324082,50.86210685872496,51.58735656738281,108495200
2018-09-20,52.029126706870315,52.51105127333453,51.77162420931718,51.979515075683594,106435200
2018-09-21,52.156690470038114,52.293709113672655,51.33221752297712,51.41962814331055,384986800
2018-09-24,51.221187301371494,52.27008227145814,51.176301449926825,52.15904998779297,110773600
2018-09-25,51.91334716701173,52.63860020922987,51.90153453545172,52.489768981933594,98217600
2018-09-26,52.208647172170885,52.85830228404179,51.91571047857742,52.07162857055664,95938800
2018-09-27,52.8748417371576,53.49378473885603,52.80869171721533,53.141788482666016,120724800
2018-09-28,53.10400092790325,53.35205184075627,52.92210004922642,53.32843017578125,91717600
2018-10-01,53.850512611497464,54.19778315474895,53.47253354452783,53.68750762939453,94403200
2018-10-02,53.685143811325815,54.33479901696342,53.53867724574372,54.16470718383789,99152800
2018-10-03,54.34661210049897,55.15454651217673,54.28282676137159,54.823814392089844,114619200
2018-10-04,54.51907334874778,54.88996920159424,53.562307534511866,53.85997009277344,128168000
2018-10-05,53.852871703900746,53.959178192789615,52.10943230916903,52.98587417602539,134322000
2018-10-08,52.49450599592842,53.1063622318355,52.01966478038702,52.863037109375,118655600
2018-10-09,52.832330220069366,53.68987635310737,52.50395914620055,53.59537887573242,107564000
2018-10-10,53.262296214980466,53.47254818744123,51.0392926333679,51.112525939941406,167962400
2018-10-11,50.67784288571244,51.854308651260354,50.158119328600904,50.66130447387695,212497600
2018-10-12,52.07165051880588,52.652798377178634,51.2259168932186,52.47089385986328,161351600
2018-10-15,52.246453343402386,52.404732541694706,51.32748667559729,51.34874725341797,123164000
2018-10-16,51.719643885984794,52.678774311748526,51.20700726110125,52.48033142089844,116736000
2018-10-17,52.51576847933284,52.59608862651848,51.816501609567986,52.253543853759766,91541600
2018-10-18,51.46686978304842,51.9109988853349,50.31875164361143,51.03219223022461,130325200
2018-10-19,51.51411986825671,52.27008165957751,51.36528859514771,51.809417724609375,132314800
2018-10-22,51.92281529140717,52.766187767619336,51.722014895673645,52.125980377197266,115168400
2018-10-23,50.987308828331614,52.74019644792127,50.720358416207795,52.61735153198242,155071200
2018-10-24,52.58664816384448,52.97171415000343,50.682564396539085,50.812496185302734,163702000
2018-10-25,51.431433794182205,52.298427786327714,51.20464347576049,51.9251708984375,119423200
2018-10-26,51.003853031879004,52.017317466878524,50.24080424985826,51.098350524902344,189033600
2018-10-29,51.781049179740975,51.899168274140784,48.68632746458255,50.13919448852539,183742000
2018-10-30,49.88170353497799,50.83374336526925,49.43757808963061,50.389617919921875,146640000
2018-10-31,51.235351399048334,52.07872005381638,51.17392714872992,51.703102111816406,153435600
2018-11-01,51.7479932575457,52.52994134683256,51.218818240233645,52.49686813354492,233292800
2018-11-02,49.503724364174225,50.472298994177216,48.5304203553,49.01470947265625,365314800
2018-11-05,48.263483105324866,48.28474368617873,46.8153412419974,47.62327575683594,264654800
2018-11-06,47.70122910815629,48.362696958228696,47.64689531758217,48.13827133178711,127531600
2018-11-07,48.6580010661063,49.62421481077782,48.22332347597132,49.598228454589844,133697600
2018-11-08,49.77839177248752,49.81158038382015,49.01268077134279,49.4251708984375,101450400
2018-11-09,48.72819205902181,48.83723877094481,47.945885174497356,48.472164154052734,137463200
2018-11-12,47.17544226481076,47.37694685707779,45.9403449234574,46.03042984008789,204542000
2018-11-13,45.42830599596469,46.74400049739225,45.385632848101636,45.57054138183594,187531600
2018-11-14,45.966425098721565,46.1039218061146,44.07703636390938,44.28328323364258,243204000
2018-11-15,44.66020321846803,45.50888738331428,44.306978799247624,45.37613296508789,185915200
2018-11-16,45.160412515171664,46.22008232656418,44.913869072574464,45.87871170043945,147713200
2018-11-19,45.04188265017564,45.20782570490304,43.854200625676015,44.06044387817383,167701200
2018-11-20,42.28485823515441,43.01975380169379,41.60685899945494,41.95534133911133,271300800
2018-11-21,42.607250817126655,42.735266618961745,41.85339364940584,41.90791702270508,124496800
2018-11-23,41.47171605144784,41.86524068594316,40.79845939163042,40.84349822998047,94496000
2018-11-26,41.30576604178376,41.474078369668035,40.36225480749693,41.39584732055664,179994000
2018-11-27,40.65859891607065,41.43142518724016,40.50925196099607,41.305782318115234,165549600
2018-11-28,41.89606149396926,42.97706609276824,41.469348200420384,42.89409637451172,184250000
2018-11-29,43.301847521528224,43.3350361348104,42.126015647425476,42.56458282470703,167080000
2018-11-30,42.74000397877434,42.749488506107106,41.967181396370556,42.33462905883789,158126000
2018-12-03,43.7285573355553,43.84234634091446,42.95810408732895,43.813899993896484,163210000
2018-12-04,42.89645874139606,43.23782932087698,41.78700797536975,41.886573791503906,165377200
2018-12-06,40.71786040102842,41.43379028172995,40.40019746688139,41.4195671081543,172393600
2018-12-07,41.12798162215356,41.36504416362529,39.89762645314932,39.94266891479492,169126400
2018-12-10,39.115328775609974,40.32197653453872,38.71943466995566,40.20581817626953,248104000
2018-12-11,40.69415986213853,40.72497553514085,39.58944746589914,39.975860595703125,189126800
2018-12-12,40.39545486304984,40.75579093217634,40.06831102170334,40.087276458740234,142510800
2018-12-13,40.416786406967034,40.90987683469424,40.193947081069616,40.52583312988281,127594400
2018-12-14,40.06356413527948,40.082529570127996,39.18169130990103,39.229103088378906,162814800
2018-12-17,39.221995872633826,39.909479397667184,38.57718548508604,38.86403274536133,177151600
2018-12-18,39.20540286647577,39.71508586552915,38.97070965657398,39.36897659301758,135366000
2018-12-19,39.35239665605946,39.6961367467661,37.714293011444084,38.14100646972656,196189200
2018-12-20,38.02483942939825,38.430218065260014,36.81582234497566,37.17852783203125,259092000
2018-12-21,37.18563569205263,37.493817763282536,35.47167428612858,35.73244094848633,382978400
2018-12-24,35.1208086565069,35.92682334359603,34.7509917276026,34.80788803100586,148676800
2018-12-26,35.15637725808617,37.273344115545655,34.781817991073616,37.25912094116211,234330000
2018-12-27,36.94382229366778,37.16429231852565,35.575974156047664,37.017311096191406,212468400
2018-12-28,37.337352040383294,37.57915685691389,36.6380182335606,37.03628158569336,169165600
2018-12-31,37.58152679042015,37.77828914637844,37.09554782616534,37.394248962402344,140014000
2019-01-02,36.718617135510485,37.657386397267345,36.56215498900312,37.43691635131836,148158800
2019-01-03,34.13226039084803,34.54475047514119,33.66287761719509,33.70792007446289,365248800
2019-01-04,34.26265396297282,35.21564653531297,34.089599294610764,35.14689636230469,234428400
2019-01-07,35.25120757867321,35.282026873927535,34.58743158120101,35.068668365478516,219111200
2019-01-08,35.455070009455085,35.99083362118485,35.20852657958671,35.73717498779297,164101200
2019-01-09,35.86518409738925,36.63326790098298,35.47166309582496,36.344051361083984,180396400
2019-01-10,36.15203830332984,36.50052053570231,35.76325587216913,36.46022033691406,143122800
2019-01-11,36.24212643871853,36.436515862873954,35.91734826183033,36.102256774902344,108092800
2019-01-14,35.76088033917748,35.8604461572393,35.37446729835511,35.55937576293945,129756800
2019-01-15,35.62339821578827,36.3630323765045,35.57124415396462,36.287174224853516,114843600
2019-01-16,36.28953607113632,36.95331194342955,36.270570632809374,36.730472564697266,122278800
2019-01-17,36.55503044271233,37.37526814219723,36.33219115255746,36.94855499267578,119284800
2019-01-18,37.33734824404253,37.42743316241718,36.977012187831065,37.1761474609375,135004000
2019-01-22,37.07893917894597,37.1547972829931,36.18047045549764,36.3416748046875,121576000
2019-01-23,36.54318990699627,36.7778831290405,35.96238739453365,36.48866653442383,92522400
2019-01-24,36.53370666750917,36.62141864613615,35.97186962856401,36.19944763183594,101766000
2019-01-25,36.85847696932407,37.48669477291411,36.58348721486467,37.39897918701172,134142000
2019-01-28,36.93197130900929,37.05998710557618,36.4270305613809,37.05287551879883,104768400
2019-01-29,37.04102463814137,37.48670340411951,36.53371090938889,36.6688346862793,166348800
2019-01-30,38.70045460226316,39.38793443159078,37.98452481209461,39.17457962036133,244439200
2019-01-31,39.37846066569241,40.06357129642498,39.011012986557645,39.45669174194336,162958400
2019-02-01,39.57995887212942,40.05882254527424,39.33578115515661,39.475650787353516,130672400
2019-02-04,39.68664637395677,40.69416231326555,39.65582708181052,40.59696578979492,125982000
2019-02-05,40.978640381799345,41.504919632922416,40.8577397603801,41.291561126708984,144406400
2019-02-06,41.402975219897854,41.6210759612757,40.97626549992744,41.305782318115234,112958400
2019-02-07,40.869588815238885,41.23466722725265,40.381240461638164,40.52347946166992,126966800
2019-02-08,40.23301855889848,40.630610517833716,40.09731162648508,40.57109069824219,95280000
2019-02-11,40.723455587227264,40.7615491383027,40.29491221963111,40.337764739990234,83973600
2019-02-12,40.4972827563848,40.71155263291125,40.40204887463883,40.68536376953125,89134000
2019-02-13,40.80440440861806,41.06390993130662,40.454427604228414,40.516326904296875,89960800
2019-02-14,40.40443110443633,40.77345103559048,40.325864516022556,40.663936614990234,87342800
2019-02-15,40.77106581080337,40.87820073162931,40.4139469861832,40.57345962524414,98507200
2019-02-19,40.404439480348884,40.816315650930065,40.352061743881706,40.69489288330078,75891200
2019-02-20,40.75678995456549,41.26389995148661,40.70917482812812,40.9567756652832,104457600
2019-02-21,40.9020100056452,41.037713269610336,40.544891181904646,40.725830078125,68998800
2019-02-22,40.84964246264774,41.18771459739539,40.80202733418214,41.180572509765625,75652800
2019-02-25,41.463889012500914,41.8710025541568,41.413890764380966,41.480552673339844,87493600
2019-02-26,41.35675981411305,41.73530505681617,41.22819494837858,41.50436782836914,68280800
2019-02-27,41.23769916275863,41.66385932542661,41.123418532992716,41.63290786743164,111341600
2019-02-28,41.501982779664566,41.642448686195074,41.16866960038352,41.223426818847656,112861600
2019-03-01,41.49245157272372,41.69957935859273,41.1615215591532,41.6567268371582,103544800
2019-03-04,41.82814408844058,42.3185867630682,41.41864748708526,41.86623764038086,109744800
2019-03-05,41.88766004746085,41.90194421992407,41.5543469478492,41.79004669189453,78949600
2019-03-06,41.58530913421484,41.78053589569321,41.41151226975844,41.549598693847656,83241600
2019-03-07,41.39483191254346,41.53053880871638,40.954387544867565,41.06866455078125,99185600
2019-03-08,40.54966580330091,41.204383840899425,40.35443904470858,41.166290283203125,95997600
2019-03-11,41.78052922098767,42.64475443502301,41.747198271035906,42.592376708984375,128044000
2019-03-12,42.85425845120637,43.489929515629875,42.704267384130986,43.0709114074707,129870400
2019-03-13,43.389951908070735,43.639935896652894,43.0733060069069,43.261390686035156,124130000
2019-03-14,43.7827826161151,43.83040138322581,43.46375722016386,43.7423095703125,94318000
2019-03-15,44.00895177597191,44.59938731167194,43.744683657393075,44.311309814453125,156171600
2019-03-18,44.23513175842596,44.851756233015,44.23274864058947,44.763668060302734,104879200
2019-03-19,44.84222239614171,44.994592951140454,44.263688004342946,44.40891647338867,126585600
2019-03-20,44.337498406840204,45.11363909902574,43.98037952623001,44.796993255615234,124140800
2019-03-21,45.239831570241165,46.742111437312964,45.18983331663441,46.44689178466797,204136800
2019-03-22,46.50640488188507,47.065892633364044,45.420763965042106,45.48504638671875,169630800
2019-03-25,45.59455068456965,45.70644820999302,44.425584460679715,44.93507385253906,175381200
2019-03-26,45.63027370922542,45.920730708925866,43.944672043567564,44.4708251953125,199202000
2019-03-27,44.937458102492236,45.17791683539124,44.413684482957166,44.87079620361328,119393600
2019-03-28,44.98507795541089,45.13030645740991,44.647005823321656,44.930320739746094,83121600
2019-03-29,45.19458762583912,45.2541074425039,44.887463337480106,45.2231559753418,94256000
2019-04-01,45.625507499441596,45.6350290710456,44.84937044927723,45.530277252197266,111448000
2019-04-02,45.49457582788161,46.29690559672788,45.48505425363155,46.1921501159668,91062800
2019-04-03,46.008809797501385,46.78256727145678,45.98500042210558,46.5087776184082,93087200
2019-04-04,46.37545200589024,46.75161762841101,45.98262272618478,46.589725494384766,76457200
2019-04-05,46.770682232826715,46.92543597231255,46.646879967798476,46.90162658691406,74106400
2019-04-08,46.763533832359514,47.67061534846491,46.744487053171795,47.63966751098633,103526800
2019-04-09,47.69202998328842,48.2943701052345,47.43252087860452,47.496803283691406,143072800
2019-04-10,47.30158392300267,47.792030232425006,47.1825442973062,47.763458251953125,86781200
2019-04-11,47.818220384265864,47.8539308198169,47.2444485010714,47.365867614746094,83603200
2019-04-12,47.42539124332817,47.64918634491624,46.71353653021887,47.346824645996094,111042800
2019-04-15,47.27778318747662,47.58014488597061,47.14207625605754,47.432533264160156,70146400
2019-04-16,47.487296069627796,47.942024745778596,47.273022532160425,47.43729782104492,102785600
2019-04-17,47.50633470465432,48.42056183866063,47.28492273304426,48.36104202270508,115627200
2019-04-18,48.35865206262389,48.603873379039385,48.21580670422305,48.53483200073242,96783200
2019-04-22,48.28961717719952,48.79196456564161,48.172957030939074,48.69435119628906,77758000
2019-04-23,48.67055156185173,49.46097661418437,48.54436981827364,49.39669418334961,93292000
2019-04-24,49.36811454468543,49.63476214823507,49.294310556760166,49.320499420166016,70162400
2019-04-25,49.241936964004154,49.463348946368356,48.834819804661606,48.8729133605957,74172800
2019-04-26,48.782428934724166,48.80623830897068,48.120569018036306,48.639583587646484,74596400
2019-04-29,48.66340354702817,49.03718976166445,48.534842333816606,48.713401794433594,88818800
2019-04-30,48.34437319932044,48.42531927458395,47.403960863567825,47.77536392211914,186139600
2019-05-01,49.96808228138352,51.260851075448706,49.81332856402731,50.120452880859375,259309200
2019-05-02,49.958544811914926,50.627546867778136,49.551431362489616,49.79426956176758,127985200
2019-05-03,50.2085397880018,50.434714380027714,50.05140658953269,50.41328811645508,83569600
2019-05-06,48.63720541769776,49.72046666569017,48.449124420101235,49.63475799560547,129772400
2019-05-07,49.01574935276211,49.38238974098722,47.81344860502053,48.296749114990234,155054800
2019-05-08,48.06819518356875,48.88718831771538,48.03248475211498,48.3062744140625,105358000
2019-05-09,47.71107867635127,48.01581981569588,46.82066463565413,47.78726577758789,139634400
2019-05-10,47.182619788615604,47.52438618157137,46.07128914292564,47.12525939941406,164834800
2019-05-13,44.861959909569315,45.28498038440615,43.70043870801492,44.386356353759766,229722400
2019-05-14,44.551263298573964,45.33755885279071,44.31226720167281,45.08900451660156,146118800
2019-05-15,44.51780844350511,45.827506164416576,44.458059413303786,45.6291389465332,106178800
2019-05-16,45.38775015951254,45.99957959112661,45.132022582428725,45.42837905883789,132125600
2019-05-17,44.675530176376924,45.62434479299866,44.63490128521863,45.17025375366211,131516400
2019-05-20,43.860575112945824,44.05894235797274,43.08622626273383,43.75780487060547,154449200
2019-05-21,44.26685628541341,44.93126512693006,44.14257729693959,44.59667205810547,113459200
2019-05-22,44.13302589344985,44.38397255733177,43.62874391724978,43.683712005615234,118994400
2019-05-23,42.97150481396772,43.14835961585324,42.49590120341213,42.938045501708984,146118800
2019-05-24,43.067096506223606,43.53074952387793,42.68948223047205,42.77313232421875,94858800
2019-05-28,42.76117173928439,43.16029469500414,42.51978704777683,42.59626388549805,111792800
2019-05-29,42.16368200323392,42.86394231443668,42.06330410151559,42.39311981201172,113924800
2019-05-30,42.52934126682536,42.83525588238824,42.223426651262486,42.61299133300781,84873600
2019-05-31,42.118289580157494,42.538925128983735,41.821936694530024,41.84105682373047,108174400
2019-06-03,41.96770228326284,42.522171149534344,40.69385306777315,41.41801071166992,161584400
2019-06-04,41.92947891959907,42.978671716588416,41.70960293183085,42.93326187133789,123872000
2019-06-05,44.04219726486092,44.21188608599536,43.29174972065366,43.6263427734375,119093600
2019-06-06,43.75540941879875,44.32660999100133,43.53314113426265,44.26686096191406,90105200
2019-06-07,44.575153373485605,45.868122919848474,44.398298624873526,45.445098876953125,122737600
2019-06-10,45.84183945170739,46.69266494884902,45.796429611108664,46.0258674621582,104883600
2019-06-11,46.57077698006724,46.84323236940541,46.26964322768004,46.5588264465332,107731600
2019-06-12,46.353295595119384,46.83606876664861,46.219458354725056,46.4106559753418,73012800
2019-06-13,46.53254111697809,47.03204210337555,46.269647588406826,46.401092529296875,86698400
2019-06-14,45.77970385867657,46.26725429994497,45.48095873253902,46.064109802246094,75046000
2019-06-17,46.10233608169049,46.59467100260571,45.927869988201316,46.33894348144531,58676400
2019-06-18,46.85518283180173,47.868523890430765,46.65442699718173,47.42877197265625,106204000
2019-06-19,47.72272812848213,47.770530254527024,47.15630867339425,47.29014587402344,84496800
2019-06-20,47.88765736978177,47.94501775858043,47.32840725446429,47.67017364501953,86056000
2019-06-21,47.512425596440636,48.002368332728025,47.35707594275429,47.50764465332031,191202400
2019-06-24,47.45028079634536,47.83745693129313,47.3618534124554,47.459842681884766,72881600
2019-06-25,47.4239923880106,47.622359580324556,46.67354481128587,46.7404670715332,84281200
2019-06-26,47.266253524997595,48.03582115790758,47.16587561376463,47.75141525268555,104270000
2019-06-27,47.86853220087833,48.174450595474106,47.69645834618091,47.73708724975586,83598800
2019-06-28,47.483740662644806,47.67971920381685,47.09417952190008,47.30210494995117,124442400
2019-07-01,48.55685035429376,48.872327042221684,47.95457899802631,48.169677734375,109012000
2019-07-02,48.13620626822179,48.54727985958251,48.12425573364212,48.45167922973633,67740800
2019-07-03,48.583124628476725,48.86036096665152,48.44211781134659,48.85319137573242,45448000
2019-07-05,48.599851347583254,49.01331351953692,48.492300200743436,48.81016540527344,69062000
2019-07-08,47.99280999831783,48.13381683307876,47.419220772325794,47.80400466918945,101354400
2019-07-09,47.60801181797024,48.16009210287902,47.51480350554136,48.09556579589844,82312000
2019-07-10,48.241377650530545,48.690687963580935,48.17206672006527,48.571189880371094,71588400
2019-07-11,48.590290100983076,48.84840629256591,48.20789857947526,48.21745681762695,80767200
2019-07-12,48.38477294332398,48.755217728956325,48.325023901989475,48.587921142578125,70380800
2019-07-15,48.77670972449391,49.20212246066729,48.75520095224477,49.04438781738281,67789600
2019-07-16,48.896215043761046,49.25949016524323,48.6357101496391,48.87470626831055,67467200
2019-07-17,48.7671538673035,49.01570820127691,48.58073720512569,48.599857330322266,56430000
2019-07-18,48.75519363437105,49.204507370131275,48.683494090844796,49.15192794799805,74162400
2019-07-19,49.18302670905555,49.35271561673331,48.363271488255016,48.41823959350586,83717200
2019-07-22,48.67155105881449,49.52715747734154,48.661992820040304,49.5247688293457,89111600
2019-07-23,49.821129303572306,49.92867682071002,49.54150065350668,49.91194534301758,73420800
2019-07-24,49.63232270243721,49.98603593109381,49.51282464508648,49.87131881713867,59966400
2019-07-25,49.92388833664692,50.00753841889171,49.40765595621234,49.476966857910156,55638400
2019-07-26,49.58691415556109,50.12465542771981,49.50565634966482,49.64905548095703,70475600
2019-07-29,49.821129523719435,50.34213928080888,49.8163485805303,50.112701416015625,86693600
2019-07-30,49.89282495285342,50.22742168380975,49.546281334227054,49.897605895996094,135742800
2019-07-31,51.723533663924655,52.90656358701365,50.49987484291198,50.91572570800781,277125600
2019-08-01,51.1212623066255,52.10831732750633,49.41005306995918,49.8139533996582,216071600
2019-08-02,49.12086968695259,49.335964725004594,48.18878632633897,48.759986877441406,163448400
2019-08-05,47.3188422121064,47.476576876746385,46.02587235225602,46.2075080871582,209572000
2019-08-06,46.917329331748846,47.33796485122246,46.374807099768596,47.082237243652344,143299200
2019-08-07,46.702228891752036,47.69406125048899,46.32222596704192,47.56978225708008,133457600
2019-08-08,47.84701642967316,48.64287384600723,47.65343018049829,48.61897277832031,108038000
2019-08-09,48.292715357100306,48.642973433081345,47.81050558062374,48.218345642089844,98478800
2019-08-12,47.889667686680966,48.47263670436005,47.776912437595854,48.095985412597656,89927600
2019-08-13,48.225529607627415,50.8932623822907,48.095979326471294,50.13276672363281,188874000
2019-08-14,48.738937007183495,49.525822471872054,48.60218985928062,48.64057540893555,146189600
2019-08-15,48.81090128055658,49.213938506270125,47.90166247767573,48.39826583862305,108909600
2019-08-16,49.00761563034861,49.69854069963497,48.902057226913584,49.54020309448242,110481600
2019-08-19,50.52861197082405,51.03480988446153,50.387069397884126,50.46384048461914,97654400
2019-08-20,50.590983470819914,51.18354695733414,50.45663774540958,50.46623229980469,107537200
2019-08-21,51.097189663129065,51.25552363068702,50.763723018625974,51.013221740722656,86141600
2019-08-22,51.14516455142714,51.4450447285328,50.55979786001343,50.970035552978516,89014800
2019-08-23,50.2431331866759,50.87168465912164,48.22074260469428,48.61418533325195,187272000
2019-08-26,49.38667048720254,49.70574345904227,49.194746427216245,49.537811279296875,104174400
2019-08-27,49.866484637260236,50.0320191125947,48.82769906450178,48.97883987426758,103493200
2019-08-28,48.96443397138166,49.35307748719448,48.777309044460935,49.3074951171875,63755200
2019-08-29,50.02001089929177,50.21673404219307,49.57858818046229,50.14236068725586,83962000
2019-08-30,50.418258218749706,50.4878288131881,49.70814030749895,50.07759475708008,84573600
2019-09-03,49.52341468933475,49.65536271132292,48.99322853822822,49.34828567504883,80092000
2019-09-04,49.993622833766814,50.255117463865645,49.73692731137663,50.185546875,76752400
2019-09-05,50.859671080373495,51.33228246769847,50.74211674919472,51.166748046875,95654800
2019-09-06,51.351479283319904,51.440242639191425,50.982024876577526,51.16195297241211,77449200
2019-09-09,51.54101108118064,51.924859218012465,50.63657499459651,51.38027572631836,109237600
2019-09-10,51.30591654727255,52.00643642918845,50.79012393941995,51.98724365234375,127111600
2019-09-11,52.3159027038598,53.66896203989214,52.23433250615887,53.64017105102539,177158400
2019-09-12,53.93044792976908,54.31909144012457,53.46503334244901,53.52021026611328,128906800
2019-09-13,52.778914620535716,52.96843729417026,52.064001256565966,52.479034423828125,159053200
2019-09-16,52.23433694894849,52.81010918684441,52.193553676952725,52.75492858886719,84632400
2019-09-17,52.769315475406735,52.975633179223315,52.567793218654614,52.946842193603516,73274800
2019-09-18,53.03321320207144,53.462643699876494,52.64456963297275,53.443450927734375,101360000
2019-09-19,53.261112707705195,53.68094492041944,52.86767009478741,53.00921630859375,88242400
2019-09-20,53.10996992603427,53.39305500210904,52.17194403243454,52.234317779541016,221652400
2019-09-23,52.52701683843027,52.74053140147138,52.21514068797828,52.471839904785156,76662000
2019-09-24,53.02602396286162,53.37628569847682,52.10479273201134,52.22234344482422,124763200
2019-09-25,52.43104362735866,53.13876001506895,52.092777955931126,53.026004791259766,87613600
2019-09-26,52.77890730027131,53.004417762621344,52.498219914361066,52.75251770019531,75334000
2019-09-27,52.90845848244411,53.009221444627215,52.12637228824465,52.495826721191406,101408000
2019-09-30,52.99481963756266,53.87766871925499,52.96843003744191,53.731327056884766,103909600
2019-10-01,53.99522253227226,54.75091905282625,53.78650345675115,53.88006591796875,139223200
2019-10-02,53.513023851006665,53.63777504503247,52.282314281140316,52.5294189453125,138449200
2019-10-03,52.402249782450696,53.00921051139086,51.61056919642942,52.975624084472656,114426000
2019-10-04,54.131972438434296,54.57579658165948,53.71214017454711,54.46063995361328,138478800
2019-10-07,54.283118305032474,55.161164797015786,54.17995760700077,54.47264099121094,122306000
2019-10-08,54.17516269518079,54.712545705751026,53.817704155676886,53.834495544433594,111820000
2019-10-09,54.46543502807617,54.647760851343286,54.13196842959568,54.46543502807617,74770400
2019-10-10,54.68135673321952,55.28351855399068,54.530219592534166,55.19955062866211,113013600
2019-10-11,55.88567662071718,57.010827782874266,55.73213809572937,56.66776657104492,166795600
2019-10-14,56.35348195750364,57.128374978236515,56.298305029368485,56.58618927001953,96427600
2019-10-15,56.710957386975224,57.01323538083914,56.34870333920314,56.454261779785156,87360000
2019-10-16,55.98643327019431,56.4350565436216,55.945650001818564,56.22633743286133,73903200
2019-10-17,56.39906255635208,56.65336035527154,56.02241496568268,56.444644927978516,67585200
2019-10-18,56.27911289972252,56.996427616238385,56.20714092357815,56.71574020385742,97433600
2019-10-21,56.98202981651674,57.81449743804238,56.93404972278588,57.6993408203125,87247200
2019-10-22,57.855293803611595,58.10479254390562,57.48583931085349,57.56740951538086,82293600
2019-10-23,58.080803860863966,58.3542944816092,57.869687009535255,58.33989715576172,75828800
2019-10-24,58.65898029472468,58.72855456941306,58.01123962423717,58.43587112426758,69275200
2019-10-25,58.33509539573167,59.19155132829628,58.26792252496766,59.15556716918945,73477200
2019-10-28,59.35708964228901,59.796114715182654,59.18915745445604,59.74813461303711,96572800
2019-10-29,59.72893318688571,59.9160581205968,58.19354817678271,58.366275787353516,142839600
2019-10-30,58.71892597283783,58.84847623630248,57.867269349622845,58.35906982421875,124522000
2019-10-31,59.313910448417545,59.776923756110406,56.919664109777756,59.67856216430664,139162000
2019-11-01,59.86567872270404,61.398666062574364,59.77451763685892,61.37228012084961,151125200
2019-11-04,61.734523594841924,61.859278422094505,61.26671495652278,61.77531051635742,103272000
2019-11-05,61.667361337070204,61.940855593414504,61.49223598607557,61.68655776977539,79897600
2019-11-06,61.600188782243734,61.772920071009715,61.26432442111376,61.71294403076172,75864400
2019-11-07,62.259143320569045,62.64655235097991,62.1075488018549,62.425174713134766,94940400
2019-11-08,62.2471153056992,62.66820792913619,61.804367371392445,62.59602355957031,69986400
2019-11-11,62.153279546974815,63.156686525438744,62.14846970255619,63.09172058105469,81821200
2019-11-12,62.935297752615874,63.233676949273935,62.78371057577408,63.03395462036133,87388800
2019-11-13,62.834254786647584,63.7125324344588,62.819817909181324,63.637939453125,102734400
2019-11-14,63.46467940785747,63.736586128680244,63.06765065462409,63.19758987426758,89182800
2019-11-15,63.44783851732507,63.95315121393565,63.28662428540103,63.948341369628906,100206400
2019-11-18,63.95797391868933,64.3501929351306,63.580199124620194,64.27079010009766,86703200
2019-11-19,64.46329144370087,64.48735535838527,63.85932904179426,64.07588958740234,76167200
2019-11-20,63.895401946077534,64.02533382823812,62.65858906891337,63.329933166503906,106234400
2019-11-21,63.450248664199975,63.527250234635154,62.84627906996454,63.04600143432617,121395200
2019-11-22,63.18557447069228,63.32754201730535,62.764481676352055,62.99066925048828,65325200
2019-11-25,63.21445211320928,64.11198402499917,63.16873287669626,64.09513854980469,84020400
2019-11-26,64.2322767453233,64.28521440608328,63.16390384145732,63.59462356567383,105207600
2019-11-27,63.905031361017265,64.48253585383468,63.8400654100489,64.44884490966797,65235600
2019-11-29,64.15046511887911,64.48733780292622,63.98202510521868,64.30686950683594,46617600
2019-12-02,64.3116891343449,64.54750372068722,63.39250938731946,63.563350677490234,94487200
2019-12-03,62.155696372325146,62.4492584727649,61.66963766381255,62.43001174926758,114430400
2019-12-04,62.819819076069386,63.358815426886686,62.72597202752109,62.98103332519531,67181600
2019-12-05,63.47430551157911,63.97961816434409,63.21924426325192,63.9050178527832,74424400
2019-12-06,64.36223771269803,65.20923322764743,64.31891972597421,65.13945007324219,106075600
2019-12-09,64.96859806309656,65.16109467560312,63.74382055858157,64.22747802734375,128042400
2019-12-10,64.63171799255643,64.98543616897592,63.972402115751365,64.60284423828125,90420400
2019-12-11,64.68224783580021,65.23327979738657,64.60765485527283,65.15386962890625,78756800
2019-12-12,64.43439691719212,65.58458117297278,64.32371175724688,65.31989288330078,137310400
2019-12-13,65.31990472745893,66.2439016435434,65.19237407521152,66.20780944824219,133587600
2019-12-16,66.65295849103184,67.56492701892114,66.64814864663275,67.34114074707031,128186000
2019-12-17,67.27137184882572,67.80074117462817,67.08608634301142,67.47349548339844,114158400
2019-12-18,67.32670036448889,67.8320130444866,67.16307754415392,67.31226348876953,116028400
2019-12-19,67.25450901811797,67.6587561829255,67.12216855664366,67.37963104248047,98369200
2019-12-20,67.91144902458615,68.01250719304456,67.02835395986887,67.24010467529297,275978000
2019-12-23,67.50237420380351,68.39749741890061,67.46387341201411,68.33734130859375,98572000
2019-12-24,68.50337109692963,68.55149892131642,68.07746848987897,68.40230560302734,48478800
2019-12-26,68.53463746360407,69.77626014178544,68.50576371301644,69.75941467285156,93121200
2019-12-27,70.05059726659418,70.73637850152565,69.3287238284087,69.73297119140625,146266000
2019-12-30,69.65114955957583,70.4283691578937,68.63090426605163,70.14683532714844,144114400
2019-12-31,69.76423208192604,70.66657360200388,69.66557519453796,70.65935516357422,100805600
2020-01-02,71.28258275873242,72.33170915039722,71.02993003048753,72.27155303955078,135480400
2020-01-03,71.5015494021164,72.32688945190185,71.34514498799838,71.56892395019531,146322800
2020-01-06,70.693043053502,72.17769145821572,70.44279162661955,72.13919067382812,118387200
2020-01-07,72.148820106767,72.40388138645835,71.58095004051803,71.79991912841797,108872000
2020-01-08,71.50395296037216,73.25569843032547,71.50395296037216,72.95491790771484,132079200
2020-01-09,73.92945117823741,74.69704373534724,73.67920704582386,74.50454711914062,170108400
2020-01-10,74.73793929040194,75.2360335553344,74.17247048793807,74.67296600341797,140644800
2020-01-13,74.98817927043977,76.29476778625667,74.87026834030729,76.26829528808594,121532000
2020-01-14,76.20574087506732,76.41508290193035,75.11571277328815,75.2384262084961,161954400
2020-01-15,75.0387288028542,75.91700649010697,74.48528821645434,74.91600799560547,121923600
2020-01-16,75.45740996278018,75.96513130059404,75.09647333767747,75.85443878173828,108829200
2020-01-17,76.10228015577917,76.69662274727602,75.7966897960532,76.69422149658203,137816400
2020-01-21,76.32367788203553,76.76401744064394,76.03733416906334,76.17449188232422,110843200
2020-01-22,76.65810863389025,76.99738987709428,76.35251832728817,76.44636535644531,101832400
2020-01-23,76.49931964228543,76.89393987673444,75.95309750344295,76.81453704833984,104472000
2020-01-24,77.05995149554447,77.80107129528129,76.4030443474141,76.5931396484375,146537600
2020-01-27,74.60800142643146,75.01946709734743,73.36156878763045,74.34091186523438,161940000
2020-01-28,75.21921487710054,76.61483394161012,75.12055795784767,76.4439926147461,162234000
2020-01-29,78.07060092433913,78.8887225352215,77.33188214601793,78.04412841796875,216229200
2020-01-30,77.12975418029563,77.9839679399373,76.69903440937786,77.9310302734375,126743200
2020-01-31,77.22358883501371,77.64468154540367,74.18210016247106,74.47566223144531,199588400
2020-02-03,73.22200714636392,75.4333461257712,72.7215115901091,74.27113342285156,173788400
2020-02-04,75.87127869651542,76.91318645690339,75.46703146839315,76.72309112548828,136616400
2020-02-05,77.84679598712277,78.14517520873252,76.74714816252607,77.34870910644531,118826800
2020-02-06,77.61821910965085,78.2558723391088,77.06237729988993,78.25346374511719,105425600
2020-02-07,77.7541699853459,78.00260098507661,76.70014712861753,77.18977355957031,117684000
2020-02-10,75.77880950230002,77.5564193725586,75.6992182164735,77.5564193725586,109348800
2020-02-11,78.05086071182195,78.12321641331339,76.87141125259707,77.08848571777344,94323200
2020-02-12,77.53710627398911,78.92398019498478,77.53710627398911,78.91915893554688,113730400
2020-02-13,78.19315895415963,78.68278545723169,77.99055564537478,78.35717010498047,94747600
2020-02-14,78.32581612373606,78.62490351773702,77.86996050397198,78.37647247314453,80113600
2020-02-18,76.06339782410153,77.12224944183446,75.88250122650535,76.94135284423828,152531200
2020-02-19,77.18256041371585,78.28482562119284,77.18256041371585,78.0556869506836,93984000
2020-02-20,77.8169106346844,78.30412292796458,76.75082321347557,77.25492095947266,100566000
2020-02-21,76.84969364795695,77.29108544658935,74.89118775773731,75.50623321533203,129554000
2020-02-24,71.69775916241636,73.36682749250087,69.76096006520021,71.9196548461914,222195200
2020-02-25,72.58778111739974,72.96886672904328,69.01326241271661,69.48358917236328,230673600
2020-02-26,69.10974593206521,71.84731631381621,69.10251036153399,70.58586120605469,198054800
2020-02-27,67.80006024068396,68.98191678336323,65.83672522986622,65.97179412841797,320605600
2020-02-28,62.04995543810668,67.151238688421,61.835287914284685,65.93319702148438,426510000
2020-03-02,68.08465633915449,72.7059623843327,66.98480559511727,72.07161712646484,341397200
2020-03-03,73.24385726370319,73.32344855796747,68.93368652238642,69.78269958496094,319475600
2020-03-04,71.4999874378904,73.17870588852956,70.70163100181635,73.01951599121094,219178400
2020-03-05,71.27808809920204,72.25010562325896,70.28677817477744,70.65098571777344,187572800
2020-03-06,68.01713389438318,70.14448006147832,67.8314160013331,69.71273803710938,226176800
2020-03-09,63.61531637779285,67.07405914136177,63.43441974354321,64.19901275634766,286744800
2020-03-10,66.84490987612755,69.08802459436366,64.97081653756358,68.82270812988281,285290000
2020-03-11,66.90520532305104,67.82898060143201,65.57138749972806,66.43245697021484,255598800
2020-03-12,61.73156686549944,65.12277445766078,59.816474316666195,59.8719482421875,418474000
2020-03-13,63.89027147674693,67.51543909047871,61.01039330045894,67.04510498046875,370732000
2020-03-16,58.35725065107087,62.488927074911565,57.88692016083435,58.41996383666992,322423600
2020-03-17,59.69829959615255,62.13437204877519,57.50100834396888,60.98869705200195,324056000
2020-03-18,57.83144203035199,60.29887079269061,57.19227179173887,59.495689392089844,300233600
2020-03-19,59.669353459047855,60.98386817289122,58.51643928547833,59.039833068847656,271857200
2020-03-20,59.618696461531016,60.74025764199119,54.99256896191713,55.29165267944336,401693200
2020-03-23,55.01187186548029,55.11317353712298,51.280577065059646,54.117034912109375,336752800
2020-03-24,57.00896347667582,59.74170869121859,56.512101379550025,59.54634094238281,287531200
2020-03-25,60.47977424301287,62.288740571318336,58.924063936740446,59.21832275390625,303602000
2020-03-26,59.45951435519265,62.392448772259634,59.42092219277503,62.334564208984375,252087200
2020-03-27,60.96215693824958,61.71468565033882,59.58734345256695,59.75376892089844,204216800
2020-03-30,60.477355032834254,61.63026911474741,60.154150297630075,61.45901870727539,167976400
2020-03-31,61.64957210604245,63.3114052959559,60.78126682215682,61.33360290527344,197002000
2020-04-01,59.45467737995239,59.99013156396864,57.67706812240997,58.10639572143555,176218400
2020-04-02,57.96891771690177,59.12906732554458,57.13920472068674,59.07600402832031,165934000
2020-04-03,58.56226275717802,59.26172817079223,57.63848363538416,58.22700119018555,129880000
2020-04-06,60.51593510688668,63.46092940152983,60.14932068380105,63.30656814575195,201820400
2020-04-07,65.31572084333918,65.5328026233651,62.46961765507172,62.57332992553711,202887200
2020-04-08,63.371695937944736,64.48843215066613,63.00749578061629,64.17488098144531,168895200
2020-04-09,64.80922404965942,65.13966065726305,63.84444219472263,64.63796997070312,161834800
2020-04-13,64.71514828862199,66.01519525081281,64.11698094413983,65.90665435791016,131022800
2020-04-14,67.53472816549852,69.52459069180338,67.06439407863688,69.23515319824219,194994800
2020-04-15,68.11361434863234,69.0615109892011,67.68670092198845,68.60324096679688,131154400
2020-04-16,69.3147638013278,69.51254587742164,68.10155073366812,69.1483383178711,157125200
2020-04-17,68.66594602627303,69.21105020012682,66.77738117936849,68.2100830078125,215250000
2020-04-20,67.04028220194732,67.93993657233999,66.77496571925322,66.79425811767578,130015200
2020-04-21,66.63745522157011,66.87141502030714,64.02048403628226,64.72959899902344,180991600
2020-04-22,65.99348871174,67.02821933430408,65.65340957801277,66.59407043457031,116862400
2020-04-23,66.5386095259871,67.95684041674475,66.29741399655765,66.33600616455078,124814400
2020-04-24,66.85938066911224,68.26072562347866,66.81113863556433,68.2510757446289,126161200
2020-04-27,67.96887246841614,68.62975298338314,67.52266679021487,68.29931640625,117087600
2020-04-28,68.76000857373481,68.94090519524222,67.10058974876348,67.1922378540039,112004800
2020-04-29,68.67559111709774,69.86709736755677,68.47298779881385,69.39917755126953,137280800
2020-04-30,69.93705315982548,71.03931848812404,69.54873189331651,70.86324310302734,183064000
2020-05-01,69.04220099303798,72.11744313333922,68.94572428038448,69.72237396240234,240616800
2020-05-04,69.74650982081866,70.83671089109956,69.05910113576175,70.70887756347656,133568000
2020-05-05,71.16716033947453,72.5998625344933,71.02244153337789,71.77014923095703,147751200
2020-05-06,72.4695983843977,73.14012158473827,72.0860984199546,72.51060485839844,142333600
2020-05-07,73.1352926720061,73.6056267954184,72.83379832640894,73.26071166992188,115215200
2020-05-08,73.91854342819974,75.05764724717811,73.5920466345589,75.00444030761719,133838400
2020-05-11,74.51351849296185,76.67805797013625,74.30552496131641,76.1846923828125,145946400
2020-05-12,76.86665763109883,77.3164993988426,75.1930711866458,75.31399536132812,162301200
2020-05-13,75.49297320787404,76.41200151515211,73.33084801811279,74.40465545654297,200622400
2020-05-14,73.64526572674791,74.92222510630167,72.92455476842612,74.86176300048828,158929200
2020-05-15,72.63917339112623,74.46512598393333,72.60531107010586,74.41917419433594,166348400
2020-05-18,75.73968112913077,76.54503320734271,75.05041158146969,76.1725845336914,135178400
2020-05-19,76.18948854925284,77.03353696378241,75.70095751911882,75.7323989868164,101729600
2020-05-20,76.58855099973772,77.27539958314759,76.54985436932522,77.20526885986328,111504800
2020-05-21,77.06742188839526,77.60674654641333,76.39266269950214,76.62967681884766,102688800
2020-05-22,76.368473598234,77.20527445284804,76.26690139409212,77.123046875,81803200
2020-05-26,78.23797358104541,78.41693907225796,76.54503443091458,76.60066223144531,125522000
2020-05-27,76.45794538565892,77.07949007225308,75.72030344662004,76.93437957763672,112945200
2020-05-28,76.61030820274443,78.22344013486418,76.334604889172,76.96824645996094,133560800
2020-05-29,77.21008551765564,77.66959590522207,76.53774740179506,76.89326477050781,153532400
2020-06-01,76.84734052965656,77.95984481124701,76.71674030765645,77.83892059326172,80791200
2020-06-02,77.57286288939194,78.22343558014592,77.1326970947877,78.19924926757812,87642800
2020-06-03,78.51851253045199,78.89096118094021,77.94774639510123,78.6297607421875,104491200
2020-06-04,78.45320362768672,78.75067242701921,77.58012709236915,77.95257568359375,87560400
2020-06-05,78.20168176339025,80.23320685109042,78.172661136236,80.17274475097656,137250400
2020-06-08,79.87042779704282,80.68062134923207,79.16181381231353,80.64675903320312,95654400
2020-06-09,80.32753042867137,83.58522126328481,80.29608895604107,83.19342803955078,147712400
2020-06-10,84.13905436012791,85.800551637391,83.70130935970825,85.33378601074219,166651600
2020-06-11,84.4800733592576,84.90330810607846,81.1353128647156,81.23688507080078,201662400
2020-06-12,83.36999367827895,84.11488361837434,80.83058508428364,81.93824768066406,200146000
2020-06-15,80.59597529574442,83.60214898703789,80.43393362831908,82.95157623291016,138808800
2020-06-16,85.00003381550317,85.420855036557,83.36997801465319,85.14997863769531,165428800
2020-06-17,85.89245860360263,85.95292070417966,84.91055468068187,85.03147888183594,114406400
2020-06-18,84.98795249991922,85.4813253336703,84.45830388000144,85.06534576416016,96820400
2020-06-19,85.76909781061914,86.23344248469422,83.47395207274757,84.5792007446289,264476000
2020-06-22,84.97101145656654,86.93481917934642,84.92505967255737,86.79212951660156,135445200
2020-06-23,88.03282290304573,90.05951379803278,87.61442248881565,88.64469909667969,212155600
2020-06-24,88.27466483721669,89.19127232771852,86.70748456883423,87.0799331665039,192623200
2020-06-25,87.23472854623947,88.27467380594872,86.47774180640029,88.23597717285156,137522400
2020-06-26,88.13198219774738,88.3520651420764,85.37732519563349,85.52485656738281,205256800
2020-06-29,85.43294416349418,87.59023505976948,84.95650253776073,87.49591064453125,130646000
2020-06-30,87.08477823143156,88.51168985334573,87.06543360477359,88.22630310058594,140223200
2020-07-01,88.30367167024684,88.84540963268662,88.01103722238888,88.05940246582031,110737200
2020-07-02,88.96392034743998,89.59756186721356,87.94574082247463,88.05940246582031,114041600
2020-07-06,89.48391355913485,90.88179710275243,89.45247208428117,90.41503143310547,118655600
2020-07-07,90.79230361416894,91.56863486785247,90.02322751685155,90.13447570800781,112424400
2020-07-08,91.10912534007682,92.26516034352021,91.02205608216732,92.23371887207031,117092000
2020-07-09,93.12371357510385,93.1769205126767,91.58556145720479,92.6303482055664,125642800
2020-07-10,92.22645698371295,92.85042991453263,91.61700174534108,92.7923812866211,90257200
2020-07-13,94.09351780316075,96.69580839278001,92.15147586145397,92.36430358886719,191649200
2020-07-14,91.74760549870197,94.08386192882043,90.8164950630273,93.89280700683594,170989200
2020-07-15,95.7622883592816,96.01139191075474,93.34380441075506,94.53853607177734,153198000
2020-07-16,93.41396366642356,94.22899176074843,92.77790106301757,93.3752670288086,110577600
2020-07-17,93.82508300436295,93.97986213133798,92.71499243301174,93.18659973144531,92186800
2020-07-20,93.27366748344572,95.28826123103211,92.9302395381322,95.15040588378906,90318000
2020-07-21,95.93883651984883,96.01380892881413,93.58806992037168,93.83717346191406,103433200
2020-07-22,93.53970946249737,94.78039302096889,93.4526475751938,94.10079956054688,89001600
2020-07-23,93.83476371071059,93.91215697447913,89.00989228366163,89.81766510009766,197004400
2020-07-24,88.020703299422,89.9385587989967,86.23827489456232,89.59513092041016,185438800
2020-07-27,90.6544431599045,91.81047808647506,90.43194679011566,91.71857452392578,121214000
2020-07-28,91.2904945734554,91.46704652134645,90.20701133687025,90.21185302734375,103625600
2020-07-29,90.69314722395283,92.12489295560428,90.6568714411887,91.94108581542969,90329200
2020-07-30,91.11639584326105,93.15759717934402,90.71009225292192,93.05360412597656,158130000
2020-07-31,99.53029641393837,102.94519477180637,97.53746050279906,102.79524993896484,374336800
2020-08-03,104.67196614624173,107.99738106099281,104.37449739019563,105.38542175292969,308151200
2020-08-04,105.57407987592546,107.17753592025956,104.85336899973937,106.08921813964844,173071600
2020-08-05,105.81110781245884,106.79301183705664,105.34675558446708,106.47377014160156,121776800
2020-08-06,106.8050811008857,110.6819103626939,106.2173913049504,110.18853759765625,202428800
2020-08-07,109.71126970314928,110.1667657488304,106.88865674050672,107.683349609375,198045600
2020-08-10,109.12491431547922,110.26365418298434,106.60515752548201,109.24848175048828,212403600
2020-08-11,108.51435673757749,109.01103688460056,105.74019692749955,105.99944305419922,187902400
2020-08-12,107.08729946496186,109.77908349339258,106.89347486656195,109.52226257324219,165598000
2020-08-13,110.89843148039117,112.46116903802795,110.41143740175444,111.46053314208984,210082000
2020-08-14,111.28607559185257,111.45082721405979,109.55616137687677,111.3611831665039,165565200
2020-08-17,112.48055471705385,112.50478464058327,110.4453668374708,111.0704574584961,119561600
2020-08-18,110.82333108852379,112.41998472569632,110.48897736471524,111.99598693847656,105633600
2020-08-19,112.40301949215254,113.54660235506186,112.04201803934366,112.13650512695312,145538000
2020-08-20,112.17771917197317,114.73866801271163,112.1607574830829,114.62479400634766,126907200
2020-08-21,115.58180005044522,121.01382096112869,115.56968878487616,120.53167724609375,338054800
2020-08-24,124.72559897540391,124.81040740037858,120.11250865643729,121.97325134277344,345937600
2020-08-25,120.84907330953439,121.31668056382314,119.25483735042155,120.9726333618164,211495600
2020-08-26,122.28580069310276,123.07322510919757,121.22216847119705,122.61772918701172,163022400
2020-08-27,123.218587014397,123.55051548073467,120.01073632402604,121.15190124511719,155552400
2020-08-28,122.12346328551597,122.54019279849011,120.73275303132817,120.95565795898438,187630000
2020-08-31,123.64260037932992,126.9570498293378,122.11136090455392,125.05753326416016,225702700
2020-09-01,128.66273593650766,130.6397854362347,126.50156266667052,130.03890991210938,151948100
2020-09-02,133.343693114531,133.72165634087213,123.0805253018372,127.3447265625,200119000
2020-09-03,122.9932991459097,124.86372826632623,116.78112142003687,117.1493911743164,257599600
2020-09-04,116.36438893039704,119.88235689314044,107.46770259236347,117.22692108154297,332607200
2020-09-08,110.4332501967872,115.3177056334054,109.20244843470786,109.33812713623047,231366600
2020-09-09,113.64108048769229,115.46305656905125,111.70280522899553,113.69922637939453,176940500
2020-09-10,116.6454372541948,116.78111596753853,109.02801283276419,109.98745727539062,182274400
2020-09-11,111.03413361469418,111.6737682049014,106.60517351967947,108.54344940185547,180860300
2020-09-14,111.17950360312706,112.35215960156188,109.3187605672934,111.79975128173828,140150100
2020-09-15,114.67808528768974,115.16265421996873,110.10375338394648,111.97418975830078,184642000
2020-09-16,111.67375141580924,112.41998426492623,108.58219948246469,108.66941833496094,154679000
2020-09-17,106.33378598514221,108.73724325822185,105.35495487136528,106.93464660644531,178011000
2020-09-18,106.99279077238347,107.45797267218795,102.81580275668837,103.54265594482422,287104900
2020-09-21,101.31366180172101,106.78929159662262,99.91810106836907,106.68268585205078,195713800
2020-09-22,109.20245128230411,109.37689638794417,105.79108936459673,108.35929870605469,183055400
2020-09-23,108.17516112594639,108.65003656547653,103.47483700123934,103.81404113769531,150718700
2020-09-24,101.92421570211286,106.84743726159023,101.75946405865736,104.88008880615234,167743300
2020-09-25,105.08360984198643,108.96985441233768,104.34706305845842,108.81478881835938,149981400
2020-09-28,111.46053107152444,111.76096139819123,109.29935070600561,111.41207122802734,137672400
2020-09-29,111.0147338283158,111.75127320535319,110.06497556622581,110.56892395019531,99382200
2020-09-30,110.27816986021487,113.64107856003926,110.11341824056427,112.23582458496094,142675200
2020-10-01,114.00939664059382,114.0869294571189,112.25525918184798,113.18563079833984,116120400
2020-10-02,109.40596665096126,111.80943167027127,108.75664609356778,109.53195190429688,144712000
2020-10-05,110.39450032404892,113.0499360657336,110.04561009300302,112.9045639038086,106243800
2020-10-06,112.12925207481908,112.53629561221867,108.78572927732188,109.66764831542969,161498200
2020-10-07,111.0825560440416,111.98385432135075,110.60767328926947,111.52835845947266,96849000
2020-10-08,112.66228646720481,112.80765863820771,111.05351392426137,111.42179107666016,83477200
2020-10-09,111.72220870495784,113.38912696820374,111.37331849200241,113.36005401611328,100506900
2020-10-12,116.35467592893329,121.31666387202866,115.59874966676792,120.56073760986328,240226800
2020-10-13,121.40388985664498,121.5201890553274,115.957340112208,117.36258697509766,262330500
2020-10-14,117.26567529237093,119.23302386837867,115.92826777316701,117.44981384277344,150712000
2020-10-15,115.05604455535725,117.45950223722147,114.50363628707971,116.98462677001953,112559200
2020-10-16,117.53703239008934,117.79870373934006,115.14326081684207,115.3467788696289,115393800
2020-10-19,116.25777640664253,116.70357893346838,112.09048805904365,112.4006118774414,120639300
2020-10-20,112.6138242501148,115.3080339002408,112.06141592703932,113.8833999633789,124423700
2020-10-21,113.06930582021845,115.04634782768703,112.85609432030498,113.26313781738281,89946000
2020-10-22,113.8252274699149,114.39702259575029,111.0534928722476,112.17769622802734,101988000
2020-10-23,112.79794326147403,112.95300885211658,110.75306199696499,111.48960876464844,82572600
2020-10-26,110.49140153597219,112.95301241046303,109.39627110087882,111.49930572509766,111850700
2020-10-27,111.92572130525396,113.66047883675716,111.00504336225823,113.00146484375,92276800
2020-10-28,111.49931413026005,111.86758385649746,107.67121513386326,107.76812744140625,143937800
2020-10-29,108.90201007579887,113.32127578669785,108.73725104125917,111.7609634399414,146129200
2020-10-30,107.63243577844652,108.53373417860142,104.39551925367714,105.50033569335938,190272600
2020-11-02,105.74263480892598,107.26418098664796,104.00787711431103,105.41312408447266,122866900
2020-11-03,106.27565178371685,108.0491682897085,105.37435335866708,107.03157806396484,107624400
2020-11-04,110.61737510643056,112.02262179632525,108.88261775780121,111.40237426757812,138235500
2020-11-05,114.3097976289083,115.92826333290571,113.26313445106743,115.3564682006836,126387100
2020-11-06,114.8662234022807,115.72053342058035,112.74014741905776,115.22542572021484,114457900
2020-11-09,116.98257616030648,118.4290806298261,112.66247568801708,112.92459106445312,154515300
2020-11-10,112.1770700305599,114.15751541071181,110.79851455087879,112.58480834960938,138023400
2020-11-11,113.76917192946232,116.13794216149259,113.04106477723523,116.00202941894531,112295000
2020-11-12,116.12827545684921,117.011708557713,115.10892216454586,115.73023986816406,103162300
2020-11-13,115.95350121258507,116.17678327325962,114.42933043398126,115.77875518798828,81581900
2020-11-16,115.44869936969526,117.45827535475047,114.70117908437909,116.78842163085938,91183000
2020-11-17,116.06031664652185,117.14761890185565,115.48753500270898,115.90498352050781,74271000
2020-11-18,115.14776544105797,116.32244455787598,114.55557079610209,114.5846939086914,76322100
2020-11-19,114.1575190169027,115.58461058534773,113.4002885699786,115.17687225341797,74113000
2020-11-20,115.17686579253606,115.30306839104708,113.8662741381708,113.91481018066406,73604300
2020-11-23,113.75951725004242,114.18667602451636,110.42963862000234,110.52671813964844,127959300
2020-11-24,110.58495144916897,112.46831748552103,109.30347536130687,111.80816650390625,113874200
2020-11-25,112.17708182311867,113.34205068763839,111.80816933755735,112.64306640625,76499200
2020-11-27,113.1673088628538,114.060452186272,112.82752688184597,113.18672180175781,46691300
2020-11-30,113.55562680437811,117.43886611768262,113.40029367663415,115.57491302490234,169410200
2020-12-01,117.47771042124693,119.86590193418374,116.50690050184049,119.1377944946289,127728200
2020-12-02,118.45821072635326,119.76880990592802,117.36119829848747,119.48727416992188,89004200
2020-12-03,119.91442821402666,120.16684084637635,118.64266969338425,119.35136413574219,78967600
2020-12-04,119.0212852595791,119.27369789260959,117.97280885162905,118.68150329589844,78260400
2020-12-07,118.73973457388429,120.93376661663584,118.68148836078066,120.13770294189453,86712000
2020-12-08,120.73961821864586,121.33181279274314,119.49697544555106,120.74932098388672,82225500
2020-12-09,120.89494675486756,122.27349493369557,117.46798924542293,118.2252197265625,115089200
2020-12-10,116.98258416090866,120.25421594451468,116.64280220277539,119.6426010131836,81312200
2020-12-11,118.85625070668806,119.1766197360741,117.03113084780422,118.83683776855469,86939800
2020-12-14,119.021283489644,119.74939086099992,117.99222744160214,118.2252197265625,79184500
2020-12-15,120.71050298397499,124.16659136683006,120.5066337877432,124.14717102050781,157243700
2020-12-16,123.69087513639985,124.62284421095526,122.86568091464977,124.07919311523438,98208600
2020-12-17,125.13739633154813,125.79755479893534,124.30249918400162,124.9432373046875,94359800
2020-12-18,125.1956339798523,125.33154675459895,122.43853039208297,122.9627685546875,192541500
2020-12-21,121.3706398580424,124.56460503939759,119.84646874418631,124.4869384765625,121251600
2020-12-22,127.76828795319533,130.48655855974283,125.86549408459715,128.03041076660156,168904800
2020-12-23,128.30221385873838,128.5643218128226,126.96249172878603,127.13724517822266,88223700
2020-12-24,127.48671653761738,129.56424837102043,127.27313725268434,128.11773681640625,54930100
2020-12-28,130.07881339134244,133.33101740723168,129.61281401111586,132.6999969482422,124486200
2020-12-29,134.02027253990548,134.73866218637744,130.41856229053343,130.93309020996094,121047300
2020-12-30,131.62241857715392,132.02045422329275,129.50604512243837,129.81671142578125,96452100
2020-12-31,130.16618225748783,130.80692029298538,127.87507049302144,128.81675720214844,99116600
2021-01-04,129.62252856286995,129.70989788960378,123.05985224509121,125.63249969482422,143301900
2021-01-05,125.12769391976279,127.89450820387242,124.68111482467101,127.18580627441406,97664900
2021-01-06,123.99182006348317,127.22461824623385,122.69093117209596,122.90451049804688,155088000
2021-01-07,124.61313347302331,127.78768533438151,124.1277286238472,127.09840393066406,109578200
2021-01-08,128.56434751676753,128.75852134682515,126.42856870658443,128.19544982910156,105158200
2021-01-11,125.41891868730954,126.37030813032683,124.74905756448756,125.21504211425781,100384500
2021-01-12,124.74904496331433,125.90431086268742,123.15691766682359,125.04029083251953,91951100
2021-01-13,125.00147562190729,127.61295658608566,124.73936761825328,127.06930541992188,88636800
2021-01-14,126.98193239512918,127.17609140406186,125.00147198922038,125.14710235595703,90221800
2021-01-15,125.02087645693894,126.41884484513,123.29283631414191,123.42874908447266,111598500
2021-01-19,124.05005884858895,124.95291954756551,123.23458227836366,124.09860229492188,90757300
2021-01-20,124.9044008833116,128.62260444676102,124.79761120554318,128.176025390625,104319500
2021-01-21,129.89431728816726,135.59296445439338,129.69044077021863,132.87469482421875,120150900
2021-01-22,132.30196087543968,135.76775903778582,131.07874583699044,135.01052856445312,114459400
2021-01-25,138.89375351472623,140.85477848015867,132.55435242559187,138.7481231689453,157611700
2021-01-26,139.40829883611298,140.08786276088446,137.2433822290361,138.98114013671875,98390600
2021-01-27,139.2432124060488,140.08782682258447,136.31137810940206,137.9132080078125,140843800
2021-01-28,135.4473779641581,137.84527918740616,132.7096874093382,133.0883026123047,142621100
2021-01-29,131.8651231963266,132.7485638456348,126.40917577307293,128.10809326171875,177523800
2021-02-01,129.84579582479762,131.42822035718712,127.10810539305974,130.2244110107422,106239800
2021-02-02,131.76801136085197,132.33108282824628,130.68070911395654,131.04962158203125,83305400
2021-02-03,131.79713965825755,131.80685723730443,129.70990440998943,130.0302734375,89880900
2021-02-04,132.3213832150557,133.38926514344305,130.66129188255576,133.3795623779297,84183100
2021-02-05,133.5399993993488,133.6080499269068,132.09132576396362,132.9663543701172,75693800
2021-02-08,132.2565886683768,133.16079860710033,131.1773789685877,133.1121826171875,71297200
2021-02-09,132.83023162868662,134.05528941674183,132.0816016865625,132.23715209960938,76774200
2021-02-10,132.6941448267895,133.19000731082727,130.67184065877828,131.63438415527344,73046600
2021-02-11,132.13019115518452,132.6066041234454,130.05928645451803,131.38156127929688,64280000
2021-02-12,130.6232339442829,131.77049447527503,129.98153830719173,131.61492919921875,60145100
2021-02-16,131.73154762867546,132.23711228100223,129.10643306502973,129.49534606933594,80576300
2021-02-17,127.60917107594058,128.55226480330498,125.8785488379043,127.21054077148438,97918500
2021-02-18,125.6160304420086,126.3938416655148,123.87569099593317,126.11189270019531,96856700
2021-02-19,126.62723310292547,127.08419679781535,125.2271753854348,126.26748657226562,87668800
2021-02-22,124.45905227095189,126.12162413344431,122.11590849249929,122.50481414794922,103916400
2021-02-23,120.32696770808406,123.19513336260104,115.10592588579131,122.36871337890625,158273000
2021-02-24,121.47421036613527,122.07700703509268,118.83938571072797,121.87283325195312,111039900
2021-02-25,121.22144033722896,122.9520628532438,117.19628243074794,117.63379669189453,148199500
2021-02-26,119.18940199791072,121.3867126364465,117.83796059992733,117.89630126953125,164560400
2021-03-01,120.31722988203185,124.38127883253527,119.38386074641136,124.24516296386719,116307900
2021-03-02,124.84799223826454,125.14939066272868,121.5423045814837,121.64925384521484,102260900
2021-03-03,121.34783450228308,122.22287046374831,118.46021953832745,118.67411804199219,112966300
2021-03-04,118.37271017337518,120.17139052818686,115.32953762534804,116.79764556884766,178155000
2021-03-05,117.62407506080334,118.55744422295456,114.30866329373481,118.05186462402344,153766600
2021-03-08,117.57547079483327,117.6435287378886,112.98639972664601,113.13224029541016,154376600
2021-03-09,115.72817134912674,118.67411961018901,115.4948308955723,117.73102569580078,129525800
2021-03-10,118.31438961434448,118.78107052799325,116.13652062478559,116.65182495117188,111943300
2021-03-11,119.14079423957098,119.79220694881545,117.8963020733253,118.5768814086914,103026500
2021-03-12,117.06016987865702,117.80880722667213,115.8545688924242,117.67269134521484,88105100
2021-03-15,118.04214884674406,120.56029993815383,117.07960562741921,120.55057525634766,92403800
2021-03-16,122.21316031767569,123.6910006545399,121.26034903789751,122.0867691040039,115227900
2021-03-17,120.60892835870807,122.368717641283,118.94635623317845,121.29923248291016,111932600
2021-03-18,119.471356811388,119.76303790222613,116.98237252920022,117.1865463256836,121229700
2021-03-19,116.5740372845451,118.0615946863235,116.36013878430732,116.66153717041016,185549500
2021-03-22,116.99210932461362,120.4339124312078,116.92405138540522,119.96722412109375,111912300
2021-03-23,119.90888714776963,120.79364033005854,118.75189479932533,119.14080047607422,95467100
2021-03-24,119.41304074611715,119.49082337056949,116.73932422708299,116.7587661743164,88530500
2021-03-25,116.22402681020739,118.28522184257633,115.69900522410137,117.2448959350586,98844700
2021-03-26,117.01153462244342,118.11019359332141,115.62120198978319,117.8476791381836,94071200
2021-03-29,118.275494892758,119.17969748186921,117.381016985914,118.022705078125,80819200
2021-03-30,116.7782094597697,117.06016589541106,115.56288383257017,116.57403564453125,85671900
2021-03-31,118.27550452234945,120.09362711310527,117.78937421803873,118.76163482666016,118323800
2021-04-01,120.22971570160718,120.73528780827226,119.0921654805349,119.58802032470703,75089100
2021-04-05,120.433912742921,122.6603902138714,119.65610136330406,122.40760040283203,88651200
2021-04-06,122.99096372232243,123.60348521908364,122.16454371050696,122.7090072631836,80171300
2021-04-07,122.33955551914583,124.37157665316347,121.66869331807787,124.35213470458984,83466700
2021-04-08,125.3729903400282,126.77304785417073,124.95492543996741,126.74388122558594,88844600
2021-04-09,126.19945266403965,129.34956810781136,125.87860482522545,129.31068420410156,106686700
2021-04-12,128.84396428623276,129.16481202818863,127.0063925535893,127.59947204589844,91420000
2021-04-13,128.7661695536294,130.9245888251844,128.2703072556539,130.70095825195312,91266500
2021-04-14,131.19685094542675,131.2551842091699,128.0078372862974,128.36756896972656,87222800
2021-04-15,130.10792810253133,131.2551885555225,129.93291346998677,130.76905822753906,89347100
2021-04-16,130.57457716887737,130.9343087763494,129.5828673880838,130.43846130371094,84922400
2021-04-19,129.80650105955348,131.71213827061115,129.6412185458448,131.099609375,94264200
2021-04-20,131.27460827428777,131.77045575605666,128.15364574587304,129.41758728027344,94812300
2021-04-21,128.6883918850069,130.03983329744375,127.65779819666872,129.79676818847656,68847100
2021-04-22,129.349506750087,130.4287163012516,127.76473251290152,128.280029296875,84566500
2021-04-23,128.4939686507075,131.37185181275385,128.4939686507075,130.59405517578125,78657500
2021-04-26,131.08988992627178,131.3135056957382,129.85511489088012,130.98294067382812,66905100
2021-04-27,131.26487557787047,131.6537886519638,130.38984712331498,130.66207885742188,66015800
2021-04-28,130.58434952245332,131.27466123842572,129.3884728571588,129.87460327148438,107760100
2021-04-29,132.68436155056918,133.2677236525645,128.77587107243528,129.7772979736328,151101000
2021-04-30,128.12450068731047,129.855123368552,127.4342039691682,127.81338500976562,109839500
2021-05-03,128.37728825955,130.35099100560777,128.17312183322954,128.86341857910156,75135100
2021-05-04,127.55085108162373,127.84253218435018,123.18539631101322,124.30349731445312,137564700
2021-05-05,125.61603972510449,126.83136521554766,124.42016359645294,124.54656219482422,84000900
2021-05-06,124.34240994349356,126.15081528786173,123.60348979624123,126.14109802246094,78128300
2021-05-07,127.43640587981206,127.83569855183693,126.10213618024181,126.81310272216797,78973300
2021-05-10,126.03395306208488,126.16055151436144,123.50177596650869,123.54073333740234,88071200
2021-05-11,120.2781205077101,122.97585322059021,119.56716154628263,122.62525177001953,126142800
2021-05-12,120.18072314838845,121.38837175558095,119.06072304066647,119.56715393066406,112172300
2021-05-13,121.32996037075966,122.85900193405529,121.01830882379365,121.70978546142578,105861300
2021-05-14,122.95639247198734,124.55360758966998,122.5668261780835,124.12508392333984,81918000
2021-05-17,123.51151514879045,123.61864605940792,121.9045589198871,122.97586059570312,74244600
2021-05-18,123.25827618031354,123.67705855543517,121.5247143489962,121.59288787841797,63342900
2021-05-19,119.94700386173781,121.66108360866002,119.65482729355216,121.43708801269531,92612000
2021-05-20,121.96300011967811,124.38803886132331,121.83638680726905,123.98873138427734,76857100
2021-05-21,124.48544038866837,124.66074485833978,121.94352929361253,122.15779113769531,79295400
2021-05-24,122.72264215777629,124.60229244585756,122.65446862112498,123.7842025756836,63092900
2021-05-25,124.48542900111524,124.9723924215316,123.02456103094238,123.58943176269531,72009500
2021-05-26,123.64786424977021,124.06664669892854,123.12195088824402,123.54073333740234,56575900
2021-05-27,123.1414373640431,124.3101288080937,121.81691643126096,122.0116958618164,94625600
2021-05-28,122.29412358918856,122.51812660764142,121.30073666690714,121.35916900634766,71311100
2021-06-01,121.81689796777825,122.07985090220888,120.70663903510166,121.03776550292969,67637100
2021-06-02,121.0377893589411,121.97274404282008,120.81379374664016,121.79743957519531,59278900
2021-06-03,121.4273366140028,121.59289985456873,119.91777018909227,120.31707763671875,76229200
2021-06-04,120.83327704379282,122.86875724869951,120.61901518744897,122.60579681396484,75169300
2021-06-07,122.87847726693603,123.02456555539773,121.5734387321586,122.61552429199219,71057600
2021-06-08,123.29725429760116,125.10873859219605,122.91742922255409,123.43360137939453,74403800
2021-06-09,123.89133789579034,124.41725123885395,123.21933627459374,123.81342315673828,56877900
2021-06-10,123.7063015458541,124.84578425664763,122.65448221103098,122.8200454711914,71186400
2021-06-11,123.22907955985254,124.1153430132604,122.81029711830921,124.0276870727539,53522400
2021-06-14,124.48541752266156,127.13445162281361,123.75498360492641,127.07601928710938,96906500
2021-06-15,126.5501187512876,127.19290419262148,126.01446421684268,126.25794219970703,62746300
2021-06-16,126.96890813933193,127.47534656209021,125.10874743356234,126.75464630126953,91815000
2021-06-17,126.41374704429569,129.09200433395995,126.26765136661298,128.35182189941406,96721700
2021-06-18,127.30003468372927,128.0791523377771,126.842294888582,127.05655670166016,108953300
2021-06-21,126.90071755171388,128.95567215813708,125.83915719739741,128.84854125976562,79663300
2021-06-22,128.68302775989537,130.58215363705636,128.18632301152311,130.48475646972656,74783600
2021-06-23,130.28018657486302,130.81584104082094,129.75426587711715,130.21200561523438,60214200
2021-06-24,130.94244245203893,131.12748807728477,129.46209231078763,129.92958068847656,68711000
2021-06-25,129.978280483212,130.3970554405537,129.34522887186355,129.6374053955078,70783700
2021-06-28,129.929615432019,131.72161011019884,129.87118308436172,131.2638702392578,62111300
2021-06-29,131.28333809814853,132.92925172484664,130.84508067855094,132.77342224121094,64556100
2021-06-30,132.61759460995344,133.82525083392224,132.3254180392348,133.38699340820312,63261400
2021-07-01,133.03636937045857,133.74732088516166,132.21827209331306,133.6888885498047,52485800
2021-07-02,134.30245986108,136.34768102067733,134.1563790042736,136.30873107910156,78852600
2021-07-06,136.415876793308,139.4155130237445,136.415876793308,138.31500244140625,108181800
2021-07-07,139.79534920414747,141.11013660484417,138.9383165822972,140.79849243164062,104911600
2021-07-08,137.88649126591835,140.30178936453598,137.00022759601723,139.50318908691406,105575500
2021-07-09,139.02593841657492,141.85027728075062,138.92854127199598,141.32437133789062,99890800
2021-07-12,142.3956971620693,142.50282808936566,140.2433448448313,140.7303009033203,76299700
2021-07-13,140.2725467114718,143.61307265954179,139.882987848704,141.84054565429688,100827100
2021-07-14,144.23637643322533,145.66802829472786,143.82732030646622,145.25897216796875,127050800
2021-07-15,145.3466125845258,146.08678025462487,143.25269315111336,144.60643005371094,106820300
2021-07-16,144.5870044305878,145.85307833791254,142.07430929851364,142.5709991455078,93251400
2021-07-19,139.9998686480134,140.31152766267098,137.9741296348984,138.73377990722656,121434600
2021-07-20,139.71742366986297,143.26246279631377,139.23046766424767,142.3372344970703,96350000
2021-07-21,141.73339430532917,142.31774737595725,140.85687956010295,141.60678100585938,74993500
2021-07-22,142.13269584600698,144.33373124740575,142.006082551789,142.9702606201172,77338200
2021-07-23,143.7007109713398,144.84018616778306,143.0871416883638,144.68435668945312,71447400
2021-07-26,144.4019164234274,145.92121655552194,143.8467795270844,145.10313415527344,72434100
2021-07-27,145.22972386851797,145.31738722526956,141.75286644595897,142.9410400390625,104818600
2021-07-28,141.0321906538661,143.13584408542147,138.82140631068384,141.19775390625,118931200
2021-07-29,140.91533220968486,142.72680915691933,140.80820129331602,141.84054565429688,56699500
2021-07-30,140.61340882010876,142.51253410621536,140.35044843873504,142.05479431152344,70440600
2021-08-02,142.54173040964227,143.1163348001012,141.46068772656318,141.72364807128906,62880000
2021-08-03,142.0061193250026,144.17793912255732,141.39254995347815,143.51568603515625,64786600
2021-08-04,143.42802249439222,143.9344460279435,142.4638442773508,143.11636352539062,56368300
2021-08-05,143.14558074057953,143.98314564998552,142.35671440302508,143.22349548339844,46397700
2021-08-06,142.74552961710486,143.48680610401973,142.04326141561577,142.5406951904297,54126800
2021-08-09,142.59926530339968,143.0869508994325,141.936020036627,142.49197387695312,48908700
2021-08-10,142.83334623786462,144.0720717018618,141.72142377939727,142.0140380859375,69023100
2021-08-11,142.45294678468827,143.10644361120174,141.94574966449076,142.2676239013672,48493500
2021-08-12,142.58949314109574,145.37905487994794,142.24810732768088,145.22299194335938,72282600
2021-08-13,145.30102293180235,145.7594485046543,144.61826619020815,145.42782592773438,59375000
2021-08-16,144.88162714158625,147.46636967362969,142.86261655746753,147.39808654785156,103296000
2021-08-17,146.53002087530285,147.94430623200614,145.41809822926902,146.4910125732422,92229700
2021-08-18,146.11058891263426,147.0079285089272,142.55047558587256,142.75531005859375,86326000
2021-08-19,141.45807654722455,144.35493005036025,140.94113102889904,143.08694458007812,86960300
2021-08-20,143.80872432514332,144.84261535990314,143.16497579607238,144.54025268554688,60549600
2021-08-23,144.65728343893502,146.49098584387335,144.24762936861552,146.02281188964844,60131800
2021-08-24,145.76918628216262,147.1444629009486,145.47657201899844,145.93499755859375,48606400
2021-08-25,146.12032437546637,146.61777310120064,144.15983406027962,144.70603942871094,58991300
2021-08-26,144.69634380228402,145.44736901605114,143.87702056810593,143.90628051757812,48597200
2021-08-27,143.84772924961433,145.08645474475415,143.21374397198983,144.94015502929688,55802400
2021-08-30,145.33030665463397,149.70972863585897,144.94991248756867,149.3488311767578,90956700
2021-08-31,148.90016654739884,149.03671791602926,147.5638979226051,148.09060668945312,86453100
2021-09-01,149.06600170091482,151.163044100905,148.5880643927795,148.75387573242188,80313700
2021-09-02,150.08035127222993,150.90942268736845,148.64655451799135,149.8657684326172,71115500
2021-09-03,149.9730775691431,150.8216606743961,149.3195806196622,150.49978637695312,57808700
2021-09-07,151.15329277694906,153.38688652354213,150.58757563240493,152.8309326171875,82278300
2021-09-08,153.11374935418493,153.17226923823645,150.18763608775444,151.28981018066406,74420200
2021-09-09,151.6604770125975,152.2652024090621,150.15839699282031,150.27545166015625,57305700
2021-09-10,151.18249570977798,151.650669593774,145.03765581078468,145.30101013183594,140893200
2021-09-13,146.9201475258426,147.69068411470718,145.0864451705449,145.8667449951172,102404300
2021-09-14,146.64702700212126,147.34929527061283,143.2917485822126,144.47193908691406,109296300
2021-09-15,144.9011172737186,145.7594485393446,142.76505234502355,145.3595428466797,83281300
2021-09-16,144.78408681235823,145.301032298818,143.59413289330473,145.12545776367188,68034100
2021-09-17,145.15471031932145,145.15471031932145,142.17006274358968,142.46267700195312,129868800
2021-09-20,140.25834475382314,141.2727239872893,137.7906574556132,139.41952514648438,123478900
2021-09-21,140.38516176883357,141.03867353306788,139.2634909051742,139.89747619628906,75834000
2021-09-22,140.89236024826914,142.82359096635926,140.16083188261564,142.2578887939453,76404300
2021-09-23,143.03817057425258,143.457587900221,142.0530510886709,143.2137451171875,64838200
2021-09-24,142.0725514999574,143.8379707289355,141.97500844122595,143.301513671875,53477900
2021-09-27,141.88727697869655,142.36521431660975,140.27792014196672,141.78973388671875,74150700
2021-09-28,139.72192610299075,141.18498292082313,138.20034939372246,138.41493225097656,108972300
2021-09-29,138.96112166840754,140.89235227723765,138.53195600356045,139.312255859375,74602000
2021-09-30,140.12183534910463,140.82410382973063,137.80044704464729,138.01502990722656,89056700
2021-10-01,138.40517505038864,139.40005789714257,135.68389579904266,139.13670349121094,94639600
2021-10-04,138.26860229461653,138.7075311976416,134.86456666800945,135.713134765625,98322000
2021-10-05,136.0545015739937,138.73677173382114,135.92769858570284,137.6345977783203,80861100
2021-10-06,136.03499804431914,138.6489852474294,134.96208396365105,138.502685546875,83221100
2021-10-07,139.53663979898357,140.6680742735226,139.2050170718562,139.76097106933594,61732700
2021-10-08,140.48268240335435,140.6289820985626,139.04888585839274,139.38050842285156,58773200
2021-10-11,138.76606124094116,141.2434974770439,138.31738395190774,139.29275512695312,64452200
2021-10-12,139.7024045703548,139.72191616043952,137.56633938704366,138.02476501464844,73035900
2021-10-13,137.7614036307742,137.91745167770748,135.7716384818284,137.4395294189453,78762700
2021-10-14,138.6099736345154,140.33638447460456,138.02474508035556,140.21932983398438,69907100
2021-10-15,140.22914177699147,141.3313012712168,139.9755357033759,141.2727813720703,67940300
2021-10-18,139.91698682828363,143.22349439217342,139.63413574665708,142.94064331054688,85589200
2021-10-19,143.38929207620686,145.4960971069184,142.94062972963636,145.09619140625,76378900
2021-10-20,145.037656955219,146.0617994269622,144.47194001956103,145.5838623046875,58418800
2021-10-21,145.14501066086328,145.9545706809791,144.228159195118,145.7985076904297,61421000
2021-10-22,146.00329463249273,146.48121692115393,144.97915205496275,145.02792358398438,58883400
2021-10-25,145.0181800516583,145.69118854784608,143.98428898104416,144.9791717529297,50720600
2021-10-26,145.6521586308098,147.12496353769075,145.34003275537546,145.6424102783203,60893400
2021-10-27,145.68145499107032,146.0423376021523,144.83288673993832,145.18402099609375,56094900
2021-10-28,146.1301073675776,149.39759166799496,146.03256430303534,148.8123779296875,100077900
2021-10-29,143.59416643761676,146.247177609724,142.80411805235417,146.11062622070312,124953200
2021-11-01,145.32053496464482,146.0130400607468,144.15984105888933,145.29127502441406,74588300
2021-11-02,144.9986747309846,147.8370082711022,144.98891149464504,146.32518005371094,69122000
2021-11-03,146.68602771699076,148.2271155108839,146.13007404821352,147.75894165039062,54511500
2021-11-04,147.84674493928904,148.67580139860405,146.92989377476803,147.2420196533203,60394600
2021-11-05,148.36533077411934,148.66813471450217,146.57779487265975,147.7694854736328,65463900
2021-11-08,147.8964511588677,148.0527418478978,146.67545809713351,146.94895935058594,55020900
2021-11-09,146.71454897260128,147.91600218212633,146.57779832196186,147.31039428710938,56787900
2021-11-10,146.53871644786318,146.64616444006643,144.41907415140022,144.48744201660156,65187100
2021-11-11,145.50333134171993,145.96241109507744,144.25302053135974,144.43861389160156,41000000
2021-11-12,144.9856329096499,146.9099196974308,144.0576809080353,146.5094451904297,63804000
2021-11-15,146.88058950641502,148.35555879375588,145.96240025846288,146.51918029785156,59222800
2021-11-16,146.46058703081326,147.97462166575806,145.87450429964008,147.49598693847656,59256200
2021-11-17,147.49598349597346,151.40316186672771,147.48622091573952,149.92820739746094,88807000
2021-11-18,150.1431040324191,154.98799688592075,149.4984160214015,154.20655822753906,137827700
2021-11-19,153.99170308898834,157.2835118889617,152.89769761975694,156.8244171142578,117305600
2021-11-22,157.9281509208038,161.8548695638248,157.26393771700205,157.28347778320312,117467900
2021-11-23,157.38116514595987,158.04539332554327,155.36897034832776,157.66444396972656,96041900
2021-11-24,157.01972573471906,158.37746957878764,155.93548317544833,158.18211364746094,69463600
2021-11-26,155.867151508964,156.72672078738918,152.73163368073872,153.1711883544922,76959800
2021-11-29,155.67175446958956,157.44952783966656,155.10521179906075,156.52157592773438,88748200
2021-11-30,156.2773947152438,161.67906839694083,156.2090119296681,161.46417236328125,174048100
2021-12-01,163.5936085646079,166.34817738546027,160.7120665397166,160.94650268554688,152052500
2021-12-02,155.0563862894109,160.38967666927002,154.13819694441963,159.9598846435547,136739200
2021-12-03,160.21386222018816,161.13205157338396,156.01364225594332,158.08444213867188,118023100
2021-12-06,160.47757621707362,163.98428011365826,160.46781363689186,161.4836883544922,107497000
2021-12-07,165.15647293806026,167.59846003217984,164.43363939250656,167.20773315429688,120405400
2021-12-08,168.13564062689133,171.87676531869016,166.73881675330688,171.01718139648438,116998900
2021-12-09,170.85116144440897,172.6484600825667,169.8841293433167,170.50927734375,108923700
2021-12-10,171.14422713494562,175.4616584549351,170.63628965473916,175.28582763671875,115402700
2021-12-13,176.91700933892764,177.90358129097453,171.45673183795216,171.661865234375,153237000
2021-12-14,171.18328686899508,173.61551126067369,168.21383726682737,170.28463745117188,139380400
2021-12-15,171.04652519555987,175.33465344975855,168.31149697974806,175.13929748535156,131063300
2021-12-16,175.11973661793166,176.9365751900634,166.78767978084602,168.26263427734375,150185800
2021-12-17,165.98671202152144,169.44457351876034,165.75229083845704,167.16864013671875,195432700
2021-12-20,164.37502357405398,166.6216545378973,163.5740596088574,165.8109130859375,107499100
2021-12-21,167.57888393978646,169.1808265329912,165.1955026634982,168.9757080078125,91185900
2021-12-22,169.02450690730925,171.77907444050894,168.15516043354702,171.56417846679688,92135300
2021-12-23,171.76936224404878,172.7461569911751,171.2028195021509,172.1893768310547,68356600
2021-12-27,172.9805656257053,176.2332936859138,172.96104046356876,176.1453857421875,74919600
2021-12-28,175.9793227997058,177.12217071968058,174.38714279522745,175.12950134277344,79144300
2021-12-29,175.16857977375096,176.43841575185178,174.0061917992903,175.21742248535156,62348900
2021-12-30,175.30532209148024,176.3798020768136,173.95734081982604,174.06478881835938,59773000
2021-12-31,173.9573242504266,175.07086935429706,173.14658304866205,173.44940185546875,64062300
2022-01-03,173.70341256103026,178.6362290402615,173.58620196027948,177.78640747070312,104487900
2022-01-04,178.3919838905217,178.6947878000668,174.96342566446933,175.52996826171875,99310400
2022-01-05,175.44206970266174,175.98907226585013,170.58739959731207,170.86090087890625,94537600
2022-01-06,168.69245085589924,171.23212317548703,167.65705080251047,168.00869750976562,96904000
2022-01-07,168.8780676820412,170.09906129270573,167.06122859318413,168.17477416992188,86709100
2022-01-10,165.1564429133354,168.4970788622131,164.2675561955421,168.19427490234375,106765600
2022-01-11,168.32123396506768,171.11485190283432,166.8560422275084,171.01718139648438,76138300
2022-01-12,172.0330618342014,173.06846173538992,170.7632407657719,171.45675659179688,74805200
2022-01-13,171.70096415486904,172.52146809219963,167.80354809549323,168.19427490234375,84505800
2022-01-14,167.36399798657283,169.74737940608347,167.11979931497876,169.05386352539062,80440800
2022-01-18,167.53005178287384,168.53614912039677,165.47879187832885,165.8597412109375,90956700
2022-01-19,166.0551095373263,167.11004966883394,162.08932518842298,162.37258911132812,94815000
2022-01-20,163.10514273299674,165.74248492301732,160.37011513031928,160.6924591064453,91420500
2022-01-21,160.60457194151562,162.470253269675,158.5337720868401,158.64122009277344,122848900
2022-01-24,156.30670516297684,158.53379607319022,151.11014976934194,157.86956787109375,162294600
2022-01-25,155.2908420181254,158.98312538106185,153.37633244719146,156.07228088378906,115798400
2022-01-26,159.70589857439398,160.57524507136318,154.15771304423117,155.98431396484375,108275300
2022-01-27,158.68029600296296,160.0380400395087,154.6070638933257,155.52525329589844,121954600
2022-01-28,161.86461017131842,166.39693569163202,159.0221348271603,166.3773956298828,179935700
2022-01-31,166.21138037947398,170.93906288440527,165.576454917367,170.7241668701172,115541600
2022-02-01,169.9720531603827,170.7827946109015,168.3115050264779,170.55813598632812,86213900
2022-02-02,170.69484950775998,171.79863213102016,169.30780301992357,171.75955200195312,84914300
2022-02-03,170.4311395793071,172.15030783567607,168.125903430298,168.88780212402344,89418100
2022-02-04,167.90977257243412,170.27664070855118,166.93173331488632,168.60418701171875,82465400
2022-02-07,169.06387243592252,170.12993168140494,167.19581380846196,167.89022827148438,77251200
2022-02-08,167.95865801143464,171.49916986063508,167.66524328351184,170.99058532714844,74829200
2022-02-09,172.18377712176584,172.77059159545334,171.05902326407136,172.40872192382812,71285000
2022-02-10,170.31573108381698,171.62629991772872,167.78261335475796,168.340087890625,90865900
2022-02-11,168.54547473503922,169.27900403758753,164.34967876719554,164.93650817871094,98670700
2022-02-14,163.69443102962404,165.85590442480958,162.9022215932997,165.17127990722656,86185500
2022-02-15,167.2153531108256,169.1518664311418,166.5111637354937,168.99537658691406,62527400
2022-02-16,168.0760262456703,169.53329496166765,166.31555287107355,168.76065063476562,61177400
2022-02-17,167.27405840916626,168.13473775909648,164.7702802170368,165.17127990722656,69589300
2022-02-18,166.09060878011084,166.7947832093295,162.54032203615824,163.62594604492188,82772700
2022-02-22,161.35688974047144,163.02934320107533,158.58903724171788,160.71139526367188,91162800
2022-02-23,161.9045621151873,162.5011664749462,156.24172312968074,156.55470275878906,90009200
2022-02-24,149.22921086821898,159.27367681919955,148.66194638721413,159.1660919189453,141147500
2022-02-25,160.24193771015948,161.4938266826065,157.3371601146723,161.22976684570312,91974200
2022-02-28,159.47903178590988,161.7872043480846,158.86286246028953,161.49378967285156,95056600
2022-03-01,161.08308693880304,162.94137076159882,158.41304354311353,159.61602783203125,83474400
2022-03-02,160.7798480922219,163.6846254319098,159.37146939131958,162.90219116210938,79724800
2022-03-03,164.77025023720336,165.20058983386846,161.91437782369874,162.57943725585938,76678400
2022-03-04,160.87765818976635,161.91437725608384,158.54014531943216,159.58663940429688,83737200
2022-03-07,159.7724878532729,161.39603654297554,155.5473512521712,155.80165100097656,96418800
2022-03-08,155.33219707675556,159.30303394754864,152.3785144348394,153.9824981689453,131148300
2022-03-09,157.93371112354035,159.82133388592186,155.90917844123092,159.37142944335938,91454900
2022-03-10,156.68185579600046,156.86768560681452,152.55452973284972,155.03875732421875,105342000
2022-03-11,155.43979371992532,155.78211347729277,151.10708636802252,151.33203125,96970100
2022-03-14,148.1240608517471,150.73542420084024,146.80371664532285,147.31228637695312,108732100
2022-03-15,147.58609577139651,152.1535515492418,147.0775261791108,151.68408203125,92964300
2022-03-16,153.60103819497576,156.48625045296393,151.06792059745445,156.0852508544922,102300200
2022-03-17,155.12678288189394,157.4642957434988,154.16830873861088,157.09263610839844,75615400
2022-03-18,156.98503345512586,160.86784945274542,156.25150421008976,160.3788299560547,123511700
2022-03-21,159.91922502650397,162.69686840529027,159.43020530171944,161.7481689453125,95811400
2022-03-22,161.87525716684658,165.6993938917205,161.28844262082922,165.11257934570312,81532000
2022-03-23,164.3008430281118,168.84872023678926,163.96829829243063,166.4720916748047,98062700
2022-03-24,167.30339150441574,170.31575418142768,166.47206709718986,170.24729919433594,90131400
2022-03-25,170.06140077311755,171.43064919975757,168.9562120921012,170.88294982910156,80546200
2022-03-28,168.38901573521346,171.87083307439428,168.22275085370143,171.7436981201172,90371900
2022-03-29,172.80976906031557,175.07881251217484,172.467449330379,175.02992248535156,100589400
2022-03-30,174.6288971925018,175.66561632731086,172.81951875433577,173.86602783203125,92633200
2022-03-31,173.93448350287292,174.1203133341303,170.5700263491638,170.77542114257812,103049300
2022-04-01,170.208175340956,171.0395147015426,168.1640768197994,170.48202514648438,78751300
2022-04-04,170.7362946873885,174.5702062097959,170.60914482743888,174.52130126953125,76468400
2022-04-05,173.60201018379928,174.38444476373354,170.5896467514563,171.21559143066406,73401800
2022-04-06,168.57481703992445,169.81693085468368,166.39379406221198,168.05645751953125,89058800
2022-04-07,167.4011755212215,169.55285855113002,166.11994669119974,168.35964965820312,77594700
2022-04-08,168.00756384278074,168.00756384278074,165.48422104719532,166.35467529296875,76575500
2022-04-11,165.00498773482366,165.31795249524248,161.8654755697351,162.1099853515625,72246700
2022-04-12,164.33013728303388,166.13950070260202,162.9804385205217,163.97804260253906,79265200
2022-04-13,163.7139749230824,167.28381189911025,163.10759541750994,166.65786743164062,70618900
2022-04-14,166.87304601950618,167.50878046321276,161.4155854111937,161.66009521484375,75329400
2022-04-18,160.32019219645267,162.94134514885508,159.97788741289764,161.4449462890625,69023900
2022-04-19,161.39603175237912,164.1345444765827,160.31040765157212,163.7237548828125,67723800
2022-04-20,165.0538477396104,165.17122256165572,162.45227547603122,163.5574493408203,67929800
2022-04-21,165.2006123983915,167.76307044383682,162.26649466439048,162.76528930664062,87227800
2022-04-22,162.8043941791054,164.1834179598548,157.95331370568275,158.2369384765625,84882400
2022-04-25,157.5816809008669,159.58666436994497,154.98010780953732,159.30303955078125,96046400
2022-04-26,158.68691023637984,158.77493021044737,153.27835294887555,153.35659790039062,95623200
2022-04-27,152.48608239761126,156.28086402556207,151.96772285920957,153.131591796875,88063200
2022-04-28,155.7527492675287,160.90702025080918,155.4397695467575,160.0463409423828,130216800
2022-04-29,158.2858683064252,162.55012002443183,153.7966717400247,154.18788146972656,131747600
2022-05-02,153.2685246478865,154.7551334388098,149.9040675207667,154.49107360839844,123055300
2022-05-03,154.67689768841237,157.18069064394373,152.88709903691972,155.97769165039062,88966500
2022-05-04,156.1635144371754,162.82395888042848,155.76251479077115,162.3740692138672,108256500
2022-05-05,160.25168095172964,160.47662572180528,151.54712572139724,153.32716369628906,130525300
2022-05-06,152.8080631040653,156.16767394547392,151.0156200226824,154.052001953125,116124600
2022-05-09,151.75023984870148,152.63177739233632,148.38085428930862,148.93914794921875,131577900
2022-05-10,152.32811702969943,153.52307898712107,149.7912627423493,151.33883666992188,115366700
2022-05-11,150.34957266016625,152.25954795565056,142.81739949520818,143.4932403564453,142689800
2022-05-12,139.83980605277625,143.19940187956024,135.95128476595931,139.6341094970703,182602000
2022-05-13,141.62247481337442,145.06044619602298,140.1728540722722,144.09075927734375,113990900
2022-05-16,142.56276758428663,144.4923369438145,141.22087499257742,142.55296325683594,86643800
2022-05-17,145.80481151470883,146.69613834453236,143.66954586445135,146.17701721191406,78336300
2022-05-18,143.83604831537036,144.3355756662519,137.02867854993576,137.9298095703125,109742900
2022-05-19,137.00917165386505,138.75263855251626,133.79649006900493,134.53109741210938,136095600
2022-05-20,136.2353274341848,137.81228455615957,129.88832647827988,134.76611328125,137426100
2022-05-23,134.9620011760451,140.31973647724712,134.82487512400195,140.17282104492188,117726300
2022-05-24,137.91999393750385,139.05618952602399,134.51142211755896,137.47923278808594,104132700
2022-05-25,135.58889997563415,138.87994101283223,135.5007506936718,137.63601684570312,92482700
2022-05-26,134.57023400738558,141.37759058232152,134.3253649583187,140.82908630371094,90601500
2022-05-27,142.40601366145458,146.60795908464218,142.27867700009156,146.56878662109375,90978500
2022-05-31,146.01053811087894,147.567901829154,143.8262952175465,145.78524780273438,103718400
2022-06-01,146.8234773391278,148.62572491730577,144.6490389655957,145.6579132080078,74286600
2022-06-02,144.79593383540592,148.16533354946895,143.84584095281429,148.1065673828125,72348100
2022-06-03,143.88503314588232,144.93307974702813,141.49512401563555,142.396240234375,88570300
2022-06-06,144.01235806018857,145.52075950090375,141.92606935448035,143.140625,71598400
2022-06-07,141.3873963509184,145.94195473174813,141.14252729935507,145.6579132080078,67808200
2022-06-08,145.5305644824367,146.79408210793065,144.4335560047601,144.9232940673828,53950200
2022-06-09,144.0613237048235,144.91346299390733,139.60470516840178,139.7124481201172,69473000
2022-06-10,137.40091085996173,137.87105521943323,134.24699651333503,134.31556701660156,91437900
2022-06-13,130.14299644685158,132.4251777606438,128.7423526705115,129.17332458496094,122207100
2022-06-14,130.39764883857168,131.14204524198857,128.7815044194442,130.0352325439453,84784300
2022-06-15,131.53383428431485,134.5212392737676,129.44756042743367,132.6504364013672,91533000
2022-06-16,129.36920136755154,129.67283655853572,126.39158573948599,127.39065551757812,108123900
2022-06-17,127.40045357119396,130.3486710219844,127.14578023984714,128.85986328125,134520300
2022-06-21,130.68172228241795,134.24701531100777,130.58378362269173,133.08143615722656,81000500
2022-06-22,132.0235937967665,134.93263938077834,131.16166488175563,132.57211303710938,73409200
2022-06-23,134.0119221215175,135.74558399228505,132.84634321517927,135.43215942382812,72433800
2022-06-24,137.02873655581266,138.99749360130787,136.90141479225005,138.75262451171875,89116800
2022-06-27,139.77127334833523,140.54506804098577,138.07678343315314,138.75262451171875,70207900
2022-06-28,139.212931320367,140.47644880841756,134.50165406172098,134.6191864013672,67083400
2022-06-29,134.63880492913648,137.7829151592785,133.8650103621575,136.37246704101562,66242400
2022-06-30,134.43306143850023,135.53006961627574,131.02448963925815,133.9139404296875,98964500
2022-07-01,133.2479128863371,136.18634098386156,132.87572215700436,136.07859802246094,71051600
2022-07-05,134.94243962271915,138.70362462604172,134.11966825992553,138.65464782714844,73353800
2022-07-06,138.44894003031942,141.16207781793045,138.18447732277275,139.98670959472656,74064300
2022-07-07,140.3491044689141,143.5422056804672,140.33931508968487,143.3463134765625,66253700
2022-07-08,142.2786895406023,144.52169812610057,142.02403114104803,144.02215576171875,64547800
2022-07-11,142.68026652507825,143.6303594367227,140.82905749070648,141.8966827392578,63141600
2022-07-12,142.7684556965353,145.40324925342907,142.0730359145698,142.8664093017578,77588800
2022-07-13,140.05532229787818,143.4443019452147,139.20316774910646,142.50401306152344,71185600
2022-07-14,141.12290665908233,145.89295009063997,140.30993976956114,145.4228057861328,78140700
2022-07-15,146.70592606919652,147.7637620290884,145.15835206929646,147.08792114257812,76259900
2022-07-18,147.64621935829007,148.4591862413332,143.6891279021673,144.05154418945312,81420900
2022-07-19,144.88413581614606,148.1262000519952,143.89487011094474,147.9009246826172,82982400
2022-07-20,148.01844006316782,150.56508418725386,147.28383290571463,149.89903259277344,64823400
2022-07-21,151.32906041419434,152.3771070356204,148.821603940378,152.16162109375,65086600
2022-07-22,152.20081233549695,153.0725455912705,150.26145356507448,150.927490234375,66675400
2022-07-25,150.84910958984113,151.85796878260385,149.15462011252404,149.8108673095703,53623900
2022-07-26,149.1350139839463,149.9479808770686,147.70498735893062,148.4885711669922,55138700
2022-07-27,149.44845111836102,154.10096215711584,149.0370729884084,153.57203674316406,78620700
2022-07-28,153.7581586202447,154.40461645264705,151.24091273921562,154.12057495117188,81378700
2022-07-29,157.93075852013737,160.27170619819887,156.226464436767,159.1746826171875,101786900
2022-08-01,157.70543713439505,160.23248719622674,157.58790478823227,158.19517517089844,67829400
2022-08-02,156.81416215078264,159.076750020311,156.35380709254014,156.7259979248047,59907000
2022-08-03,157.53896009762985,163.17094866506537,157.45081082004532,162.72039794921875,82507500
2022-08-04,162.60285943908943,163.7586492750685,161.05528505110334,162.40696716308594,55474100
2022-08-05,160.0823608155598,162.67176904705062,159.87637852795464,162.1813507080078,56697000
2022-08-08,163.18179581085533,164.59420304327227,161.05338198319762,161.71054077148438,60276900
2022-08-09,160.8768354992681,162.6423445061743,160.1215870695177,161.75958251953125,63135500
2022-08-10,164.4667081851827,166.0949008724902,163.70165667502752,165.996826171875,70170500
2022-08-11,166.8010905635419,167.71327649760102,164.9669306824805,165.2611846923828,57149200
2022-08-12,166.56565030588854,168.870606944581,166.1536858334444,168.8019561767578,68039400
2022-08-15,168.2330984181666,170.0672580774187,168.06635799154176,169.87109375,54091700
2022-08-16,169.4689479524639,170.38113378052608,168.37041574061854,169.7141571044922,56377100
2022-08-17,169.45918969908251,172.77440813234162,169.26302531896266,171.205078125,79542000
2022-08-18,170.42036968678258,171.54832585930868,169.80243780169835,170.8126983642578,62290100
2022-08-19,169.71418188591318,170.4105825645676,168.02714147630917,168.23312377929688,70346300
2022-08-22,166.43816395511286,166.6049043800519,163.9370276482697,164.35879516601562,69026800
2022-08-23,163.87817957003261,165.4769480040651,163.4564120530002,164.02529907226562,54147100
2022-08-24,164.11359750144874,164.88845187937156,163.06409508904346,164.31956481933594,53841500
2022-08-25,165.54565186504567,166.87959065640632,165.1238991791573,166.77169799804688,51218200
2022-08-26,167.30132415112922,167.77212157949262,160.42564926256463,160.4844970703125,78961000
2022-08-29,158.06182659509352,159.7782908024648,156.7573269679059,158.2874298095703,73314000
2022-08-30,159.02304111055471,159.44479366035216,154.69754815714236,155.86474609375,77906200
2022-08-31,157.23793525223348,157.50276536238007,154.1286845852179,154.2071533203125,87991100
2022-09-01,153.63828680423725,155.38417523650494,151.7060369719439,154.93299865722656,74229900
2022-09-02,156.6886409081276,157.2869518100939,152.0002433352291,152.8241424560547,76957800
2022-09-06,153.47153612406976,154.07965015411935,150.74481100262022,151.56871032714844,73714800
2022-09-07,151.85314497915547,153.6676838931478,150.66632598771957,152.97129821777344,87449600
2022-09-08,151.67658920142858,153.36362955067995,149.75414265238146,151.5000457763672,84923800
2022-09-09,152.49067960307377,154.79565178409123,151.78447599724632,154.35426330566406,68028800
2022-09-12,156.53171708379904,161.11222243462,156.24728104104713,160.29812622070312,104956000
2022-09-13,156.8357585865151,157.46349338077283,150.43089710301157,150.8918914794922,122656600
2022-09-14,151.82370097735972,154.08944624806267,150.66632089509483,152.333740234375,87965400
2022-09-15,151.6864260333709,152.26513119955726,148.47910003124844,149.4501190185547,90481100
2022-09-16,148.31227837796118,148.44959487507353,145.52669163223447,147.81204223632812,162278800
2022-09-19,146.44871449211215,151.59810678770754,146.2427471814607,151.51963806152344,81474200
2022-09-20,150.46035140561636,155.05067517637016,150.14649142825516,153.89328002929688,107689800
2022-09-21,154.32483969180942,155.69802002410492,150.6565200858437,150.7742156982422,101696800
2022-09-22,149.45988650515864,151.50983141556574,148.0180554999838,149.81298828125,86652500
2022-09-23,148.29271727039426,148.5673503753869,145.71311171309017,147.54727172851562,96029900
2022-09-26,146.79202323434507,150.82326264584486,146.77240230987616,147.88075256347656,93339400
2022-09-27,149.81302224747262,151.75507497309587,147.07647912072952,148.85179138183594,84442700
2022-09-28,144.81072915722658,147.75323924438212,142.06438341593866,146.96856689453125,146691400
2022-09-29,143.3002265150421,143.90834038923484,137.9840792223541,139.7495880126953,128138200
2022-09-30,138.5726147256006,140.35774479295515,135.35547138562947,135.5516357421875,124925300
2022-10-03,135.5614611189966,140.32832857992096,135.05142179088293,139.72019958496094,114311700
2022-10-04,142.25072959734777,143.41792753527417,141.4954812316815,143.30023193359375,87830100
2022-10-05,141.3091461524557,144.55571313373582,140.26944671107276,143.594482421875,79471000
2022-10-06,143.0157891213956,144.71263233032042,142.43709909152813,142.64306640625,68402200
2022-10-07,139.80848875807743,140.3577700080511,136.77770625059352,137.4054412841797,85925600
2022-10-10,137.72909545898438,139.1709266873786,135.91455644051044,137.72909545898438,74899000
2022-10-11,137.21904887976436,138.64127407342733,135.57125040118655,136.31668090820312,77033700
2022-10-12,136.46381898254117,137.67024396939837,135.51240615749046,135.68894958496094,70433700
2022-10-13,132.4031536839207,140.8383404618952,131.7950247428473,140.24984741210938,113224000
2022-10-14,141.5445499741852,141.75053227831364,135.5418338120233,135.7281951904297,88598000
2022-10-17,138.36663643162046,140.16155437004147,137.5819641011487,139.6809539794922,85250900
2022-10-18,142.70191550699425,143.8887193551449,137.91542833833753,140.99525451660156,99136600
2022-10-19,138.97473585531196,142.17225768233465,138.78837451258266,141.1031494140625,61758300
2022-10-20,140.27927658716155,143.0942732786787,139.91635681145763,140.64218139648438,64522000
2022-10-21,140.13215438788754,145.01673262152644,139.91636908601356,144.44784545898438,86548600
2022-10-24,144.36934369172494,147.35108041478094,143.20214572577777,146.58602905273438,75981900
2022-10-25,147.21377179556336,149.56778877679034,146.4977652190575,149.420654296875,74732300
2022-10-26,148.06707758643762,149.07733793610197,145.20302197217626,146.48793029785156,88194300
2022-10-27,145.23247083964995,146.19368643958677,141.3679725525205,142.02513122558594,109180200
2022-10-28,145.35994798735243,154.48172928103125,144.98724034146042,152.75546264648438,164762400
2022-10-31,150.2249153618166,151.284220531453,149.0086727671134,150.40145874023438,97943200
2022-11-01,152.10814502054632,152.4710497811702,146.27217011734126,147.76303100585938,80379300
2022-11-02,146.09561013902547,149.2539052221096,142.22130852087065,142.250732421875,93604600
2022-11-03,139.33763513663766,140.06345955714755,136.09106861510674,136.2185821533203,97918500
2022-11-04,139.59827074317496,140.16810151754257,132.0234836201314,135.95333862304688,140814800
2022-11-07,134.7055842324109,136.70980337190065,133.29083425573356,136.4838409423828,83374600
2022-11-08,137.9477720224135,138.94987449555333,135.07897897911388,137.05372619628906,89908500
2022-11-09,136.07126240547402,136.12038860314053,132.22982461259858,132.50491333007812,74917800
2022-11-10,138.7631880310501,144.29444885253906,137.0536956773793,144.29444885253906,118854000
2022-11-11,143.26286485614494,147.37937519314977,141.83828048896822,147.07481384277344,93979700
2022-11-14,146.3576203774582,147.64464544159856,144.84461786588682,145.67971801757812,73374100
2022-11-15,149.55062261259357,150.89659305740093,145.95480194485347,147.40884399414062,89868300
2022-11-16,146.51483522710427,147.2418488642614,144.70709039322372,146.1807861328125,64218300
2022-11-17,143.8621421866718,148.82358651784583,143.58705356948877,148.07691955566406,80389400
2022-11-18,149.63903422199823,150.022194440957,147.3400729082456,148.6369171142578,74829600
2022-11-21,147.52676535819396,147.73307435769456,145.12955132737417,145.41445922851562,58724100
2022-11-22,145.53236323934706,147.7821986794849,144.3533947208252,147.54640197753906,51804100
2022-11-23,146.8292506907543,149.16751994949988,146.72117904456323,148.4208526611328,58301400
2022-11-25,145.70921560778717,146.26922721502757,144.54008119228595,145.51272583007812,35195900
2022-11-28,142.59481349853306,144.0685093862778,140.86568238708142,141.69094848632812,69246000
2022-11-29,141.7596944766532,142.27057984792378,137.8887997144492,138.6944122314453,83763800
2022-11-30,138.9203437218135,146.11198429763354,138.08525867650403,145.43408203125,111380900
2022-12-01,145.61097586517099,146.51484082101652,144.0390276864429,145.70921325683594,71250400
2022-12-02,143.40040769964443,145.4046270438478,143.09583136119605,145.21795654296875,65447400
2022-12-05,145.17866278529172,148.2734173934748,143.21373541725012,144.05865478515625,68826400
2022-12-06,144.49095300364328,144.71691547188212,139.43125562304482,140.40390014648438,64727200
2022-12-07,139.69653991914743,140.85584008868295,137.5449416476374,138.4684600830078,69721100
2022-12-08,139.86351440208722,141.0031757409908,138.62561570092225,140.14842224121094,62128300
2022-12-09,139.8439047836886,143.01727390300547,138.42915440090607,139.6670684814453,76097000
2022-12-12,140.1976036561907,141.96604177691333,138.5863633664679,141.9562225341797,70462700
2022-12-13,146.87833415604433,147.34009332894186,141.71058010364294,142.91900634765625,93886200
2022-12-14,142.8011107216781,144.0881358235322,138.68458524913544,140.69863891601562,82291200
2022-12-15,138.63546667684503,139.3133690938159,133.64454880056923,134.10630798339844,98931900
2022-12-16,134.29296269794702,135.23611943482993,131.38486361161162,132.15118408203125,160156900
2022-12-19,132.74067737544078,132.82909551472687,129.01714637272462,130.04872131347656,79592600
2022-12-20,129.08590439011405,130.91328746393052,127.61220884643005,129.97994995117188,77432800
2022-12-21,130.64803543949063,134.41087369361549,130.42207295695286,133.07472229003906,85928000
2022-12-22,131.9939964474779,132.20030541745464,128.01501569466643,129.91116333007812,77852100
2022-12-23,128.62415014924704,130.0978457490201,127.3665977700706,129.54766845703125,63814900
2022-12-27,129.07611099897005,129.1055837164495,126.4627534469259,127.7497787475586,69007800
2022-12-28,127.39608344761355,128.73223486036684,123.66272537894751,123.82974243164062,85438400
2022-12-29,125.74554124055933,128.19187403447657,125.49010604619004,127.3371353149414,75703700
2022-12-30,126.1581629090278,127.67115035805845,125.19534521858718,127.65149688720703,77034200
2023-01-03,127.9953746812147,128.6044974020352,121.99252063798394,122.87673950195312,112117500
2023-01-04,124.66482384759799,126.40378887161263,122.88656686996354,124.14411926269531,89113600
2023-01-05,124.90062068574457,125.52939692056383,122.57218626779334,122.82762145996094,80962700
2023-01-06,123.80025946812165,128.0051956310965,122.69989736764362,127.3469467163086,87754700
2023-01-09,128.18205614149144,131.07050217869943,127.61222532540481,127.86766052246094,70790800
2023-01-10,127.9757103650532,128.958174020526,125.87323874198964,128.43746948242188,63896200
2023-01-11,128.94836939344688,131.1687321095965,128.17222961380043,131.1490936279297,69458900
2023-01-12,131.53223946571177,131.90556546211644,129.1350257391296,131.0704803466797,71379600
2023-01-13,129.7146531663583,132.55397204801548,129.35114647285715,132.3967742919922,57809700
2023-01-17,132.46561675484807,134.88246968730516,131.77789498509242,133.55615234375,63646600
2023-01-18,134.42069543585905,136.1792989256054,132.6620769549058,132.83892822265625,69672800
2023-01-19,131.72876893688178,133.86071392112063,131.42420750930626,132.8979034423828,58280400
2023-01-20,132.90769302903612,135.59964906296133,131.86628386729487,135.4522705078125,80223600
2023-01-23,135.69792523903192,140.8067501207088,135.48178195598197,138.635498046875,81760300
2023-01-24,137.84949253259393,140.64952034187644,137.83967329148908,140.0305633544922,66435100
2023-01-25,138.41935368230486,139.9323416606216,136.37582674384313,139.37234497070312,65799300
2023-01-26,140.65933109437518,141.72039372676826,139.41159795380088,141.43548583984375,54105100
2023-01-27,140.64949717713105,144.64811636457318,140.57089828761406,143.37091064453125,70555800
2023-01-30,142.41794502488958,142.9975950119405,140.34494601130174,140.4923095703125,64015300
2023-01-31,140.19759064122545,141.80883078137197,139.78495761656453,141.75970458984375,65874500
2023-02-01,141.44529588395375,144.0389993752098,138.8417731528238,142.8796844482422,77663600
2023-02-02,146.28887274258696,148.52888929698446,145.5716782733727,148.1752166748047,118339000
2023-02-03,145.4341369902227,154.62018089842738,145.2376471989092,151.79067993164062,154357300
2023-02-06,149.89452545981646,150.41523013113607,148.13590667152536,149.06924438476562,69858300
2023-02-07,147.9983592694092,152.5078649107581,147.9983592694092,151.9380340576172,83322600
2023-02-08,151.18154087876943,151.86926257026718,148.51905726950346,149.2559051513672,64120100
2023-02-09,151.0832773681269,151.62363543992853,147.782198500911,148.22430419921875,56007100
2023-02-10,147.0632167115801,148.91305820143486,146.82706002572684,148.58834838867188,57450700
2023-02-13,148.52933886882354,151.78625678187208,148.49982115470684,151.38284301757812,62199000
2023-02-14,149.68055772689488,151.3041068890254,148.4407688328002,150.7432403564453,61707600
2023-02-15,150.6546952720313,153.00636811059493,150.42838780610393,152.83909606933594,65573800
2023-02-16,151.0482514150965,153.8230360580732,150.89082864502956,151.24505615234375,68167900
2023-02-17,149.90686323328694,150.54643357945778,148.43091780603734,150.10365295410156,59144100
2023-02-21,147.79137232815333,148.87373860585663,146.0300835825423,146.0989532470703,58867200
2023-02-22,146.48269724609548,147.54538003263738,144.80012742797703,146.52206420898438,51011300
2023-02-23,147.68313363952294,147.92912460701393,144.87884561858363,147.0041961669922,48394200
2023-02-24,144.75090982195374,144.82962872471046,143.38320079150859,144.35733032226562,55469600
2023-02-27,145.34131909727375,146.77789803104127,145.08547886576312,145.54794311523438,44998500
2023-02-28,144.69193014508028,146.6893761530565,144.47545683262067,145.04615783691406,50547000
2023-03-01,144.4754113339038,144.86899086128216,142.68458995191014,142.9797821044922,55479000
2023-03-02,142.0647116163666,144.35734928778834,141.59239813777418,143.57017517089844,52238100
2023-03-03,145.66597544130724,148.68675112203792,144.96736964186593,148.6080322265625,70732300
2023-03-06,151.32379221822697,153.79355106354063,150.99909736370918,151.3631591796875,87558000
2023-03-07,151.23521425072406,151.55992406603715,148.70643540651363,149.1688995361328,56182000
2023-03-08,150.3594826497808,151.0089022608483,149.39520247867964,150.41851806640625,47204800
2023-03-09,151.09751476502208,152.06179531507217,147.82091272780633,148.17514038085938,53833600
2023-03-10,147.80120650188752,148.5194958597798,145.242894659562,146.11862182617188,68572400
2023-03-13,145.43967499711258,150.68420342446277,145.33143838738883,148.05702209472656,84457100
2023-03-14,148.85404568502526,150.94004418166887,147.6929755826584,150.14303588867188,73695900
2023-03-15,148.76549840164833,150.79246155107444,147.51586009545082,150.53663635253906,77167900
2023-03-16,149.71992520737962,153.95097226183628,149.20825986230471,153.3507537841797,76161100
2023-03-17,153.5770871091514,154.2265068856699,151.80594908869074,152.514404296875,98944600
2023-03-20,152.5832627325511,155.28916298853815,151.6780028890537,154.87588500976562,73641400
2023-03-21,154.79722327478603,156.84385517693187,154.02971754385752,156.7257843017578,73938300
2023-03-22,156.7454392443716,159.53989288471735,155.27932775015748,155.29901123046875,75701800
2023-03-23,156.28297554136526,158.9593583364734,155.15140813839363,156.38136291503906,67622100
2023-03-24,156.31249715364865,157.76875944157217,155.31869907440637,157.68020629882812,59196500
2023-03-27,157.37515888196728,158.19185056660328,155.33834678641222,155.7417755126953,52390300
2023-03-28,155.43680869937373,155.94847423078335,153.47871475266618,155.12193298339844,45992200
2023-03-29,156.81427543614188,158.4673421052655,156.79460697412472,158.19183349609375,51305700
2023-03-30,158.93967116064357,159.86459953343115,158.68384597812414,159.75636291503906,49501700
2023-03-31,159.8350878653574,162.35403288236776,159.31358823359025,162.25563049316406,68749800
2023-04-03,161.6357239671043,163.6233198649464,161.586522778444,163.5052490234375,56976200
2023-04-04,163.92841482435924,164.1645565845821,162.46230300187705,162.97396850585938,46278300
2023-04-05,162.09819114468434,162.4032175003463,159.2053353608918,161.13389587402344,51511700
2023-04-06,159.82526545905753,162.3147081943001,159.40216814543908,162.01951599121094,45390100
2023-04-10,158.8314525568901,159.43167114257812,157.51294452082058,159.43167114257812,47716900
2023-04-11,159.74655214369014,159.75638637804428,157.93604707794614,158.22140502929688,47644200
2023-04-12,158.6346733983191,159.46119953470492,157.21776287074414,157.5326385498047,50133100
2023-04-13,159.0380889195549,163.14121655398105,158.83144989570576,162.90505981445312,68445600
2023-04-14,161.95063157173945,163.65290010625418,161.1929900999488,162.56069946289062,49386500
2023-04-17,162.44256794452966,162.73776006518966,161.39956879707992,162.580322265625,41516200
2023-04-18,163.4363837761115,164.72537387764507,162.99358808032773,163.80044555664062,49923000
2023-04-19,163.1412083770297,165.46336364998885,162.8853681685066,164.94186401367188,47720200
2023-04-20,163.42652181136077,165.17797593709363,162.9050222690973,163.9775390625,52456400
2023-04-21,162.40320545287983,163.78074857435575,161.85218820428946,162.37368774414062,58337300
2023-04-24,162.3540163618739,162.94440060882783,161.26181601487568,162.67872619628906,41949600
2023-04-25,162.54096443175132,163.64299896057264,161.10437083745688,161.14373779296875,48714100
2023-04-26,160.44512426219072,162.62952495549953,160.18929909610858,161.13389587402344,45498800
2023-04-27,162.5409858833323,165.85693915334915,162.5409858833323,165.7093505859375,64902300
2023-04-28,165.7880799666726,167.12627144742981,165.18786139778672,166.958984375,55275900
2023-05-01,166.56535028547762,167.71658584933078,165.93561420745303,166.87037658691406,52472900
2023-05-02,167.36241202489828,167.6182522416185,164.8533011388869,165.83726501464844,48425700
2023-05-03,166.78188428598025,168.17911124939818,164.47941231869004,164.76475524902344,65136000
2023-05-04,162.24580144031648,164.36131774887434,161.67510059572527,163.13136291503906,81235400
2023-05-05,168.23814318555767,171.50491053581004,168.02166992672903,170.78662109375,113453200
2023-05-08,169.71408033203093,171.06212101363838,169.35001851271124,170.7177276611328,55962800
2023-05-09,170.27494492179522,170.7570775926942,168.84820036158354,169.01547241210938,45326900
2023-05-10,170.24541483030967,171.23921282792068,169.14336520388548,170.77674865722656,53724500
2023-05-11,171.06213225532295,171.7902559418124,169.40906507439723,170.96372985839844,49514700
2023-05-12,171.07208510437357,171.50563041723674,168.49053896760506,170.03750610351562,45533100
2023-05-15,170.6188920712095,170.66816133149288,168.95369030375616,169.54489135742188,37266700
2023-05-16,169.46606354794196,170.59918136012269,169.27884937978558,169.54489135742188,42110300
2023-05-17,169.19011716888295,170.39219951568867,167.91903983890595,170.15573120117188,57951600
2023-05-18,170.46120584790356,172.66833901247392,170.04737119858373,172.4811248779297,65496700
2023-05-19,173.80146880445517,173.80146880445517,172.37275062180032,172.5895233154297,55809500
2023-05-22,171.42682777563832,172.14612580242743,170.9046067635048,171.6436004638672,43570900
2023-05-23,170.58929510312979,170.83562631420236,168.7664381272472,169.04232788085938,50747300
2023-05-24,168.57922839342694,169.8897122746601,168.0176010356781,169.31822204589844,45143500
2023-05-25,169.87986475065702,171.34798918728478,169.17042964019168,170.45135498046875,56058300
2023-05-26,170.77652387763237,173.19056694623742,170.5695990272421,172.8555450439453,54835000
2023-05-30,174.36308277683443,176.36329091292328,173.978806707213,174.69808959960938,55964400
2023-05-31,174.72766202276017,176.71802248155805,174.16601962684186,174.64883422851562,99625300
2023-06-01,175.09221783191245,177.47670209655325,174.33351350934285,177.4471435546875,68901800
2023-06-02,178.37336820267623,179.11236188910445,176.62933889294345,178.29454040527344,61996900
2023-06-05,179.9498694414483,182.23581511366768,175.42721727327233,176.9446258544922,121946500
2023-06-06,177.32891962025158,177.476712338109,174.8261860088602,176.580078125,64848400
2023-06-07,175.82139167098399,178.55074607277277,174.71783250558175,175.2104949951172,61944600
2023-06-08,175.2892595209165,178.1861165677113,174.85572927872582,177.9200897216797,50214900
2023-06-09,178.83645110058313,179.55573399442156,177.9792233362159,178.30438232421875,48900000
2023-06-12,178.6098720040029,181.19141876575284,178.31427148868138,181.09288024902344,54274900
2023-06-13,180.1173932820357,181.44757286544584,179.7626757194867,180.61990356445312,54929100
2023-06-14,180.67899811094975,181.68403358526143,179.34881869349235,181.25048828125,57462900
2023-06-15,181.26035439367692,183.78278344228747,181.08298811392547,183.28025817871094,65433200
2023-06-16,183.98970387223915,184.245897953939,181.56581317602513,182.20626831054688,101256200
2023-06-20,181.70376647980103,183.3689679486228,181.70376647980103,182.29495239257812,49799100
2023-06-21,182.1865534203878,182.68907870149724,179.91045548906328,181.26036071777344,49515700
2023-06-22,181.04359886716716,184.30502181445038,180.9746189088309,184.25575256347656,51245300
2023-06-23,182.8270228675936,184.8075203379306,182.29493904669715,183.9404296875,53117000
2023-06-26,184.0882365039062,185.29033397781694,182.51171079012911,182.55113220214844,48088700
2023-06-27,183.1620179856705,185.6253298715582,182.94524533692336,185.3001708984375,50730800
2023-06-28,185.17209649255778,187.11318769857849,184.84695251457532,186.4727325439453,51216800
2023-06-29,186.30522898461155,187.2807060224463,186.16728410364277,186.8077392578125,46347300
2023-06-30,188.81780236383452,191.62596911406445,188.45322195229386,191.1234588623047,85213200
2023-07-03,190.93624105216273,191.0347795474039,188.9458807202263,189.6356201171875,31458200
2023-07-05,188.75868490984942,190.1479814937267,187.82261429340878,188.52220153808594,46920300
2023-07-06,187.05405664400223,189.20207252866174,186.42344937265386,188.99514770507812,45094300
2023-07-07,188.601042385603,189.84254634486774,187.4482140588147,187.88174438476562,46815000
2023-07-10,186.4825877482977,187.20188576037833,184.29516523716504,185.84213256835938,59922200
2023-07-11,186.3840838529824,186.52202875398913,183.86165421465003,185.31993103027344,46638100
2023-07-12,186.89640150427806,188.88676181703667,185.70416691161034,186.98509216308594,60750200
2023-07-13,187.70438329432415,188.38425984411805,186.99494820191867,187.74378967285156,41342300
2023-07-14,187.43834550769154,188.37440112570727,186.8471596075647,187.8916015625,41616200
2023-07-17,189.08383285312058,191.46833222271863,188.99515722491665,191.14317321777344,50520200
2023-07-18,190.51254970289233,191.4781637647375,189.5961898515042,190.886962890625,48288200
2023-07-19,190.26622781119138,195.32093388898534,189.82281961650222,192.23687744140625,80507300
2023-07-20,192.22700448393437,193.58675746858663,189.6750169550875,190.2957763671875,59581200
2023-07-21,191.25155042374644,192.10877819186132,188.4236580132484,189.1232452392578,71951700
2023-07-24,190.57167418096722,192.04966138875844,189.4286937985748,189.92135620117188,45377800
2023-07-25,190.49284214012596,191.58655325087184,190.08885537064708,190.77857971191406,37283200
2023-07-26,190.82785426220883,192.7689453418544,190.48299959942145,191.6456756591797,47471900
2023-07-27,193.1433729163405,194.30604897209747,189.72429463258098,190.38446044921875,47460200
2023-07-28,191.81319626670884,193.74443968391378,191.2909752730755,192.9561767578125,48291400
2023-07-31,193.18277106210203,193.6064685292723,192.394508242959,193.56704711914062,38824100
2023-08-01,193.3601546102926,193.842954166062,192.41423613585215,192.73939514160156,35175100
2023-08-02,192.17773571935334,192.3156805851802,189.03456234552243,189.75384521484375,50389300
2023-08-03,188.7586713954234,189.54691917513858,187.89158079590146,188.36453247070312,61235200
2023-08-04,182.79747042079737,184.6301752435833,179.25029494609427,179.31927490234375,115956800
2023-08-07,179.45723692919626,180.4425618735659,174.7473848978987,176.22537231445312,97576100
2023-08-08,177.0530363874442,177.6245266423458,174.97400021533483,177.1614227294922,67823000
2023-08-09,178.2156906972674,178.27480777933516,174.41233639065635,175.5750274658203,60378500
2023-08-10,176.8460654118823,178.09743193733033,174.99366527850802,175.3582305908203,54686900
2023-08-11,174.95373578240464,176.2363757071569,174.1940069392339,175.41744995117188,52036700
2023-08-14,175.59504844195268,177.2920967961584,174.9438523177461,177.06517028808594,43675600
2023-08-15,176.49294118914725,177.0849254578291,174.68735981208974,175.08201599121094,43622600
2023-08-16,174.766254405872,176.1574269074876,174.14465676238186,174.21372985839844,46964900
2023-08-17,174.7761369036864,175.1411945839284,171.1649745274817,171.67803955078125,66062900
2023-08-18,170.0007364455324,172.76337470680727,169.6652772069575,172.16151428222656,61172200
2023-08-21,172.73380105146174,173.77965356611938,171.42154731254445,173.49351501464844,46311900
2023-08-22,174.69719959083847,175.30892111024494,173.89801113995804,174.86492919921875,42038900
2023-08-23,176.13775330473885,179.12731842197306,175.95028634108903,178.7030487060547,52722800
2023-08-24,178.25903609639087,178.68330576322634,173.66121814414575,174.0262908935547,54945800
2023-08-25,175.0129196769248,176.75928869570708,173.47373983758078,176.22650146484375,51449600
2023-08-28,177.6867593505913,178.1800870283186,176.1673167274641,177.78543090820312,43820700
2023-08-29,177.30196426395187,182.4325690983829,177.1046362040057,181.66297912597656,53003900
2023-08-30,182.47204640358012,185.34321714142652,182.27471834075723,185.1458740234375,60813900
2023-08-31,185.33336235534645,186.5962801694583,184.97816577917948,185.3629608154297,60794500
2023-09-01,186.961330634287,187.38558521498553,185.76747101772168,186.93173217773438,45766500
2023-09-05,185.76746926717502,187.44478036173828,185.10641198511868,187.16851806640625,45280000
2023-09-06,185.88587535630464,186.32988234003622,179.04836051297525,180.46914672851562,81755800
2023-09-07,172.84229174782251,175.8318715643951,171.22417743783686,175.19053649902344,112488800
2023-09-08,175.96999075471308,177.8347687964352,175.417451102765,175.80224609375,65551300
2023-09-11,177.66702357259294,177.89395007164453,174.9734438173143,176.96649169921875,58953100
2023-09-12,177.09477490699047,177.72623373133553,172.487096210491,173.9473419189453,90370200
2023-09-13,174.15454941477398,174.93401565723292,171.65831231126361,171.88525390625,84267900
2023-09-14,171.67803539320033,173.75001770449512,171.26364194197464,173.3948211669922,60895800
2023-09-15,174.12494522635322,174.14468255030425,171.5004532372104,172.674560546875,109259500
2023-09-18,174.12491003199494,176.98621921988467,173.81904932082622,175.59503173828125,67257600
2023-09-19,175.15107052586188,177.23291401853146,174.7662755227223,176.68038940429688,51826900
2023-09-20,176.86787406066375,177.3020049252056,173.05938291514096,173.148193359375,58436200
2023-09-21,172.22071489897561,173.9473619674597,171.53992021743218,171.60897827148438,63149100
2023-09-22,172.33907993619778,174.71692282922322,171.72735846610487,172.4574737548828,56725400
2023-09-25,171.87535356826675,174.6083930174941,171.82601779128095,173.7302703857422,46172700
2023-09-26,172.48708745695123,172.86200623492672,169.36925308333926,169.66525268554688,64588900
2023-09-27,170.31646332448594,170.7308568174817,166.79411110643792,168.1556854248047,66921800
2023-09-28,167.08022534636603,169.7343308371659,165.38317681816312,168.41221618652344,56294400
2023-09-29,169.7244355134215,170.7604265076125,168.06684691168314,168.9252471923828,51861100
2023-10-02,168.93512915166482,171.9740294168616,168.6489906711008,171.43136596679688,52164500
2023-10-03,169.96124934298015,171.31297744317223,168.54047825044546,170.09938049316406,49594600
2023-10-04,168.80689361320267,171.88526915170823,168.688499765434,171.3426055908203,53020300
2023-10-05,171.47083294671847,173.10868450108188,170.3756448658088,172.57589721679688,48527900
2023-10-06,171.48071432556827,175.61480292776608,170.8689777300858,175.12147521972656,57266700
2023-10-09,174.45053908507856,176.66065260372454,173.45402254968238,176.60145568847656,42390800
2023-10-10,175.72330653262233,177.32168322438636,175.57529921161475,176.00942993164062,43698000
2023-10-11,175.82199530812358,177.44998580714199,175.23001108089,177.40065002441406,47551100
2023-10-12,177.6670640281674,179.90676118500224,176.6507950071692,178.29852294921875,56743100
2023-10-13,178.99904528395493,179.5022341867499,175.76281633481818,176.46334838867188,51427100
2023-10-16,174.39134016768617,176.69024903281087,174.15453745424634,176.33505249023438,52517000
2023-10-17,174.2926830064713,176.03906740635364,172.46737941742194,174.7860107421875,57549400
2023-10-18,173.23698998157923,175.2103011579656,172.7732606507149,173.49351501464844,54764400
2023-10-19,173.69082297603654,175.466805839834,172.85217485644313,173.1185760498047,59302900
2023-10-20,172.970532603774,173.07906528544774,170.33616484514565,170.57296752929688,64244000
2023-10-23,168.62925458750877,171.6878768692555,167.662321590194,170.6913604736328,55980100
2023-10-24,170.74070856198063,171.35243005141567,169.1620540054936,171.12550354003906,43816600
2023-10-25,169.58634726553433,170.7505934954682,168.37275019582236,168.81675720214844,57157000
2023-10-26,168.0964746462511,169.0930062294273,163.459197305812,164.6629180908203,70625300
2023-10-27,164.68264263448572,166.70528904611524,164.60370840247674,165.97515869140625,58499100
2023-10-30,166.76449089816728,168.8857938712959,166.61648356307745,168.0175323486328,51131000
2023-10-31,167.09010101577766,168.61940486913602,165.65943861592592,168.49114990234375,44846000
2023-11-01,168.71806981976965,171.90496247869652,167.849808268541,171.6484375,56934900
2023-11-02,173.17776232760195,175.40759814141026,173.118565411641,175.20040893554688,77334800
2023-11-03,171.91483559510309,174.46040823420765,171.03671292563865,174.29266357421875,79829200
2023-11-06,174.02626772873157,177.03555436857033,173.858538133294,176.83822631835938,63841300
2023-11-07,176.78889227095914,180.00539823599848,176.58170308551922,179.3936767578125,70530000
2023-11-08,179.91661457451394,181.00192645947115,179.16674685036813,180.44940185546875,49340300
2023-11-09,180.51849360423827,181.66300252138785,179.38383076688,179.975830078125,53763500
2023-11-10,181.75413731292954,184.3228271167955,181.31943456996746,184.1548614501953,66133400
2023-11-13,183.58187642607092,183.7893386144101,181.9912676571252,182.57415771484375,43627500
2023-11-14,185.43917491856425,185.84424013993512,184.05604376632093,185.18231201171875,60108400
2023-11-15,185.5874067506803,187.21752694473682,185.51824264456812,185.74546813964844,53790500
2023-11-16,187.28668991537342,188.65994715340477,186.37775779056014,187.4250030517578,54412900
2023-11-17,187.9584954748911,188.08693448765234,186.29873780998344,187.40524291992188,50922700
2023-11-20,187.60281994734135,189.598493753426,187.59294582194016,189.14402770996094,46505100
2023-11-21,189.10451024981845,189.21318592585277,187.45462685911554,188.34378051757812,38134500
2023-11-22,189.18356183514956,190.60620477415247,188.53150773289747,189.00572204589844,39617700
2023-11-24,188.57102324664504,188.60066069963858,186.97054048498805,187.68186950683594,24048300
2023-11-27,187.63246733233092,188.37343380166539,186.6247487130357,187.5040283203125,40552600
2023-11-28,187.49413155220094,188.77847629228074,187.1187037624085,188.10665893554688,38415400
2023-11-29,188.60063575450744,189.77630481775705,186.69388951411068,187.0890655517578,43014200
2023-11-30,187.55341843722022,188.02764780463457,185.92329832735996,187.66209411621094,48794400
2023-12-01,188.0375263099119,189.25270705783993,186.95076949469112,188.9365692138672,45704800
2023-12-04,187.69173962433385,187.76090372984268,185.1922139752508,187.1483612060547,43389500
2023-12-05,187.91895861640964,192.0584780958342,187.88930609245244,191.0902862548828,66628400
2023-12-06,192.10787423934497,192.41413792119363,189.79606282635905,190.0035400390625,41089700
2023-12-07,191.29777821822415,192.6512720749557,191.2582515665674,191.93006896972656,47477700
2023-12-08,191.86088500111674,193.62933314213194,191.33726998338577,193.3527069091797,53406400
2023-12-11,190.78403090604945,191.15945870925907,189.11438419177532,190.85317993164062,60943700
2023-12-12,190.75437444051195,192.37462021785012,189.41075488796335,192.36474609375,52696900
2023-12-13,192.74019585543422,195.6151493963814,192.50309623143957,195.5756378173828,70404200
2023-12-14,195.63493406684867,197.21565367427257,193.79733640540357,195.72384643554688,66831600
2023-12-15,195.1507962246044,196.01031245444227,194.62718115642724,195.19032287597656,128538400
2023-12-18,193.7281513997374,194.26165570440122,192.04863040265064,193.5305633544922,55751900
2023-12-19,193.79729775296602,194.57777573643529,193.5305456250714,194.56790161132812,40714100
2023-12-20,194.5283970820936,195.2990010280865,192.48333740234375,192.48333740234375,52242800
2023-12-21,193.73803856316968,194.70623052718972,191.16934877699248,192.3351287841797,46482500
2023-12-22,192.82909873139974,193.0563392932213,190.64572606781581,191.2681427001953,37149600
2023-12-26,191.27801448490152,191.55464074590694,190.5074106042434,190.72476196289062,28919300
2023-12-27,190.1715387793259,191.1693682979628,188.78839218591511,190.82357788085938,48087700
2023-12-28,191.80161980345068,192.3153607227681,190.8433020640508,191.2483673095703,34049900
2023-12-29,191.56450759639273,192.05848519728596,189.42064661751613,190.2110137939453,42672100
2024-01-02,184.89581391743906,186.17028459685415,181.6750853181039,183.4040069580078,82488700
2024-01-03,182.0011090098209,183.64111826756874,181.22061595613366,182.03074645996094,58414500
2024-01-04,179.95603270422265,180.88471299934187,178.70134046081682,179.71893310546875,71983600
2024-01-05,179.79801351656843,180.5587283410591,177.99992740412844,178.9977569580078,62379700
2024-01-08,179.89677561800764,183.36450834315934,179.313885613353,183.32498168945312,59144500
2024-01-09,181.7047275700206,182.9199083051763,180.52905841182087,182.9100341796875,42841800
2024-01-10,182.12958389612774,184.15488040474781,181.7047552354151,183.94741821289062,46792900
2024-01-11,184.2931840827093,184.7970509584636,181.40835627398752,183.35462951660156,49128400
2024-01-12,183.8189772139212,184.49079471725477,182.95946084973255,183.6806640625,40477800
2024-01-16,179.9659175831278,182.04061439740983,178.75072186869164,181.418212890625,65603000
2024-01-17,179.08663943068214,180.72663357001974,178.12832170152117,180.47964477539062,47317400
2024-01-18,183.8485869578717,186.86185345428623,183.59172402252184,186.35800170898438,78005800
2024-01-19,187.04957995238564,189.63801803091337,186.5457281731689,189.25271606445312,68903000
2024-01-22,189.98376623580117,192.9772689432648,189.94423959032406,191.5546112060547,60133900
2024-01-23,192.67105542323813,193.392258603415,191.49538615178406,192.82911682128906,42355600
2024-01-24,193.06618924735707,194.0146328029546,191.99919590043444,192.1572723388672,53631300
2024-01-25,192.86862433386716,193.90598035718745,190.78403816176663,191.83126831054688,54822100
2024-01-26,191.93006387634745,192.41415228379137,189.6281264159501,190.1023406982422,44594000
2024-01-29,189.6972652775173,189.8849791703456,187.2965414692382,189.42063903808594,47145600
2024-01-30,188.6401800108733,189.4898221386195,185.21197404804863,185.7751007080078,55859400
2024-01-31,184.7871410441138,184.846431021382,182.12955411744667,182.17893981933594,55467800
2024-02-01,181.77388729281213,184.6982263171025,181.6059367135455,184.60931396484375,64885400
2024-02-02,177.6936236133024,185.07365019396582,177.09097033579843,183.61148071289062,102551700
2024-02-05,185.88375846902116,186.97051518171523,183.60158444736317,185.41941833496094,69668800
2024-02-06,184.6093298683978,187.02981736340615,184.5204175084795,187.0199432373047,43490800
2024-02-07,188.3437971267345,188.74886241631054,186.33824908078662,187.1286163330078,53439000
2024-02-08,187.10881615622526,187.25700339151908,185.09339438123675,186.0517120361328,40962000
2024-02-09,186.61559077121817,187.9411516715375,185.97260641439556,186.81344604492188,45155200
2024-02-12,186.3880527684402,186.63535673641036,184.77562606711913,185.13174438476562,41781900
2024-02-13,183.76663306878044,184.20189045877694,181.53099558275042,183.04449462890625,56529500
2024-02-14,183.3215042025078,183.5292310959524,180.472557481369,182.1641082763672,54630500
2024-02-15,181.57057328309747,182.50043860227981,179.3943014199978,181.87722778320312,65434500
2024-02-16,181.44197861733377,182.8565652037317,179.7108507918506,180.3439483642578,49752500
2024-02-20,179.82956623009554,180.46266385305907,178.0588762686663,179.60205078125,53665600
2024-02-21,179.97792921674792,180.91768122956833,178.71173417109264,180.3538360595703,41371400
2024-02-22,181.50135795637885,182.96540858894926,180.4923684458442,182.3817596435547,52292200
2024-02-23,183.0148347964746,183.04451006700117,180.2648157032703,180.55169677734375,45119700
2024-02-26,180.27473021897956,180.78911167382452,178.70186529911302,179.2063751220703,40867400
2024-02-27,179.1470080612827,181.93658908973126,177.62360710096542,180.66050720214844,54318900
2024-02-28,180.54178846123017,181.14521076395337,178.1874648834917,179.4635467529297,48953900
2024-02-29,179.3151930681472,180.60117691942332,177.59395175081718,178.80079650878906,136682600
2024-03-01,177.61370457626955,178.5831318593588,175.46710804516843,177.72251892089844,73563100
2024-03-04,174.25036500096815,174.9922768844708,171.91581500377694,173.21170043945312,81510100
2024-03-05,168.91849794898403,170.1846930657021,167.7907924514621,168.285400390625,95132400
2024-03-06,169.2152850514215,169.39335177885377,166.8609461620447,167.29620361328125,68587700
2024-03-07,167.32586658446218,168.88882954707424,166.67299554984157,167.177490234375,71765100
2024-03-08,167.17747009753631,171.82678133583968,167.11811956465033,168.88880920410156,76267000
2024-03-11,171.07499261235472,172.49946586057737,170.1945911039721,170.8870391845703,60139500
2024-03-12,171.28272310113206,172.15323790323208,169.16580172767317,171.3618621826172,59825400
2024-03-13,170.90682879160028,171.32229764254458,168.91849524765144,169.28451538085938,52488700
2024-03-14,171.04532782778392,172.43022407386235,170.19460153541087,171.1343536376953,72913500
2024-03-15,169.32407812222547,170.75843811035156,168.4535633292171,170.75843811035156,121752700
2024-03-18,173.67665901704393,175.79358063684148,171.6487632139381,171.8466033935547,75604200
2024-03-19,172.45986577296577,174.70538969378728,171.16399558905152,174.1811065673828,55215200
2024-03-20,173.82502584048726,176.7432098388672,173.2018149693641,176.7432098388672,53423100
2024-03-21,175.14068113790177,175.57593855649498,168.99764365136926,169.5219268798828,106181300
2024-03-22,169.90773784358905,171.18383495977668,168.22607363158104,170.42213439941406,71160100
2024-03-25,168.7305586050563,170.08577952012527,167.6226265638577,169.00753784179688,54288300
2024-03-26,168.16673357540358,169.57141859748938,167.7512646331731,167.87986755371094,57388400
2024-03-27,168.57227437363676,171.72787530814264,168.27550660374618,171.4409942626953,60273300
2024-03-28,169.89781453968297,170.37263389978352,168.67118150733492,169.63072204589844,65672700
2024-04-01,169.3438746978549,169.40322523760474,167.65230884379906,168.19638061523438,46240500
2024-04-02,167.2566433485096,167.51383407497934,166.4158037095213,167.01922607421875,49329500
2024-04-03,166.96973884210524,168.83935621904524,166.76201196368757,167.82046508789062,47691700
2024-04-04,168.4535689105981,170.06599565718972,166.9994354248047,166.9994354248047,53704400
2024-04-05,167.7611226870966,168.5524984345705,167.12802510796487,167.75123596191406,42104800
2024-04-08,167.20716991074772,167.37533481002382,166.4256959559663,166.6334228515625,37425500
2024-04-09,166.88073030235694,168.24585316442327,166.53451377109624,167.84027099609375,42373800
2024-04-10,166.97966188332379,167.26652787853376,165.30788444762385,165.9706573486328,49709300
2024-04-11,166.5246149420751,173.56784300454478,166.3465633103838,173.15235900878906,91070300
2024-04-12,172.38080467768498,176.43659702008472,172.33135594448376,174.6461181640625,101670900
2024-04-15,173.46888692512982,174.72519524382946,170.6397290741028,170.8276824951172,73531800
2024-04-16,169.89784277952464,171.88616144450353,166.45537543168857,167.55340576171875,73711200
2024-04-17,167.78091646807817,168.80969440593617,166.1882781982422,166.1882781982422,50901200
2024-04-18,166.21793076697907,166.8213530127437,164.75389559967167,165.2386016845703,43122900
2024-04-19,164.41756936525925,164.60550769336635,162.31053482208006,163.22061157226562,68149400
2024-04-22,163.734987753996,165.45621342076493,162.99307597508283,164.05152893066406,48116400
2024-04-23,163.56687071664174,165.24853488832454,163.14149999003314,165.1001434326172,49537800
2024-04-24,164.74402954196006,167.47427542099652,164.4176015378687,167.19729614257812,48251800
2024-04-25,167.70177351115603,168.77012851479734,166.33665071301928,168.05789184570312,50558300
2024-04-26,168.04802077933093,169.49226770262163,167.35555749623813,167.47427368164062,44838400
2024-04-29,171.5003643815301,174.13168243053624,171.2332869429431,171.62896728515625,68169400
2024-04-30,171.46079655206535,173.10289859543835,168.1667057400835,168.49314880371094,65934800
2024-05-01,167.75125295718234,170.84750390177777,167.28632022447192,167.47427368164062,50383100
2024-05-02,170.64963546996492,171.54982559320527,169.04711048582428,171.16403198242188,94214900
2024-05-03,184.63712970012278,184.98336128032037,180.69016817589636,181.40240478515625,163224100
2024-05-06,180.38350950373416,182.21354970089277,178.474315136007,179.7504119873047,78569700
2024-05-07,181.4716631656838,182.90602327557747,179.36464345444207,180.4329833984375,77305800
2024-05-08,180.87816251484435,181.09579125547057,179.4932509750194,180.76934814453125,45057100
2024-05-09,180.59127127419717,182.6686309202814,180.1461270912472,182.57960510253906,48983000
2024-05-10,183.15410154420678,183.34230991411323,180.4102677646858,181.3215789794922,50759500
2024-05-13,183.68899242379732,185.33332156582821,182.87672798687535,184.52105712890625,72044800
2024-05-14,185.7394637127145,186.52201273815805,184.53098214319476,185.66021728515625,52393600
2024-05-15,186.13569714479723,188.84981551266446,185.60078753373725,187.92860412597656,70400000
2024-05-16,188.67148035204158,189.29553638767692,187.86913122891463,188.04742431640625,52845200
2024-05-17,187.72056236134898,189.0082902438942,187.3936765447615,188.07716369628906,41282900
2024-05-20,187.54228461702792,190.10782534306233,187.22529890901677,189.2361297607422,44361300
2024-05-21,189.28564024416437,190.91015403566988,189.11724727296848,190.53375244140625,42309400
2024-05-22,190.45454757387583,190.9993573729038,188.47343202447388,189.09747314453125,34648500
2024-05-23,189.1767103485156,189.19652573516206,184.86779330766728,185.1154327392578,51005900
2024-05-24,187.03707622618555,188.78045200186543,186.26442746313117,188.1861114501953,36327000
2024-05-28,189.70169698060212,191.17763337385156,187.31446444482384,188.19606018066406,52280100
2024-05-29,187.81963788738682,190.43470949642946,187.72057607583483,188.4932098388672,53068000
2024-05-30,188.95875509095092,190.365345015264,188.82999288588945,189.48374938964844,49889100
2024-05-31,189.63235836586054,190.7516933437122,188.11680637508078,190.43470764160156,75158300
2024-06-03,191.07857147290113,193.14884852262287,190.7021698304424,192.19790649414062,50080500
2024-06-04,192.80213237542046,193.47571940906454,191.2073340206378,192.51487731933594,47471400
2024-06-05,193.5549597642067,195.04079624688396,193.02996541617088,194.02052307128906,54156800
2024-06-06,193.8421969316698,194.64454607729934,192.33654532022595,192.64361572265625,41181800
2024-06-07,192.8120444256859,195.08042995429523,192.3068654552658,195.03089904785156,53103900
2024-06-10,195.04080033594326,195.43703247512377,190.33565137548777,191.29649353027344,97010200
2024-06-11,191.82145841561143,205.20390023400174,191.80165814772772,205.19398498535156,172373300
2024-06-12,205.41193016487838,218.1207863262847,204.94636687125956,211.05812072753906,198134300
2024-06-13,212.71235034689784,214.70336573665497,209.60200000148347,212.21707153320312,97862700
2024-06-14,211.83075578674166,213.13828400218216,209.3048308005582,210.4835968017578,70122700
2024-06-17,211.35527186274084,216.88258512602053,210.71141546378874,214.62411499023438,93728300
2024-06-18,215.5354139875743,216.56560230529576,210.9887584540523,212.26657104492188,79943300
2024-06-20,211.90998899500866,212.2170745602359,206.87796947703916,207.7001190185547,86172500
2024-06-21,208.40343403997312,209.8892705909824,205.15440599094305,205.53082275390625,241805100
2024-06-24,205.75866541780087,210.6916389815554,204.63933027801306,206.17469787597656,80727000
2024-06-25,207.1751175381149,209.38407188516823,206.64022308060072,207.09588623046875,55549700
2024-06-26,209.5029437835443,212.83121810497767,208.6510635966682,211.23641967773438,66213200
2024-06-27,212.66282504623206,213.70291360533915,210.34492376459474,212.07839965820312,49772700
2024-06-28,213.73260601871965,214.0297763055812,208.3142550307382,208.6312255859375,82542700
2024-07-01,210.08735196554287,215.45617219578955,209.91895899194967,214.70335388183594,60402900
2024-07-02,214.1090169642201,218.29908645117231,213.0689435868198,218.19012451171875,58046200
2024-07-03,217.92268618597842,219.4580535888672,216.9618440422543,219.4580535888672,37369800
2024-07-05,219.55710192478037,224.3117817727132,219.55710192478037,224.20281982421875,60412400
2024-07-08,224.9457357840812,225.69856928044194,221.14199799041046,225.66885375976562,59085900
2024-07-09,225.77778797195694,227.23390886254342,224.23252052432466,226.5207061767578,48076100
2024-07-10,227.13486087511765,230.8791673967792,227.0853299721382,230.7801055908203,62627700
2024-07-11,229.20515687131274,230.19571462003094,223.6382271602243,225.42123413085938,64710600
2024-07-12,226.7584454352943,230.44332094014862,226.5207061684713,228.36314392089844,53046500
2024-07-15,234.2470836578572,234.99000194235262,230.88909361652622,232.1867218017578,62631300
2024-07-16,232.781045805997,234.03905824310993,230.1362587163494,232.60275268554688,43234300
2024-07-17,227.28343626123907,229.27446669281912,224.49997184852458,226.7188262939453,57345900
2024-07-18,228.10560948409145,228.26410233218343,220.17124832102243,222.06320190429688,66034600
2024-07-19,222.6971801635164,224.65848009632384,221.1717129043359,222.19198608398438,49151500
2024-07-22,224.86644885254918,225.62918234684196,220.98346533160696,221.8452606201172,48201800
2024-07-23,222.25140445670337,224.7971447504236,220.57735968997056,222.88536071777344,39960300
2024-07-24,221.88492258576645,222.67737176080064,215.07979609138368,216.47647094726562,61777600
2024-07-25,216.86277641061952,218.76466037633443,212.59347540961954,215.43638610839844,51391200
2024-07-26,216.6349499920164,217.41749898154802,213.9703475571551,215.90194702148438,41601300
2024-07-29,214.91139345300462,217.22929471632008,213.71281205128278,216.17930603027344,36311800
2024-07-30,217.1203409396055,218.24957609355639,214.07932159795172,216.73402404785156,41643800
2024-07-31,219.34906075635598,221.70659250258416,218.54671157945197,219.98301696777344,50036300
2024-08-01,222.2514024343897,222.36036437427163,214.97081319041698,216.29815673828125,62501000
2024-08-02,217.08069402896655,223.46980270062375,215.65430376795194,217.78399658203125,105568600
2024-08-05,197.21012147966275,211.4840610296135,194.14930192882554,207.29400634765625,119548600
2024-08-06,203.36148541473497,208.00720313955475,199.17143085232243,205.27325439453125,69660500
2024-08-07,204.94637966039352,211.62274392073394,204.4412006806638,207.8388214111328,63516400
2024-08-08,211.097744151489,212.17744837655164,206.8581585633277,211.2958526611328,47161100
2024-08-09,210.09728825409005,214.7330909034816,209.96851092003678,214.1981964111328,42201600
2024-08-12,214.27753840147545,217.68898821235913,213.81143620679725,215.7254180908203,38028100
2024-08-13,217.19312608520667,220.04923895369578,217.19312608520667,219.43438720703125,44155300
2024-08-14,218.7402072098891,221.17979111862692,217.8774142480331,219.8806610107422,41960600
2024-08-15,222.73674376019267,223.480521824665,220.91199674154595,222.85574340820312,46414000
2024-08-16,222.06239369045758,224.94825642777528,221.79462933024135,224.1747283935547,44340200
2024-08-19,223.84746435464618,224.11522871504155,221.18968933533225,224.01605224609375,40687800
2024-08-20,223.8970689622142,225.28544883578485,223.57971634413767,224.63092041015625,30299000
2024-08-21,224.64085012661386,226.08872985229075,223.1830436738614,224.52183532714844,34765500
2024-08-22,225.90029338876204,226.4457337259973,222.04256465043304,222.66734313964844,43695300
2024-08-23,223.78797197411373,226.32673228874265,222.46900358067504,224.9581756591797,38677300
2024-08-26,224.87883517993083,225.39452559231563,222.0326490158817,225.29534912109375,30602200
2024-08-27,224.12514736512034,226.95151036486342,223.02435510684418,226.1383056640625,35934600
2024-08-28,226.02921369079436,227.95312221094204,223.80779089178384,224.611083984375,38052200
2024-08-29,228.19113851748892,230.98773644426686,226.98125820388418,227.88369750976562,51906300
2024-08-30,228.28039594132485,228.4886453526855,225.59287085733376,227.1002655029297,52990800
2024-09-03,226.65398476754012,227.10024860517055,219.33520335446548,220.92193603515625,50190600
2024-09-04,219.82114598403248,219.94014563997789,215.67581475954933,219.0178680419922,43840200
2024-09-05,219.79137819641707,223.60942979215415,219.6822901432701,220.53515625,36615400
2024-09-06,222.09215251756703,223.37145940933704,217.94683622588397,218.98812866210938,48423000
2024-09-09,218.98814282610013,219.4344067184307,214.91223769602945,219.077392578125,67180000
2024-09-10,217.1038662465979,219.6426263973432,214.93203178151688,218.28399658203125,51591000
2024-09-11,219.62283934479092,221.23930705217748,216.08244775598524,220.81288146972656,44587100
2024-09-12,220.65417167969628,221.69546405563682,217.99641184157417,220.92193603515625,37455600
2024-09-13,221.72523244234597,222.18140791181287,220.06908820245332,220.65419006347656,36766600
2024-09-16,214.74359737993566,215.41796403110465,212.14533750172802,214.5254364013672,59357400
2024-09-17,213.96018092212807,215.1006346980314,212.72055067344832,214.99154663085938,45519300
2024-09-18,215.745241460142,220.86243852013078,215.7353147340035,218.85919189453125,59894900
2024-09-19,223.12352684243388,227.91345980340301,222.7665127356472,226.97132873535156,66781300
2024-09-20,228.06222073119503,231.15633305592988,225.7317097608303,226.30690002441406,318679900
2024-09-23,225.45404067299683,227.54653724680347,223.93673438033483,224.5912628173828,54146000
2024-09-24,226.75316007712865,227.44736512534206,223.85738561877668,225.48377990722656,43556100
2024-09-25,223.06400902085235,225.40443143928672,222.16156973744518,224.4920654296875,42308700
2024-09-26,225.4143769570366,226.60441901953834,223.54005654723983,225.63255310058594,36636700
2024-09-27,226.5647236129495,227.6159275297645,225.4143432340109,225.9002685546875,34026000
2024-09-30,228.13159642889974,231.06704711914062,227.74483244888117,231.06704711914062,54541900
2024-10-01,227.615942887257,227.74485413807125,221.88389405688537,224.33340454101562,63285000
2024-10-02,224.016035092931,225.483752901305,221.1698492120793,224.89865112304688,32880600
2024-10-03,223.27228007150777,224.928424248049,221.46738631978812,223.79788208007812,34044200
2024-10-04,226.00938361911108,226.10856009308668,222.27066963907552,224.91851806640625,37245100
2024-10-07,222.63759275105315,223.81772316941647,219.49389225502094,219.8509063720703,39505400
2024-10-08,222.43925780658088,224.10531361949606,221.3979653574062,223.89706420898438,31855700
2024-10-09,223.36154504729694,227.84405251552317,222.96486939830248,227.6357879638672,33591100
2024-10-10,225.89038125247495,227.59611368544336,225.28544108575701,227.13992309570312,28183500
2024-10-11,227.39777482080956,227.5068628874906,225.4540279414576,225.66229248046875,31759200
2024-10-14,226.80274288926017,229.8076053434174,226.70358155060512,229.3811798095703,39882100
2024-10-15,231.672004479983,235.51982138099225,230.44228590022638,231.91001892089844,64751400
2024-10-16,229.67869350471682,230.19436878170097,227.93328446814013,229.85719299316406,34082200
2024-10-17,231.49350124327563,231.91003031839952,228.60765355789445,230.22412109375,32993800
2024-10-18,234.2206950473064,234.2206950473064,232.0686987091599,233.0504913330078,46431500
2024-10-21,232.5050454306036,234.88514457730523,232.5050454306036,234.51820373535156,36254500
2024-10-22,231.94970749678197,234.2603802258017,230.67041566655348,233.9033660888672,38846600
2024-10-23,232.13813805749322,233.18934216580075,225.8705597881939,228.84567260742188,52287000
2024-10-24,228.0721096303277,228.9051525928802,226.5151420282862,228.6572265625,31109500
2024-10-25,227.83412074973037,231.28524701350278,227.665532857223,229.49026489257812,38802300
2024-10-28,231.38445260776976,232.78274415861915,230.62083606612686,231.46377563476562,36087100
2024-10-29,231.1662580738538,232.38605001867157,230.3927299983884,231.7315216064453,35417200
2024-10-30,230.68031899274527,231.53318522639518,227.64570650368097,228.19114685058594,47070900
2024-10-31,227.43742665071557,227.92336713292326,223.5003599556127,224.035888671875,64370100
2024-11-01,219.13688241025088,223.4805517303345,218.44269248362247,221.060791015625,65276700
2024-11-04,219.1567312107691,220.94178678396568,217.88735096075072,220.1682586669922,44944500
2024-11-05,219.9600075033543,222.0921656056809,219.30547906118858,221.5963134765625,28111300
2024-11-06,220.76325691115125,224.19455985797964,219.3550388628842,220.87234497070312,54561100
2024-11-07,222.76650205936048,225.98954046008802,222.70700223311508,225.5928497314453,42137700
2024-11-08,225.53330763226646,227.01257809039103,224.77878865400953,225.3248291015625,38328800
2024-11-11,223.37892800863307,224.07388164377818,219.90414468405433,222.61447143554688,42005600
2024-11-12,222.9321731823864,223.96467356190874,221.75074442821315,222.61447143554688,40398300
2024-11-13,222.39607398240116,225.0170530189228,221.15507983350162,223.49807739257812,48566200
2024-11-14,223.39881774279925,227.22107081675753,223.37895759377815,226.5757598876953,44923900
2024-11-15,224.76885944610046,225.2851172657963,222.65421566813873,223.3789520263672,47923700
2024-11-18,223.62711979019133,228.08477571151616,223.54769435597734,226.37716674804688,44633700
2024-11-19,225.34467799276683,228.501774994788,225.02699136706502,226.63531494140625,36211800
2024-11-20,226.4168829534927,228.27340522879027,224.26251907255318,227.35011291503906,35169600
2024-11-21,227.230987838277,228.50176458087773,224.0838286281757,226.8735809326172,42108300
2024-11-22,226.41689485035167,229.05773399756174,226.41689485035167,228.21385192871094,38168300
2024-11-25,229.79240040372403,231.5694972757357,228.08479132337303,231.19223022460938,90152800
2024-11-26,231.64890834638587,233.8727750720934,231.64890834638587,233.36643981933594,45986200
2024-11-27,232.78070364946953,233.99191506726265,232.12545514826604,233.2373809814453,33498400
2024-11-29,233.11825362062933,236.0966394139658,232.28430923421996,235.62010192871094,28481400
2024-12-02,235.5605381566453,239.0551666028684,235.45133007089746,237.8638153076172,48137100
2024-12-03,238.08222901174219,241.01097200063165,237.17878168890522,240.90176391601562,38861000
2024-12-04,241.12017980186528,242.35125137710352,239.51185632927692,241.25917053222656,44383900
2024-12-05,242.23213863223197,242.77816394602775,240.38553870781277,241.28897094726562,40033900
2024-12-06,241.15989600483465,242.86750503393802,240.33587413565135,241.09039306640625,36870600
2024-12-09,240.08769312504634,245.4587194212017,240.00826768189094,244.9722442626953,44649200
2024-12-10,245.11122909402775,246.42172615122828,243.5723933612922,245.98489379882812,36914800
2024-12-11,246.17350623578653,248.9930409884295,244.48574226451257,244.71409606933594,45205800
2024-12-12,245.11122473397327,246.9479020514793,243.9099357862414,246.17352294921875,32777500
2024-12-13,246.03453629863122,247.4939314395242,244.46591792091505,246.34230041503906,33155300
2024-12-16,246.2033097230519,249.56888515433104,245.86574781090837,249.2313232421875,51694800
2024-12-17,248.2782345553336,252.0012166921119,247.98039295462073,251.6537322998047,51356400
2024-12-18,250.34325221557475,252.44797328398425,245.95509905753715,246.2628631591797,56774100
2024-12-19,245.71681628677703,250.18439476471843,245.30976661195103,247.9903106689453,60882300
2024-12-20,246.2529371403228,253.16279902630112,243.919877297432,252.65647888183594,147495300
2024-12-23,252.93444954402884,253.80809906094288,251.62395254537785,253.43084716796875,40858800
2024-12-24,253.64924013847912,256.34962902881983,253.45066898797964,256.3397216796875,23234700
2024-12-26,256.32980188696064,258.2260444048055,255.77383898408218,257.15380859375,27237100
2024-12-27,255.9724022209019,256.8361595932908,251.23677948504655,253.74855041503906,42355300
2024-12-30,250.4127477342041,251.67360197393796,248.9434149702759,250.38296508789062,35557500
