timestamp,open,high,low,close,volume
2015-01-02,26.378983227414164,26.53747679625395,26.145207716790534,26.227922439575195,26480000
2015-01-05,26.109054225279014,26.150658151811385,25.643485126438218,25.728178024291992,41182000
2015-01-06,25.779690312710844,25.814855269684664,25.03923670950731,25.093223571777344,54456000
2015-01-07,25.30668796910353,25.333431998943997,24.945128712980488,25.019420623779297,46918000
2015-01-08,24.839138654038862,25.13581508136982,24.517696365378082,25.10659408569336,73054000
2015-01-09,25.16949781780924,25.19029978331693,24.69748969528174,24.800012588500977,42000000
2015-01-12,24.726710008215623,24.778219905572726,24.314135814389513,24.618738174438477,57138000
2015-01-13,24.89163920700457,25.190297590975387,24.62864268177907,24.85350227355957,60958000
2015-01-14,24.78515337508416,25.173458601696684,24.673219534525618,25.058055877685547,52800000
2015-01-15,25.204658819237853,25.247252773533816,24.86390151676055,24.96295928955078,51068000
2015-01-16,24.920366801659565,25.30173805016697,24.917394822457567,25.28242301940918,49658000
2015-01-20,25.39682712568505,25.53748880478568,25.22842950051131,25.25666046142578,46796000
2015-01-21,25.301244254362835,25.84655617463761,25.239333371220017,25.77424430847168,46356000
2015-01-22,25.903511916093805,26.688046409162553,25.8495269435229,26.611772537231445,56068000
2015-01-23,26.6479256089603,27.01344687982746,26.53499986210325,26.842077255249023,45966000
2015-01-26,26.819789628974416,26.819789628974416,26.352733632893113,26.58304214477539,30932000
2015-01-27,26.3195478633137,26.387897703324924,25.797515001883436,25.813859939575195,39148000
2015-01-28,26.00256531560789,26.03674023665664,25.376027615540508,25.379989624023438,35822000
2015-01-29,25.403267946718596,25.516688702844498,24.936706977923645,25.419612884521484,79018000
2015-01-30,25.705394140053176,26.899035645522233,25.664780246320895,26.6241512298584,121108000
2015-02-02,26.464174574741662,26.572148289412223,25.8401137864481,26.359174728393555,75378000
2015-02-03,26.247240536628567,26.619200823037232,26.09221583271168,26.413658142089844,47062000
2015-02-04,26.4057301275141,26.58452876080059,26.004051971269256,26.057048797607422,33896000
2015-02-05,26.147688837593783,26.284388546914148,26.03426805793032,26.24179458618164,33176000
2015-02-06,26.300236062059394,26.75639421379565,26.183348298880574,26.4423828125,42938000
2015-02-09,26.30271182058514,26.442383499983396,26.128867105471283,26.21455192565918,30314000
2015-02-10,26.356699428927953,26.7950276200183,26.20910372743273,26.7534236907959,47430000
2015-02-11,26.732125324158773,26.842079099789913,26.547382727052224,26.646440505981445,38306000
2015-02-12,26.728658802305585,27.15856794559307,26.59691303094378,27.043167114257812,48590000
2015-02-13,27.11746006330928,27.36659051399328,27.072389139814742,27.298240661621094,47382000
2015-02-17,27.298235569972896,27.389367429891234,26.906958433556085,26.993633270263672,39174000
2015-02-18,26.93469981695822,27.119442427173148,26.72321317271187,26.876750946044922,31164000
2015-02-19,26.867836827647864,27.085267429720005,26.782647018584413,27.064960479736328,30834000
2015-02-20,27.120925489776937,27.120925489776937,26.65139437713584,26.83465003967285,38234000
2015-02-23,26.69596978653822,26.71082779179,26.34926851216046,26.497854232788086,32906000
2015-02-24,26.326981325677284,26.715781566446505,26.29974038803224,26.67863655090332,28406000
2015-02-25,26.66823517293682,27.219489112110175,26.646936304472703,27.108545303344727,40836000
2015-02-26,27.029793102355203,27.742510679720947,26.997598238498586,27.70090675354004,54032000
2015-02-27,27.64444161536971,28.202631377103362,27.588969716438637,27.866331100463867,68328000
2015-03-02,28.082774550206356,28.528036721826922,27.892087988519833,28.47999382019043,50406000
2015-03-03,28.54586206834674,28.768741570101163,28.25611966075086,28.66671371459961,50526000
2015-03-04,28.57657062361449,28.807374147150686,28.356168080743384,28.643930435180664,37964000
2015-03-05,28.707827077979744,28.885138787793394,28.63898221259044,28.797473907470703,35918000
2015-03-06,28.825705397706578,28.864337347543632,28.333390348995728,28.3749942779541,37592000
2015-03-09,28.276925598669397,28.50129017659802,28.184306791462394,28.43442726135254,23478000
2015-03-10,28.15607171742475,28.21946951882551,27.72715266868103,27.728639602661133,40080000
2015-03-11,27.726164680724466,27.943100240107174,27.50873410643518,27.522602081298828,40524000
2015-03-12,27.660788901103146,27.82720461201737,27.514680139109295,27.794021606445312,35602000
2015-03-13,27.697936230040508,27.952018713546398,27.257131083834437,27.389371871948242,35428000
2015-03-16,27.58401838721514,27.921803717244572,27.306161981144513,27.817298889160156,36856000
2015-03-17,27.65137477873963,27.767767515794006,27.4592050871849,27.61769676208496,28892000
2015-03-18,27.623642019052255,28.058505090139843,27.414135446042305,28.041170120239258,35324000
2015-03-19,27.95993798646696,28.080787742076744,27.841070179696896,27.91783905029297,24660000
2015-03-20,28.068409159422565,28.087724187794457,27.957960374470588,27.981237411499023,44320000
2015-03-23,28.033243808407803,28.213529382141797,27.88763006334457,28.00204086303711,30234000
2015-03-24,28.159047833353558,28.81976052616413,28.13675893533501,28.604806900024414,79156000
2015-03-25,28.606291173338146,28.730112923032785,28.082773208618164,28.082773208618164,53070000
2015-03-26,27.966383802158653,28.09218751596838,27.65237236667825,27.916358947753906,49842000
2015-03-27,27.826706738704274,27.937652423954056,27.58401718521686,27.61472511291504,34552000
2015-03-30,27.74845487332882,27.84305373789061,27.577085239154318,27.79253387451172,24788000
2015-03-31,27.634047370388227,27.857421954637825,27.47208865760299,27.473575592041016,34932000
2015-04-01,27.48001004082362,27.661778771430598,27.04415694270571,27.215526580810547,38902000
2015-04-02,27.11250438004649,27.14172537392921,26.767288170471932,26.810379028320312,47760000
2015-04-06,26.68804108522014,27.019884319600163,26.532521393176193,26.941133499145508,33718000
2015-04-07,26.992646934982815,27.24870947181312,26.92330705612625,26.986207962036133,27318000
2015-04-08,27.04267073204441,27.315080106512724,27.04267073204441,27.183332443237305,28386000
2015-04-09,27.20165623561308,27.209580252719736,26.842077035878273,27.142715454101562,32366000
2015-04-10,27.21948907778105,27.23335705385924,26.992152517340696,27.168474197387695,26104000
2015-04-13,27.094674831065824,27.402742255862474,27.057527930126085,27.173423767089844,29326000
2015-04-14,27.070902270342298,27.070902270342298,26.53450635923292,26.734601974487305,47206000
2015-04-15,26.644458883436368,26.903493382518967,26.36759251148383,26.797006607055664,46962000
2015-04-16,26.663775434741105,27.00453275781438,26.65139439325016,26.91983985900879,31722000
2015-04-17,26.612262252076228,26.735588973029106,26.200680056728984,26.385915756225586,49234000
2015-04-20,26.4359449178246,27.03276668890918,26.41613298340692,26.969863891601562,38508000
2015-04-21,27.058022179764922,27.13033403060958,26.85495460165678,26.890119552612305,29128000
2015-04-22,26.897055121340486,27.2903123560359,26.810875291002727,27.200170516967773,31806000
2015-04-23,27.261091295001396,27.79402020003318,27.244746355829392,27.610267639160156,78184000
2015-04-24,28.72912225078688,28.95943077564398,28.149635492700988,28.412633895874023,92168000
2015-04-27,28.368550845496582,28.504753623118656,27.84998497053588,28.0391845703125,48062000
2015-04-28,27.950033869869173,28.123880457716535,27.78361817363499,27.952510833740234,37178000
2015-04-29,27.76133241123523,28.0253208643418,27.686545476089854,27.80491828918457,33622000
2015-04-30,27.664752856140733,27.791051582412802,27.078333928397186,27.179866790771484,47240000
2015-05-01,27.266045795289212,27.301212640772505,26.936184450033917,27.298240661621094,36572000
2015-05-04,27.289819963723605,27.57213342361992,27.11151632813223,27.38144874572754,35260000
2015-05-05,27.248708092743865,27.37005476397144,26.86287986536893,26.89606475830078,28528000
2015-05-06,26.876254949077193,26.94014777604969,26.361155992413,26.50181770324707,39034000
2015-05-07,26.54242930953945,27.003046351668463,26.421084528573818,26.846534729003906,31844000
2015-05-08,27.184817822154855,27.379464492780805,27.14321389593343,27.188779830932617,28226000
2015-05-11,27.165995341038695,27.407696765041656,27.02285856630748,27.03177261352539,21858000
2015-05-12,26.884671875130138,26.892102766953474,26.49785361767802,26.68259620666504,35282000
2015-05-13,26.76877755481055,26.9356882801357,26.6949787622634,26.720239639282227,24238000
2015-05-14,26.942127815263675,27.22543318589741,26.869320940452102,27.201162338256836,31736000
2015-05-15,27.260101917330914,27.27050289898558,26.869319748829863,27.066938400268555,33440000
2015-05-18,26.934698530922038,27.158568096237936,26.85693772865595,27.075855255126953,26706000
2015-05-19,27.141724191934355,27.409179595523543,27.09814021045683,27.205121994018555,47126000
2015-05-20,27.28634813184401,27.541420608336868,26.998090764702578,27.36509895324707,30840000
2015-05-21,27.25068916388988,27.617697365863087,27.206113261264107,27.578073501586914,34170000
2015-05-22,27.461684850633805,27.64890442528426,27.420080920571507,27.464656829833984,24266000
2015-05-26,27.368564860138168,27.405711757720553,26.892594846458607,27.101606369018555,37474000
2015-05-27,27.175406137943327,27.502790485334433,27.071396325193334,27.45128059387207,34844000
2015-05-28,27.42849610000732,27.526066931360877,27.280405411569163,27.447811126708984,23544000
2015-05-29,27.399278437935696,27.435930328218706,26.99512517237826,27.00899314880371,43446000
2015-06-01,27.177882400770333,27.26901426596134,26.922809913971676,27.201656341552734,33210000
2015-06-02,27.113495027051425,27.676141819524368,27.069909153313837,27.43642234802246,31842000
2015-06-03,27.493381406307776,27.636520079342983,27.34727264359449,27.502792358398438,26710000
2015-06-04,27.348754734148155,27.535974278994576,27.19719704465667,27.324485778808594,26866000
2015-06-05,27.33984311540959,27.405716000038616,27.11101962680193,27.217506408691406,24396000
2015-06-08,27.22146468832839,27.234342632401866,26.891603406066057,26.91785430908203,27336000
2015-06-09,26.91488582494658,26.985217622243358,26.688539302014306,26.852479934692383,30016000
2015-06-10,27.02781287372939,27.477533962168373,26.99859187630558,27.36956024169922,30316000
2015-06-11,27.463171823728356,27.480011779639767,27.199678376924666,27.242769241333008,25872000
2015-06-12,27.099630497044245,27.18382838703318,27.02434665527737,27.115480422973633,25468000
2015-06-15,26.880711969209667,26.946089841032,26.70637223726349,26.894084930419922,27150000
2015-06-16,26.96739074855304,27.07684763190568,26.823262032800827,26.986705780029297,32526000
2015-06-17,27.013943813440044,27.159557558499046,26.835145173892702,27.0723876953125,24440000
2015-06-18,27.14172604390117,27.59986612113927,27.14172604390117,27.546871185302734,41192000
2015-06-19,27.563711345856504,27.632556206154515,27.352719741376024,27.613239288330078,59290000
2015-06-22,27.70684949528458,28.013926889538354,27.682083635137293,27.7202205657959,34752000
2015-06-23,27.725669016308313,27.97876144101072,27.594913287979942,27.903972625732422,31396000
2015-06-24,27.85890358722994,27.866827604823666,27.57807519451148,27.665245056152344,28924000
2015-06-25,27.750931403676525,27.891593115258466,27.610269692094583,27.634538650512695,26684000
2015-06-26,27.721709839427113,27.73607283032798,27.332414593416953,27.392343521118164,43676000
2015-06-29,27.079814836076096,27.285359383055532,26.757382533389066,26.80740737915039,37756000
2015-06-30,26.997597046071164,27.03771592570362,26.722712624966977,26.747478485107422,34510000
2015-07-01,26.926771251721046,27.033258023004194,26.73360964087482,26.9089412689209,30760000
2015-07-02,26.98026552652881,27.141729206136226,26.92231665610862,27.109041213989258,28124000
2015-07-06,26.85693498060043,27.170453232322398,26.84950597840822,27.023847579956055,25614000
2015-07-07,27.113497628146252,27.29031432523081,26.738070350332645,27.242271423339844,33578000
2015-07-08,27.022860177903542,27.15559597921672,26.80493268243471,26.829696655273438,27662000
2015-07-09,27.173922750531908,27.18531376232691,26.974322145112932,26.975807189941406,29766000
2015-07-10,27.42453582088573,27.70090719265849,27.339842922404863,27.543405532836914,43436000
2015-07-13,27.711804407525904,28.372517116684456,27.671685523721862,28.317045211791992,41792000
2015-07-14,28.454236812183964,29.20756824841586,28.437891873605754,28.933673858642578,74832000
2015-07-15,28.911883086863288,29.157049618403022,28.737046461613076,28.922779083251953,41466000
2015-07-16,29.1971690216185,29.940099521459327,29.118913207071515,29.805381774902344,112642000
2015-07-17,33.67951961923037,34.81868135314165,33.5804637200817,34.65127182006836,257162000
2015-07-20,34.12427863693632,34.5611197846634,33.767176444266,34.31545639038086,102436000
2015-07-21,33.92122091944965,34.94745505084517,33.88506593007561,34.439788818359375,75604000
2015-07-22,34.37390303314623,35.33030195473813,34.255035230394284,34.42739486694336,83100000
2015-07-23,34.26642932546694,34.47544276375287,33.26297739619701,33.41849899291992,76232000
2015-07-24,33.519534639896534,33.57005260703737,32.35115219379151,32.429901123046875,82622000
2015-07-27,32.27141864445667,33.03911511857316,32.27042861444998,32.60326385498047,58382000
2015-07-28,32.776113698218296,32.89201143039862,32.362549507338464,32.67210388183594,34364000
2015-07-29,32.80087071557741,32.85386753481423,32.33430976932644,32.759761810302734,36756000
2015-07-30,32.562144012647245,33.08764193916661,32.277351774172374,32.91478729248047,39606000
2015-07-31,32.92172409004458,32.936582093909664,32.550258878459125,32.56511688232422,34922000
2015-08-03,32.573048559887084,33.019302689370136,32.573048559887084,32.92272186279297,31348000
2015-08-04,32.90389228042052,33.08516975264044,32.71419955523261,32.75233459472656,26188000
2015-08-05,32.9737340984741,33.67506074810325,32.96531506499651,33.34718322753906,36448000
2015-08-06,33.38185339479109,33.419493427571425,32.72510076179355,33.1916618347168,40660000
2015-08-07,33.07428047764331,33.124798459778894,32.632980264934545,32.90637969970703,27544000
2015-08-10,33.04009621182941,33.264462646092866,32.70033085315252,32.844459533691406,34458000
2015-08-11,34.64928999055603,34.86820752195897,33.89348150225744,34.18966293334961,109880000
2015-08-12,34.39718586317109,34.47197468437075,33.70477711120142,34.24761199951172,58498000
2015-08-13,34.13518012660411,34.374404601004464,33.78749069811916,34.001949310302734,36354000
2015-08-14,33.87961011070115,34.28673531133046,33.82314818118682,34.14359664916992,27598000
2015-08-17,34.07772047981685,34.409561797759864,33.83106705811044,34.378360748291016,24680000
2015-08-18,34.22779040064376,34.46007703759616,33.942998186835986,34.11189270019531,27710000
2015-08-19,34.180254132907095,34.67999629930211,34.01631349057511,34.374900817871094,50194000
2015-08-20,34.1302239934744,34.47989342043617,33.445735585301264,33.65375518798828,57798000
2015-08-21,33.235736682741134,33.327367346398646,31.8519054529446,31.897968292236328,91880000
2015-08-24,29.746939916874606,31.088177294493896,29.374977737356645,30.614187240600586,129788000
2015-08-25,32.01882119405625,32.04506832236937,30.295220721181085,30.3348445892334,71430000
2015-08-26,31.8519089755951,32.81177703180927,31.221409150442604,32.67606735229492,87740000
2015-08-27,33.28278769072084,33.381352336569705,32.24813475730446,33.083187103271484,58974000
2015-08-28,32.97422048717936,33.03563633785908,32.379382674686234,32.673583984375,38836000
2015-08-31,32.4086092572335,32.90736515028185,32.012876931637756,32.0856819152832,38936000
2015-09-01,31.391786274473716,31.91827623068475,30.958410140216927,31.181289672851562,51458000
2015-09-02,31.599310745419558,31.948982118668557,31.234779477152898,31.941553115844727,37630000
2015-09-03,32.09113237492942,32.25556803268813,31.39178770386115,31.552261352539062,34572000
2015-09-04,31.188225071536397,31.425962620643812,31.02973337213145,31.151573181152344,40478000
2015-09-08,31.747897416458176,31.947993041207848,31.346716137051466,31.890541076660156,39092000
2015-09-09,32.28677389210816,32.55818947175841,31.74294514536799,31.867265701293945,40978000
2015-09-10,31.89153693956946,32.43635200873286,31.78257316998862,32.247154235839844,27850000
2015-09-11,32.20405525572537,32.45664888451943,32.06537173284636,32.456153869628906,34892000
2015-09-14,32.47250590420914,32.48686889581672,32.16889168434982,32.31599426269531,29942000
2015-09-15,32.525985310052896,33.127265852523564,32.35907461988138,32.94004821777344,35546000
2015-09-16,32.963826353382196,33.088638132930264,32.797905662247594,32.96234130859375,26252000
2015-09-17,33.05991526305095,33.7780799673322,32.936588516686086,33.266944885253906,47752000
2015-09-18,32.93955043238205,33.17629978809935,32.690421926594844,32.73450469970703,72544000
2015-09-21,32.96184772476689,33.13470241115899,32.58988744462073,33.03465270996094,39094000
2015-09-22,32.56363466150793,32.6304994634387,31.947496011379666,32.35214614868164,54362000
2015-09-23,32.337288611310186,32.70280990258614,32.229809911743736,32.356605529785156,29160000
2015-09-24,32.14264625727654,32.52896956371479,31.80585090163337,32.43684387207031,38692000
2015-09-25,32.61861621524337,32.61861621524337,31.681532049869098,31.705801010131836,48480000
2015-09-28,31.65131173178752,31.839523189971544,30.600808918679935,30.91828727722168,47646000
2015-09-29,30.98019960622048,31.434872682076957,30.610221312666035,30.83706283569336,42130000
2015-09-30,31.293718374073343,31.66419360034587,31.16098257438265,31.617637634277344,52954000
2015-10-01,31.59634056365451,31.88856188006045,31.258555197836,31.797426223754883,42506000
2015-10-02,31.59980191921623,32.54035097191,31.376427399864856,32.53985595703125,48788000
2015-10-05,32.768197374734655,33.33430942923453,32.484395046174676,33.2674446105957,37960000
2015-10-06,33.152034494378675,33.62008056329151,32.84149008615835,33.26545715332031,42774000
2015-10-07,33.550742146325796,33.61711193805121,32.59533304815509,33.18423080444336,44354000
2015-10-08,33.15699121814033,33.27784289005283,32.416040707375146,33.03564453125,39308000
2015-10-09,33.059910997674415,33.38679844049463,32.80582853434508,33.245643615722656,32124000
2015-10-12,33.14410591739658,33.579462046941245,33.04752511578709,33.50269317626953,26684000
2015-10-13,33.39521726060749,34.09852378333775,33.338256543853774,33.836517333984375,42446000
2015-10-14,33.86426094503472,34.17678543130566,33.6250364609968,33.699825286865234,31292000
2015-10-15,33.93954454737272,34.38084471752574,33.89695058823443,34.32438278198242,47156000
2015-10-16,34.44225735509288,34.482871250580324,34.13022791520861,34.43829345703125,36316000
2015-10-19,34.372921403835086,34.681980789512544,34.28426460027025,34.66761779785156,30172000
2015-10-20,34.565588917953015,34.57103786152199,33.36649636111071,33.67951965332031,52434000
2015-10-21,33.838506042630456,33.92220891906112,33.21890221656335,33.27338409423828,31952000
2015-10-22,33.453663740354145,34.07822141927744,33.26842613445332,33.73597717285156,88632000
2015-10-23,37.149499533635414,37.27035120850808,35.55863849691419,35.62748336791992,126726000
2015-10-26,35.661653108458125,36.401118484837205,35.661653108458125,36.211421966552734,48776000
2015-10-27,35.98607316092453,36.451149222434644,35.86572027160243,36.29562759399414,38778000
2015-10-28,36.304539894414766,36.52097856772788,36.02073762200334,36.49869155883789,39604000
2015-10-29,36.484320022173904,36.98753093972116,36.41151127569911,36.89144515991211,36520000
2015-10-30,36.92661128868755,36.96375629599274,36.47936726278444,36.5219612121582,39984000
2015-11-02,36.3803142147268,37.05637985133396,36.22776271866186,37.03458786010742,39914000
2015-11-03,36.92018443216668,37.230728887108015,36.708695881703605,37.08808898925781,36306000
2015-11-04,37.141572551202636,37.6368595709286,37.106902610971424,37.409523010253906,41840000
2015-11-05,37.5828697464881,37.956318820362924,37.51650373970402,37.67499542236328,45486000
2015-11-06,37.61159913766155,37.79138779597369,37.39565171873256,37.7210578918457,33544000
2015-11-09,37.56850697183629,37.805256356728805,37.102444761984046,37.382774353027344,35538000
2015-11-10,37.31888032898633,37.67152363443176,37.06777175364301,37.555625915527344,29798000
2015-11-11,37.75969916541242,38.091540630889874,37.62943841023764,37.90184783935547,41866000
2015-11-12,37.65073034723657,37.929083698429345,37.436766731790705,37.46995162963867,35452000
2015-11-13,37.34662263187816,37.41051357005065,36.62498907115692,36.65470886230469,48188000
2015-11-16,36.661641776090356,37.23121881715955,36.370410503817425,37.167327880859375,50704000
2015-11-17,37.26886049325485,37.39169220939901,36.85182743201021,36.947418212890625,38864000
2015-11-18,37.12523204695689,37.69629795941325,37.0172583205132,37.642311096191406,36266000
2015-11-19,37.63091573966302,37.801790366643026,37.50461890955349,37.63884353637695,28078000
2015-11-20,38.1024220937015,38.59869903281324,37.844874563442474,38.48379135131836,55478000
2015-11-23,38.50708337579666,38.77602388316578,38.31094785852871,38.46894454956055,34648000
2015-11-24,38.28370125451303,38.43377390484856,37.54819978638745,38.118770599365234,47880000
2015-11-25,38.22080530064917,38.28569004980052,37.96523776006601,38.1004524230957,23612000
2015-11-27,38.0954977662166,38.335217265530005,37.988514073778816,38.23467254638672,14434000
2015-11-30,38.229723452808486,38.386235112792896,37.69729133433333,37.78297805786133,33586000
2015-12-01,37.9855377543287,38.88002587194056,37.93650482958289,38.82009506225586,40398000
2015-12-02,38.892416973897056,39.27874027442635,38.45557191461277,38.52590560913086,46876000
2015-12-03,38.6601178119216,38.85426944869695,37.76315463222132,38.047943115234375,41950000
2015-12-04,38.122729219952966,38.75223695012414,37.91470962389839,38.5932502746582,49800000
2015-12-07,38.63535506601758,38.68191291945179,37.97464240690137,38.28519058227539,36626000
2015-12-08,37.86468722605754,38.56551873985474,37.766621373662964,38.39167404174805,31082000
2015-12-09,38.1915804104444,38.438728892524885,37.24607545301405,37.76810836791992,46550000
2015-12-10,37.81961974235447,37.942451459683596,37.39416764471698,37.64379119873047,32458000
2015-12-11,37.09699797156089,37.51502108654828,37.079661112337725,37.167327880859375,43184000
2015-12-14,37.20892579922169,37.84735138039408,36.46599540086511,37.767608642578125,53864000
2015-12-15,38.02764007767492,38.37235940498031,37.54275595077579,37.646270751953125,49386000
2015-12-16,37.96720876174489,38.70667404721691,37.495697663527814,38.46348571777344,53120000
2015-12-17,38.6898391951951,38.71113617411495,38.10243027573638,38.12868118286133,36510000
2015-12-18,37.99990681990327,38.34215109682171,37.47291993554379,37.48579788208008,67794000
2015-12-21,37.79287344694566,37.95631905848397,37.352068333698575,37.681434631347656,34848000
2015-12-22,37.85330330011459,38.15393987099069,37.70125057292148,37.99495315551758,36338000
2015-12-23,38.17127097813281,38.23120178878488,37.5254163567564,38.063297271728516,30594000
2015-12-24,38.06380424937597,38.097484166350725,37.85925345102776,37.931068420410156,10412000
2015-12-28,38.13710107192292,38.772057891682095,38.02467221670139,38.74333190917969,31156000
2015-12-29,38.97859243666877,39.55808112918283,38.93946736137099,39.32381057739258,38430000
2015-12-30,39.32380984547708,39.44763159972619,38.98899458256072,39.14253234863281,28566000
2015-12-31,39.01969521409917,39.04495608789025,38.499646185603034,38.53382110595703,32752000
2016-01-04,37.75077822639408,37.75077822639408,37.024685743784126,37.614078521728516,67382000
2016-01-05,37.84488479110761,38.09747846248934,37.42636663493439,37.717594146728516,45216000
2016-01-06,37.164852099532766,37.925610698835335,37.04746932170609,37.60862731933594,48206000
2016-01-07,36.972681875308176,37.409523123544396,36.417464036236815,36.700767517089844,63132000
2016-01-08,37.03756053097063,37.152468231230124,36.10245845142127,36.20102310180664,47506000
2016-01-11,36.25253057166392,36.40755715068729,35.638870785668765,36.30800247192383,50896000
2016-01-12,36.68838153614712,37.06430568412597,36.474417953751896,36.91571807861328,46816000
2016-01-13,37.11383818546396,37.29511569105602,35.50118521271843,35.63936996459961,51728000
2016-01-14,35.880568198758496,36.64578563541272,34.917730239738795,36.22479248046875,55558000
2016-01-15,35.16488181318563,35.86670339806541,34.744878650848015,35.18964767456055,76676000
2016-01-19,35.6680938747011,35.925645237091985,35.15794885682766,35.61509704589844,48724000
2016-01-20,34.962307478954806,36.00488827548958,34.06484918924632,35.5893440246582,82440000
2016-01-21,35.669082898102324,36.53583514483497,35.22035375446154,35.99102020263672,51938000
2016-01-22,36.75029175238491,37.075202907571644,36.67600172969498,36.921661376953125,47146000
2016-01-25,36.84143195901277,37.268369139227985,36.27977513398915,36.33524703979492,45340000
2016-01-26,36.413992123432074,36.62448680085389,36.005873154932566,36.343658447265625,30940000
2016-01-27,36.44766924924528,36.44766924924528,35.33624749722936,35.540802001953125,42428000
2016-01-28,36.56159614229709,37.20398201755516,36.18567192809606,37.06233215332031,62104000
2016-01-29,37.095015600584055,37.894903017446694,36.85925624653019,37.708675384521484,75808000
2016-02-01,38.19950663192024,38.51302491940316,37.710163567513646,38.17523956298828,111522000
2016-02-02,39.64773070156168,40.13558875841699,38.662106730547166,38.67746353149414,135846000
2016-02-03,38.94342043553093,39.19849290558571,36.465995722748254,37.115814208984375,131114000
2016-02-04,36.87857488418094,36.91076974866804,35.78944000078613,36.15743637084961,104922000
2016-02-05,35.933075204275454,35.99349725884201,34.677025766134754,34.856319427490234,109556000
2016-02-08,34.05989488440364,34.893961023900246,33.77906649375139,34.876129150390625,89410000
2016-02-09,34.32091531483342,35.70821558502825,34.10051272814235,34.720611572265625,84300000
2016-02-10,35.25402700094979,35.820138814323826,34.93704368434801,35.00935363769531,60314000
2016-02-11,34.48881138902276,35.28027969098621,34.233738922554686,34.98508834838867,65004000
2016-02-12,35.274832606683034,35.462545274628276,34.748340819405264,35.0113410949707,46538000
2016-02-16,35.593792786599515,35.80330120550209,35.174284712692035,35.54376983642578,43444000
2016-02-17,36.0073663051266,36.34218158367358,35.492766123665476,36.25352478027344,49154000
2016-02-18,36.35208751067128,36.45312346171829,35.44026242534527,35.53733825683594,47276000
2016-02-19,35.457592934769075,35.86026300114501,35.319903215369976,35.765167236328125,34918000
2016-02-22,36.131680185895405,36.39616552999746,35.831538651789394,36.1088981628418,37516000
2016-02-23,35.96278966360687,36.200525309438234,35.446205681181446,35.52643966674805,41332000
2016-02-24,35.19559210740684,35.721093972823766,34.770143729438566,35.70524215698242,37092000
2016-02-25,35.80577766588934,36.13167504500656,35.32534873921574,36.112361907958984,36146000
2016-02-26,36.3342520820018,36.46104391272154,35.75674729899834,35.901371002197266,42474000
2016-02-29,35.7101897653022,36.18566480284107,35.50415020449472,35.522972106933594,45068000
2016-03-01,35.725049836376904,36.76664060085836,35.59330406916311,36.75871658325195,60112000
2016-03-02,36.79338517519107,36.805764326706736,36.31691631899014,36.62548065185547,36292000
2016-03-03,36.62548141033493,36.700765244508986,36.13762342233731,36.23469924926758,40534000
2016-03-04,36.39369259392449,36.403596671869806,35.93901568481718,36.16685104370117,48516000
2016-03-07,35.91573784511294,36.01776760575479,34.92466879313932,35.30405807495117,61690000
2016-03-08,35.08562869875859,35.77209715809866,34.868200037641884,35.340206146240234,52530000
2016-03-09,35.42143687756884,35.96972066397956,35.2971201219562,35.928611755371094,39544000
2016-03-10,36.04649407867414,36.4798702257743,35.823616428804385,36.263431549072266,44616000
2016-03-11,36.64876499502006,36.893929655471744,36.48779444368558,36.8924446105957,35380000
2016-03-14,36.89739647261702,37.35751851905299,36.83251172926212,37.15841293334961,32824000
2016-03-15,36.949402401381654,37.29561058112278,36.791900729914836,37.17475891113281,29832000
2016-03-16,37.09947087477746,37.59228278344471,36.97317405439832,37.51105499267578,29306000
2016-03-17,37.52541559792926,37.90628987325788,37.511052608857256,37.566524505615234,44564000
2016-03-18,37.72254765570639,37.747804755319535,37.23666968107192,37.41447830200195,56222000
2016-03-21,37.340184299048175,37.80724036626395,37.209428551976,37.74879837036133,28774000
2016-03-22,37.564540526081714,37.88944785586452,37.53680458059707,37.64427947998047,22096000
2016-03-23,37.807730280456,37.908770000979295,37.44517910106979,37.520957946777344,24678000
2016-03-24,37.20595824321045,37.520957760798765,37.17128830674289,37.3862419128418,31116000
2016-03-28,37.45211774757766,37.55761639405747,37.247566985328106,37.308982849121094,21676000
2016-03-29,37.32879073767677,37.99743124642023,37.06183408362474,37.933536529541016,40062000
2016-03-30,38.04844307657349,38.49915607070755,38.01724202026237,38.05488204956055,40396000
2016-03-31,38.05487782171326,38.091527817055514,37.55513195265426,37.78544235229492,32554000
2016-04-01,37.50115050477174,38.13907735103914,37.40407090159999,38.12075424194336,31674000
2016-04-04,38.11282970535619,38.25795221824635,37.73047033257097,37.89540100097656,26924000
2016-04-05,37.5491995203671,37.7839651024234,37.423888932030906,37.57099151611328,24478000
2016-04-06,37.53482406276574,38.05884076308106,37.45855020593601,38.04150390625,25312000
2016-04-07,37.90530607852132,38.10540170741763,37.51799276727145,37.64775848388672,25498000
2016-04-08,37.93254198115857,37.99494786699238,37.43230486469166,37.61555862426758,23434000
2016-04-11,37.91174984376483,37.99941662708517,37.510073490309274,37.51997756958008,31774000
2016-04-12,37.56405522264028,37.885493752969026,37.22428602387416,37.855777740478516,27388000
2016-04-13,38.1524531610522,38.42188866227975,37.869149683869864,38.2317008972168,35426000
2016-04-14,38.40257150439105,38.6130661964195,38.29657785729657,38.404056549072266,26992000
2016-04-15,38.40950761970658,38.6784480927536,38.38127287550089,38.63238525390625,31712000
2016-04-18,38.641789976114,39.05585290683393,38.51400812348776,39.012760162353516,33540000
2016-04-19,39.15244079478409,39.174727803987004,38.150473844421946,38.4466552734375,43952000
2016-04-20,38.590786577128455,38.61555244151473,38.200004363004034,38.38078308105469,34262000
2016-04-21,38.499154444055584,38.71559310554026,38.213867142390555,38.63238525390625,77628000
2016-04-22,36.84489984754026,37.34068193250783,36.17428299883041,36.540794372558594,140798000
2016-04-25,36.42093101361896,36.89293719244177,36.40854808298833,36.76069641113281,49442000
2016-04-26,36.87016082301666,36.9281078081669,35.67651716750984,35.926639556884766,55864000
2016-04-27,35.92414894557585,36.0147857848918,35.1198027330505,35.73297119140625,66262000
2016-04-28,35.82361099470602,36.1192973643917,34.82857818178446,34.92070007324219,62590000
2016-04-29,34.87414758399669,35.269879879925305,34.857305741064145,35.06037521362305,58278000
2016-05-02,35.260469966627014,35.433324632210166,34.985090537433294,35.38379669189453,33476000
2016-05-03,35.28919751574066,35.33228648564626,35.033134992134336,35.088111877441406,38620000
2016-05-04,35.00540282233089,35.41549816057084,34.87068317653832,35.23323440551758,34172000
2016-05-05,35.413025559661676,35.53932240236006,35.138141084237766,35.39866256713867,29668000
2016-05-06,35.27434027499986,35.95733995063016,35.26195734441672,35.91722106933594,39952000
2016-05-09,35.992504989133266,36.36842914813491,35.83401330201769,36.11286163330078,38074000
2016-05-10,36.401611672392384,36.651235213134555,36.235690993457354,36.62052917480469,32634000
2016-05-11,36.67699131257819,36.69085928714328,36.05193864861735,36.183189392089844,29834000
2016-05-12,36.255002790628936,36.42191727191531,35.87214846175606,36.06035614013672,27094000
2016-05-13,35.98855152600146,36.21984823731553,35.83451494472377,35.89989471435547,25244000
2016-05-16,35.8746254877397,36.288684669946015,35.66066190927299,36.170806884765625,22538000
2016-05-17,36.208450361907204,36.44569097482514,35.56160570460678,35.67007064819336,33404000
2016-05-18,35.58636948942367,35.936537754247226,35.414009828446886,35.74882507324219,32536000
2016-05-19,35.57646784791149,35.685431597811636,35.180731732091246,35.428375244140625,30598000
2016-05-20,35.48533106999511,36.04203010149844,35.41351234532872,35.74535369873047,34798000
2016-05-23,35.6596744917315,35.83401421839503,35.509106818310286,35.52445983886719,24816000
2016-05-24,35.65323400325436,36.36396961924162,35.64332614743624,36.30602264404297,37884000
2016-05-25,36.403602555563,36.64579716617907,36.284734707306534,36.5571403503418,32216000
2016-05-26,36.45312462698734,36.70572207015951,36.30454078533441,36.49918746948242,27202000
2016-05-27,36.52791441367793,37.04301339152883,36.50314855004711,37.02766036987305,34802000
2016-05-31,37.08510255007822,37.318878032997226,36.92710590423382,37.089561462402344,42484000
2016-06-01,37.07074266503068,37.21437633497876,36.866188155670244,37.070247650146484,20788000
2016-06-02,36.953364978778524,37.01280078170876,36.50265197538944,36.862728118896484,33916000
2016-06-03,36.72503053783382,36.72503053783382,36.34960145357048,36.44618225097656,24608000
2016-06-06,36.5769433834877,36.5769433834877,36.07125730241158,36.15892028808594,29992000
2016-06-07,36.317911764625705,36.488287591456604,36.19557505876938,36.209938049316406,24314000
2016-06-08,36.626475410953596,36.839944006106606,36.4417365780492,36.79636001586914,32314000
2016-06-09,36.5061124803465,36.84587781787223,36.4778815195874,36.77604293823242,19180000
2016-06-10,36.45064162971903,36.63340035761575,36.181206178975316,36.313941955566406,29050000
2016-06-13,36.1470432539495,36.60171643645274,36.1470432539495,36.24907302856445,23354000
2016-06-14,36.12177193965893,36.45311826988707,35.98259718526394,36.31691360473633,26584000
2016-06-15,36.39962276932139,36.51007153494552,36.22082417056546,36.26441192626953,23234000
2016-06-16,36.05491120071942,36.17526784596295,35.43976635013892,35.87116241455078,45002000
2016-06-17,35.72950890886341,35.72950890886341,34.72556194695882,34.88058853149414,82262000
2016-06-20,35.18072724928759,35.45610667867738,34.93803769645045,34.973697662353516,45654000
2016-06-21,35.16785604096685,35.43184639967402,34.90089937108072,35.10990905761719,30318000
2016-06-22,35.36596945485646,35.373893472896775,34.961319289923196,35.188655853271484,29058000
2016-06-23,35.192618285526926,35.40707689359775,34.68247327506081,35.40658187866211,42500000
2016-06-24,34.18321974857494,34.917731166935546,33.92269832030324,33.93706130981445,95436000
2016-06-27,33.80284197439406,33.84444590007833,33.31597401791245,33.73597717285156,58146000
2016-06-28,34.24265826311472,34.310513096875844,33.9197309234482,34.23720932006836,38246000
2016-06-29,34.38579518880809,34.6453228159784,34.30753748786173,34.431854248046875,43124000
2016-06-30,34.55369743884555,34.856812842639116,34.41749275736382,34.84492492675781,42250000
2016-07-01,34.92268477982519,35.29068111866465,34.854829952062055,35.177757263183594,30984000
2016-07-05,34.91822880903291,35.072261586064215,34.62700132023664,34.91228485107422,28440000
2016-07-06,34.662166587541094,35.31396522804846,34.62056266019424,35.11436462402344,28902000
2016-07-07,35.170829337752174,35.1737994276232,34.70327824370332,35.02967071533203,21174000
2016-07-08,35.19311528725154,35.55665654375242,35.07176860384999,35.55071258544922,29946000
2016-07-11,35.63192838378519,36.10294440985193,35.604687455001844,36.01726150512695,28822000
2016-07-12,36.251044813809045,36.4333085457234,36.03212730655843,36.28026580810547,26468000
2016-07-13,36.42934705832271,36.42934705832271,36.10740978202977,36.130191802978516,20436000
2016-07-14,36.35108874701633,36.460052479803196,36.18516807345069,36.443214416503906,21408000
2016-07-15,36.700769645774436,36.700769645774436,36.3857662960263,36.4348030090332,32342000
2016-07-18,36.54772209632918,37.40110135998717,36.47838222071923,37.305015563964844,38698000
2016-07-19,37.14008471687903,37.47291611810079,37.07173487145102,37.3154182434082,30436000
2016-07-20,37.34711591070075,37.67351213201488,37.34711591070075,37.497188568115234,22502000
2016-07-21,37.493217504133334,37.55017821936716,37.22180200107509,37.36494064331055,19062000
2016-07-22,37.50907575319227,37.61457061327195,37.278270321081564,37.60615158081055,20920000
2016-07-25,37.52690213607162,37.63289578498079,37.34810350913989,37.518978118896484,21466000
2016-07-26,37.518978355371786,37.60516007251645,37.2827277683765,37.52541732788086,23792000
2016-07-27,37.590799861392235,37.8622154204272,37.44023218676699,37.739383697509766,32172000
2016-07-28,38.07965606713756,38.086095041503654,37.5967481046439,37.931068420410156,73464000
2016-07-29,39.50954053403182,39.81810109584615,39.12767241868015,39.19404220581055,101810000
2016-08-01,38.96274200674691,39.99392989473079,38.882009228846584,39.669517517089844,60594000
2016-08-02,39.49072150153666,39.73787000090073,39.35204173811397,39.62890625,39928000
2016-08-03,39.44812655132865,39.60017927231343,39.27725192614084,39.5694694519043,29206000
2016-08-04,39.535784481045226,39.6328603005756,39.32182091042365,39.486751556396484,21520000
2016-08-05,39.62840881292949,39.98055714325578,39.51449114065777,39.96619415283203,36146000
2016-08-08,39.920127379570445,39.99937510529658,39.70665882522557,39.88199234008789,24426000
2016-08-09,39.845338510032086,40.28317350294746,39.82404153398977,39.993431091308594,32154000
2016-08-10,39.972133287968035,40.16182600890435,39.94439734032515,40.043453216552734,18370000
2016-08-11,40.14151971836273,40.310414260063595,39.920127148474776,40.029090881347656,25646000
2016-08-12,39.87506542974403,39.97907525416379,39.803246693216444,39.97214126586914,17946000
2016-08-15,39.9800589105855,40.18560345181678,39.82255726478973,39.918148040771484,18596000
2016-08-16,39.796308931056345,39.83395273750911,39.47437163148233,39.68190002441406,21158000
2016-08-17,39.62296153920113,39.90180988436865,39.439703981735896,39.89140701293945,21322000
2016-08-18,39.88843359002932,40.01918932195238,39.70369100315193,39.75916290283203,17292000
2016-08-19,39.612555325344985,39.683879038261125,39.468430412267665,39.605621337890625,22416000
2016-08-22,39.5491648423716,39.58829369793303,39.34213522011183,39.471900939941406,17056000
2016-08-23,39.64673768506194,39.67249358007822,39.42435502989723,39.454071044921875,18350000
2016-08-24,39.4674386471185,39.546686381408385,39.16531327293321,39.30597686767578,25672000
2016-08-25,39.226728501740986,39.36144813636851,38.99047790495688,39.19205856323242,24054000
2016-08-26,39.25100397851315,39.59324826964083,39.09845623107937,39.28715896606445,24978000
2016-08-29,39.27873698650876,39.5496575334417,39.14352233114582,39.415931701660156,15474000
2016-08-30,39.27031857777686,39.523906048110916,39.10142400962578,39.22277069091797,23348000
2016-08-31,39.10786014205451,39.20543098345982,38.988992322911685,39.120243072509766,21428000
2016-09-01,39.22573983663845,39.27081264763772,38.945905244204624,39.19701385498047,26070000
2016-09-02,39.38868589221172,39.47932273994229,39.28913121905614,39.46792984008789,26998000
2016-09-06,39.543219644284996,40.1623284317512,39.39661586237993,40.02018356323242,39790000
2016-09-07,40.01572196299426,40.14796274467995,39.80720731634327,40.01869583129883,22906000
2016-09-08,39.88150003607962,40.03999171956553,39.67298161636431,39.76361846923828,23554000
2016-09-09,39.562041067354286,39.709638656123914,39.0310940729756,39.052391052246094,37752000
2016-09-12,38.85625741430185,39.63137899910432,38.80573566149111,39.564517974853516,37274000
2016-09-13,39.32628414321109,39.41444592578274,38.84684517149424,39.06427764892578,36180000
2016-09-14,39.005332944380434,39.44118788533569,39.005332944380434,39.15045166015625,25842000
2016-09-15,39.12816703599037,39.80373770111049,39.06130223461607,39.68387985229492,31144000
2016-09-16,39.57442195861149,39.57442195861149,39.306966526020986,39.52241516113281,42612000
2016-09-19,39.67794540575547,39.82058908996723,39.30400500081995,39.3946418762207,22990000
2016-09-20,39.622958432399656,39.75916310775899,39.53677671424401,39.612060546875,20984000
2016-09-21,39.68536293035265,39.915673333121774,39.426326548784026,39.87208557128906,26970000
2016-09-22,40.11824841371804,40.566977574863046,40.004829530746385,40.41294479370117,35186000
2016-09-23,40.37282090705394,40.46494279961748,40.253458080756836,40.36390686035156,28234000
2016-09-26,40.10933363160005,40.1222115774968,39.64524767933799,39.75421142578125,29454000
2016-09-27,39.71359854012882,40.29110338799935,39.71359854012882,40.15440368652344,27346000
2016-09-28,39.825041988365,40.130636292362816,39.76065602850474,40.12122344970703,29406000
2016-09-29,39.98105206548404,40.31190341687214,39.6655537343423,39.75371551513672,27000000
2016-09-30,39.801265064764245,40.02364769639707,39.69725524444355,39.82404708862305,33204000
2016-10-03,39.749267246608674,39.79830018878603,39.43624768502226,39.64179229736328,29784000
2016-10-04,39.87061296030565,39.944906783681716,39.6066263474744,39.76115417480469,25174000
2016-10-05,39.920130445497676,40.04395219239981,39.658123961581886,39.68387985229492,24276000
2016-10-06,39.825036826298806,39.9671854690641,39.64822202242105,39.775508880615234,21998000
2016-10-07,39.91666822924892,39.91716324420308,39.46546020916446,39.65812683105469,23262000
2016-10-10,39.81760838753281,40.48377003582438,39.733905515755836,40.32478332519531,29922000
2016-10-11,40.32477826407818,40.606596664765746,39.98798298069279,40.096946716308594,34432000
2016-10-12,40.21532642166276,40.34112824262493,40.04643562543831,40.20591735839844,18158000
2016-10-13,39.92360357023108,39.94787064002745,39.55461336491413,39.82503890991211,27380000
2016-10-14,39.9919581976582,40.12271396165764,39.73787567385036,39.850799560546875,22238000
2016-10-17,39.919635830808495,40.29110107523914,39.81265592627688,39.961734771728516,21128000
2016-10-18,40.32676101618569,41.04987957140694,40.28317703052519,40.68733215332031,45786000
2016-10-19,40.756176940929535,41.09891620399466,40.756176940929535,40.952308654785156,30002000
2016-10-20,40.98796215305605,41.03303495502881,40.64076781049581,40.69425964355469,27878000
2016-10-21,40.6135353198127,40.82601387293646,40.52983244892093,40.81462097167969,32316000
2016-10-24,41.113277612817164,41.50207592111903,41.06127081808139,41.39311218261719,28952000
2016-10-25,41.52981066824207,41.52981066824207,40.8760320348995,41.03700256347656,37814000
2016-10-26,40.96617425204781,40.99539902445275,40.43275224897416,40.7175407409668,35898000
2016-10-27,40.762610251791656,40.93942502290768,40.346567271909514,40.482276916503906,59470000
2016-10-28,41.1058485283358,41.554577647664324,40.46494404356453,40.591739654541016,87098000
2016-10-31,40.73388648303808,40.743794339039106,40.01919073452137,40.1132926940918,44854000
2016-11-01,40.16133142098531,40.314377928257,39.536773798772096,39.894371032714844,47118000
2016-11-02,39.95777949076641,39.95777949076641,38.880033624995754,39.04942321777344,47014000
2016-11-03,38.85526508374616,39.127674455374546,38.56453260151955,38.7408561706543,43504000
2016-11-04,38.20148761839691,39.05239189257774,38.18662961195732,38.68687057495117,39412000
2016-11-07,39.37284362124333,39.87060572365807,39.27130887368296,39.723506927490234,39852000
2016-11-08,39.723504267357484,40.41739805152858,39.60413765307024,40.216312408447266,35382000
2016-11-09,39.71359840262117,40.202941463770415,39.22871425476203,39.89982604980469,61970000
2016-11-10,40.118249505226984,40.1212195949968,38.049434609680205,38.646751403808594,118192000
2016-11-11,38.47439137391961,38.49816342807949,37.91620343934803,38.223777770996094,71852000
2016-11-14,38.22426752578161,38.225257555559516,36.829043499462664,37.30600357055664,73766000
2016-11-15,37.912735658563314,38.64427709662993,37.90035650553633,38.392669677734375,58878000
2016-11-16,38.15790222483213,38.805736977191685,37.95533152801052,38.63139724731445,35968000
2016-11-17,38.75621101406046,39.07319441845771,38.624960250305676,38.93748474121094,30674000
2016-11-18,38.987511699010774,39.19156745224186,38.40208280545635,38.43278884887695,36126000
2016-11-21,38.53827966022365,38.95679777329987,38.4491278504634,38.87012481689453,32616000
2016-11-22,39.07765597119856,39.31440162117101,38.81762950098925,38.880035400390625,27884000
2016-11-23,39.10390581015946,39.10390581015946,38.268354511843725,38.582862854003906,26260000
2016-11-25,38.7616537230008,38.776016712371174,38.542736220716364,38.643775939941406,12270000
2016-11-28,38.55066376960576,39.61008264826148,38.5382808386721,38.919158935546875,51508000
2016-11-29,39.047435625864814,39.4466368309274,38.89686795314394,39.099937438964844,31240000
2016-11-30,39.08309425663496,39.20245707908139,38.29311098258626,38.428321838378906,45582000
2016-12-01,38.5605663781449,38.5630414524988,37.312936188063325,37.856266021728516,57342000
2016-12-02,37.73591340568903,38.16186047907342,37.59227973873481,37.86270523071289,34376000
2016-12-05,38.13709479686107,38.632381742274845,37.98702215711262,38.544219970703125,33770000
2016-12-06,38.64179830094707,38.893900735191934,38.30153785676558,38.44318771362305,34682000
2016-12-07,38.62990682505034,39.22672472485992,38.31192967249922,39.200477600097656,40588000
2016-12-08,39.273778077884586,39.5734283474509,39.024154541553095,39.383731842041016,32250000
2016-12-09,39.588291215309,40.11577309488401,39.52638033850405,40.091007232666016,38090000
2016-12-12,39.86168872204895,40.18511106666246,39.847325731841266,40.01423645019531,32572000
2016-12-13,40.236619818516004,40.82650757281201,40.21433281040722,40.382728576660156,42564000
2016-12-14,40.411454738677094,40.82452387864165,40.25593315321209,40.50902557373047,35994000
2016-12-15,40.482775625671565,40.76211895674457,40.21730026923553,40.3980827331543,35394000
2016-12-16,40.52983302871288,40.57391203204998,40.02513316392819,40.11032485961914,51978000
2016-12-19,40.082587523713634,40.42631682685612,39.845838128020986,40.242069244384766,25272000
2016-12-20,40.28515660360441,40.43968816872117,40.167773829700835,40.37579345703125,25438000
2016-12-21,40.40155072374915,40.40155072374915,39.875557679764114,40.227210998535156,29192000
2016-12-22,40.07367193850869,40.171242779675495,39.92161544772397,40.10239791870117,22632000
2016-12-23,40.01968784461625,40.16629162394362,39.876054155000745,40.00928497314453,15310000
2016-12-27,40.05286954746138,40.41542077083932,39.91022966440264,40.11478042602539,19520000
2016-12-28,40.28317531386213,40.28317531386213,39.74380934402393,39.84930419921875,24296000
2016-12-29,39.73836117672298,39.90774696622193,39.53083656659732,39.765602111816406,21148000
2016-12-30,39.78195051701764,39.78591441558333,39.108854845130644,39.2490234375,34718000
2017-01-03,39.653667552867596,40.18956847006335,39.46892872942391,40.01968765258789,39180000
2017-01-04,40.11279708507942,40.288130613545896,39.826523533719694,40.00779724121094,30306000
2017-01-05,39.99442667919496,40.30348605030842,39.916172751204776,40.267826080322266,26810000
2017-01-06,40.36539335727956,41.05731083176217,40.19253868706999,40.871578216552734,40342000
2017-01-09,40.92903928396565,41.13012496344875,40.693778674758875,40.96915817260742,28178000
2017-01-10,40.963699471340604,41.079597195785915,40.769052812154335,40.911197662353516,23948000
2017-01-11,40.941418801524705,41.103870623858846,40.68634627678234,41.101890563964844,26508000
2017-01-12,41.02858766903217,41.12764734697844,40.66356135243444,41.085548400878906,26990000
2017-01-13,41.158354153680975,41.339132873515034,41.08505414725676,41.1553840637207,25804000
2017-01-17,41.108822597081016,41.117736644920306,40.77202727284689,40.9830207824707,28818000
2017-01-18,41.09891368017955,41.099408695071226,40.81560645507907,41.060279846191406,20554000
2017-01-19,41.05929169596535,41.25740724515224,40.80966814450937,40.82997131347656,21410000
2017-01-20,41.063748708506715,41.071181490041276,40.841366082126086,41.018184661865234,26124000
2017-01-23,41.18856011643492,41.878493728084806,41.04443143076566,41.823516845703125,49148000
2017-01-24,41.94982166756888,42.17468316763265,41.71703614905964,42.07612228393555,33768000
2017-01-25,42.27522044949486,42.53474806755264,42.086513969999984,42.51791000366211,33108000
2017-01-26,42.54762745938286,42.64420826944014,42.125149236931115,42.44510269165039,69866000
2017-01-27,42.54514691757178,42.94137418384926,41.69820674311923,41.85322952270508,75050000
2017-01-30,41.458501767388256,41.46692080147569,40.66455435577382,40.80323791503906,70338000
2017-01-31,40.588768953567886,40.7655875346256,40.28664357520171,40.62294387817383,40404000
2017-02-01,40.811655936771686,40.811655936771686,40.22969210928394,40.377784729003906,45020000
2017-02-02,40.36589340404101,40.83938844493394,40.2197846354271,40.5273551940918,33784000
2017-02-03,40.76855983777893,40.917143667814095,40.581338392675235,40.619972229003906,30562000
2017-02-06,40.65910142379622,40.73190640529405,40.33072514844757,40.69377136230469,27018000
2017-02-07,40.885947505210474,41.20392094499875,40.77648873458792,41.07068634033203,33332000
2017-02-08,41.13506580058018,41.31931335344,40.86662037711549,41.10287094116211,26044000
2017-02-09,41.19450636126251,41.206889292741955,40.935473723814795,41.111793518066406,23884000
2017-02-10,41.254931427405566,41.46295106892511,41.13408354083997,41.349037170410156,28302000
2017-02-13,41.490194999594316,41.69029441633847,41.41838003915275,41.55260467529297,25914000
2017-02-14,41.59271287532232,41.703161658807645,41.39757119833204,41.6055908203125,27266000
2017-02-15,41.54516952790514,41.69177708784162,41.416892636385896,41.47137451171875,27144000
2017-02-16,41.52981349603699,41.7373381107197,41.46839763700026,41.711585998535156,20102000
2017-02-17,41.668992579004644,41.94784093752763,41.59321372189133,41.928524017333984,29224000
2017-02-21,41.99984794037265,42.208362607488965,41.9285242176815,42.0632438659668,25206000
2017-02-22,42.00033616675811,42.28710471987905,41.93644145777508,42.166751861572266,24488000
2017-02-23,42.152885864646514,42.22915972834813,41.72792878206621,42.148921966552734,27734000
2017-02-24,41.98300081784436,42.01816577042366,41.75071034611572,41.99092483520508,26924000
2017-02-27,41.8492780553022,42.132581535048224,41.753192252640154,42.08305358886719,20206000
2017-02-28,41.96814348873931,42.0414472633009,41.675427184154564,41.84828186035156,27662000
2017-03-01,42.16774163720946,42.49562287590137,42.05085388387931,42.433712005615234,36374000
2017-03-02,42.41191817926848,42.42083600523113,42.03599780628442,42.09196472167969,25018000
2017-03-03,42.04689139094415,42.14000709630105,41.83738672200077,42.05382537841797,20100000
2017-03-06,41.94388067017133,42.046900474715805,41.66206219740873,41.96418762207031,20958000
2017-03-07,41.96368258199487,42.26432288978439,41.87750464482153,42.156349182128906,20774000
2017-03-08,42.25392245357461,42.442628945393444,42.16130553864881,42.27967834472656,20576000
2017-03-09,42.28215682506264,42.62984623758684,42.23163507305803,42.48769760131836,26954000
2017-03-10,42.72840356262328,42.80418240559993,42.476304953408764,42.664512634277344,26732000
2017-03-13,42.63578914174355,42.947818578443844,42.63529412683337,42.8215217590332,23332000
2017-03-14,42.780421692957034,42.97011824748344,42.60112801117443,42.88740539550781,21234000
2017-03-15,42.9879478202145,43.08403363830542,42.65907646107935,43.01023483276367,26658000
2017-03-16,43.11622054168477,43.22419425801289,42.967137913061066,43.089969635009766,22090000
2017-03-17,43.27223264901563,43.30888642625031,43.00923612924687,43.20735168457031,37366000
2017-03-20,43.06421291993208,43.10680687622737,42.82598226213966,42.986454010009766,30844000
2017-03-21,43.092941017536646,43.261835584968374,41.98498419080668,42.10633087158203,50760000
2017-03-22,42.073637169881756,42.36437340663717,41.95080545540332,42.0894889831543,27334000
2017-03-23,41.672954643949986,41.68781264998666,41.25741037491474,41.58677291870117,65754000
2017-03-24,41.703161068678135,41.80222072922402,41.06424420717066,41.36339569091797,42114000
2017-03-27,41.01421882435238,41.67245640350525,40.82650614613545,41.53030776977539,38692000
2017-03-28,41.588753273950836,41.87156171613289,41.22124815846946,41.635311126708984,30384000
2017-03-29,41.74031319223479,42.17814445697651,41.672458358494666,42.09295654296875,29146000
2017-03-30,42.19746449137256,42.19845452131924,41.93942187687282,42.07364273071289,18988000
2017-03-31,41.94238983810023,42.07760449376498,41.863640895192894,41.99043273925781,28820000
2017-04-03,42.03748092428809,42.54515081638235,41.977055098681056,42.433712005615234,39388000
2017-04-04,42.00033805425113,42.24798154801737,41.97606720829683,42.2266845703125,26970000
2017-04-05,42.33267369614479,42.623901170013,41.97656148173173,42.045406341552734,37104000
2017-04-06,42.07462841864242,42.27720288404098,41.80222284054701,41.85670471191406,30672000
2017-04-07,41.85174829647786,41.895332279485125,41.47037899831516,41.70811462402344,22232000
2017-04-10,41.68037706970599,41.93792839616637,41.64323206047589,41.68830108642578,20924000
2017-04-11,41.68830544479964,41.83342417151486,41.33665213194565,41.59816360473633,19486000
2017-04-12,41.52783450631439,41.78835595432547,41.48474553451597,41.676422119140625,22716000
2017-04-13,41.655619625468205,41.78885422821511,41.49762671655273,41.6130256652832,21474000
2017-04-17,41.672461606303045,42.3787421714296,41.655124745944256,42.35348129272461,20982000
2017-04-18,42.22519741168063,42.46541191240429,42.16130647604691,42.29701614379883,18724000
2017-04-19,42.465409393314815,42.60458415737523,42.27422783395252,42.42182540893555,21606000
2017-04-20,42.58180241337638,42.78932702355084,42.470858613330456,42.5986442565918,23776000
2017-04-21,42.62538403414904,42.715529645426905,42.482249157824675,42.54267120361328,23458000
2017-04-24,43.01270303722561,43.58327384541008,42.8973003253348,43.532257080078125,33930000
2017-04-25,43.697189163616315,44.19198114109263,43.54959536298666,44.02309036254883,40760000
2017-04-26,44.149387426549374,44.22863515956153,43.840328069533776,44.03794860839844,26466000
2017-04-27,44.08053935192594,44.24794507441495,43.94086957822186,44.151859283447266,46846000
2017-04-28,46.01215551662207,46.353900921083685,45.72587822649269,45.79026794433594,76918000
2017-05-01,45.77194658684843,46.34994640026166,45.60602590244416,46.201358795166016,46556000
2017-05-02,46.223651696246336,46.7050707219991,46.11121906809098,46.41284942626953,35026000
2017-05-03,46.36133958549391,47.06216733932079,46.319735660409876,46.975494384765625,36496000
2017-05-04,47.06662872236477,47.50495878222806,46.922005006805605,47.286041259765625,38752000
2017-05-05,47.385098860392226,47.47029055649615,46.95816168618039,47.06613540649414,32310000
2017-05-08,46.92596321440944,47.59657989748785,46.92348436127795,47.482666015625,37534000
2017-05-09,47.61342696911177,47.65651594070174,47.27019268371043,47.38460159301758,33758000
2017-05-10,47.360334406054285,47.384601473918465,47.04434105770888,47.29198455810547,22920000
2017-05-11,47.11615874578356,47.448003927424566,46.98342294037125,47.343990325927734,20622000
2017-05-12,47.4410636003565,47.44749879398002,47.15429126959749,47.30683898925781,24298000
2017-05-15,47.31427208725892,47.68127842877162,47.19193538050803,47.50891876220703,26754000
2017-05-16,47.72338087205677,47.83976984140722,47.56488918212898,47.77587890625,22030000
2017-05-17,47.53269268468349,47.59658361764567,46.55994680647657,46.66445541381836,48982000
2017-05-18,46.71547279985837,47.259297750464846,46.61988200950356,47.07703399658203,36010000
2017-05-19,47.19193303267815,47.525758241846,47.15131913742741,47.282569885253906,27206000
2017-05-22,47.39895820822505,47.786275221726356,47.37716621789478,47.74912643432617,27748000
2017-05-23,48.04085880767496,48.2662115202106,47.77042950664832,48.0700798034668,30908000
2017-05-24,48.303361279013096,48.445011126442814,48.12357260882,48.41975402832031,22660000
2017-05-25,48.48859345832482,49.319685660813356,48.43014769338141,49.12553024291992,39082000
2017-05-26,49.132465041782595,49.34989749902524,48.902653433501094,49.195369720458984,32728000
2017-05-30,49.15723578595664,49.41082324920946,49.100773852744645,49.33900451660156,30324000
2017-05-31,49.34099292093185,49.50889369128125,48.62133937713553,48.88928985595703,34482000
2017-06-01,49.0809636293131,49.188937350088324,48.602019652722625,48.94872283935547,26128000
2017-06-02,48.96357469458156,49.35435683586191,48.88829086421945,49.336524963378906,34710000
2017-06-05,49.42419454609459,49.895210693597605,49.303342887200884,49.72087097167969,27578000
2017-06-06,49.69264940786978,49.95515095963085,49.271161124249495,49.36427307128906,31042000
2017-06-07,49.48363020327994,49.72235967032366,49.324148474856926,49.602996826171875,27482000
2017-06-08,49.73820184132789,49.806056670366765,49.36129144858509,49.74068069458008,33758000
2017-06-09,49.80061766885454,49.80111268381829,47.219178871489504,48.04878616333008,72958000
2017-06-12,47.484152851691306,47.94377985172875,46.39848315644934,47.6371955871582,84042000
2017-06-13,48.1438855706492,48.434618083389665,47.64710967650011,48.06761169433594,40108000
2017-06-14,48.31524938780133,48.52326902532247,47.52328216291726,47.94031524658203,30110000
2017-06-15,46.95419448778291,47.581227193269974,46.57530027263386,47.556461334228516,48552000
2017-06-16,47.444037316639026,47.54507704385774,46.98787916746886,47.47920227050781,51184000
2017-06-19,48.02550570693398,48.50345966236518,47.95369074924753,48.30138397216797,29376000
2017-06-20,48.30583257075351,48.57725188581502,47.95368426077393,47.99281311035156,25946000
2017-06-21,48.0819614033446,48.51583248508571,48.01559162412948,48.468284606933594,23232000
2017-06-22,48.38309906158543,48.56289150610097,48.20677927903942,48.37071990966797,20190000
2017-06-23,48.31525179352967,48.86601073481301,48.263740007155725,48.839759826660156,31280000
2017-06-26,49.03341000478912,49.23103053353471,48.0591791144939,48.1463508605957,30358000
2017-06-27,47.62680385019969,47.90515341492223,46.908140355910625,46.95766830444336,48872000
2017-06-28,47.084956048570305,47.70802493349119,46.366787613489294,47.59757614135742,54912000
2017-06-29,47.11913452661278,47.13448754848422,46.04188368212533,46.44900894165039,64134000
2017-06-30,46.75459676622012,46.80461972350421,46.042372333917676,46.045841217041016,45754000
2017-07-03,46.22117222543091,46.27169397774513,45.334113036518254,45.53965759277344,33896000
2017-07-05,45.77442473535182,46.37322655139147,45.49855026269771,46.17362594604492,41882000
2017-07-06,45.814050063909306,46.36579902680914,45.55897754693378,45.94728088378906,40298000
2017-07-07,46.110722551527815,46.7877820368514,46.05128675295739,46.59709548950195,33266000
2017-07-10,46.65356104469824,47.207293841661176,46.65356104469824,47.1017951965332,29030000
2017-07-11,47.07802152262868,47.29446019119559,46.81056608559357,47.22710037231445,29224000
2017-07-12,47.59014560927633,48.02451176096875,47.40094788114159,47.92694091796875,32042000
2017-07-13,48.08246261877193,48.473739800201564,47.78529117605344,47.98588180541992,30492000
2017-07-14,48.24095735283399,48.41628711697479,48.0502707887305,48.38508605957031,21592000
2017-07-17,48.35586745913988,48.70405192988485,48.08246803837716,48.338035583496094,33210000
2017-07-18,48.20925530589343,49.07551255173335,48.1438793255655,48.88235092163086,28266000
2017-07-19,49.033905018485505,49.31076949743891,48.885317416069675,49.17060470581055,28242000
2017-07-20,49.380110686023265,49.46331853639547,48.76694591507201,49.14188003540039,28368000
2017-07-21,48.983882823477785,49.28650319691683,48.74465836694187,49.223602294921875,29266000
2017-07-24,49.23648123737237,49.835283023834165,49.04678471898881,49.44499588012695,79690000
2017-07-25,48.07751341363564,48.376169930477104,47.73576414263076,47.99480056762695,118672000
2017-07-26,48.18052706747548,48.238474042295586,47.55894326421278,47.810546875,44432000
2017-07-27,48.00222568473783,48.01906752880629,46.41136481905355,47.17658233642578,74358000
2017-07-28,46.952714861831275,47.63620957262494,46.819975283434886,47.464839935302734,36276000
2017-07-31,47.54754843475169,47.6064892157478,46.64265743049754,46.829383850097656,45670000
2017-08-01,46.94379640374039,47.2746477579216,46.80264157328401,46.88188552856445,28052000
2017-08-02,46.971526378070614,47.00768513595491,46.186497034178466,46.93537139892578,40788000
2017-08-03,47.00769337951288,47.052267397989404,46.52924442025354,46.57183837890625,22478000
2017-08-04,46.75261435107233,46.93042295710481,46.54707357290783,46.84375,25092000
2017-08-07,46.92943312348718,47.00075683941316,46.73032753854119,46.841766357421875,28916000
2017-08-08,46.76945359204091,47.17558875523791,46.6798067716231,46.76449966430664,30102000
2017-08-09,46.48021082197138,46.74320735193617,46.25584435171766,46.560943603515625,28018000
2017-08-10,46.30933114119414,46.37371708617787,45.654562469972525,45.74420928955078,54148000
2017-08-11,45.75016110081445,46.22811128940187,45.62683435351892,46.06615447998047,32334000
2017-08-14,46.510920347185944,46.608491201778946,46.28407878519869,46.50398635864258,23012000
2017-08-15,46.607992307156366,46.70903203698071,46.390563605481184,46.461883544921875,22130000
2017-08-16,46.61889310921716,47.04731534508195,46.55896228849677,46.768470764160156,26906000
2017-08-17,46.7030866404181,46.7456805967927,45.944803121996515,45.94579315185547,33914000
2017-08-18,45.91210616048999,46.11220174458966,45.73727144885659,45.87248229980469,26748000
2017-08-21,45.85218660782026,45.975014549984245,45.4970644058012,45.609493255615234,26024000
2017-08-22,45.911119492218525,46.65404993013554,45.87199064352147,46.576786041259766,35502000
2017-08-23,46.40838780307842,46.82591586955474,46.3212198352478,46.68476104736328,22690000
2017-08-24,46.74073950719489,46.86951143113735,46.09834981759625,46.4029541015625,25892000
2017-08-25,46.517848580098445,46.59313241478874,46.066644365621215,46.086456298828125,23746000
2017-08-28,46.154803044823865,46.301901821108665,45.86902074540846,45.96907043457031,20988000
2017-08-29,45.56392695424058,46.4673291637325,45.53222710634587,46.34647750854492,23172000
2017-08-30,46.342515758384714,46.84721178121389,46.26227800102293,46.73676300048828,22406000
2017-08-31,46.86900533482183,47.40887010540671,46.86653026027988,47.31179428100586,33866000
2017-09-01,47.42224099331896,47.46483494601784,47.06612879528002,47.150821685791016,20858000
2017-09-05,46.89674498958798,47.12111145922562,46.33905208076271,46.63028335571289,29148000
2017-09-06,46.74865508502956,46.77985614096009,46.19442729366103,46.65702819824219,27830000
2017-09-07,46.76747819878747,47.077032585121145,46.43464299489762,47.046817779541016,22332000
2017-09-08,47.03740607514201,47.086934018425886,46.557472104855776,46.62681198120117,19998000
2017-09-11,46.91358538466479,47.18500093836973,46.6065060834016,46.71992874145508,26748000
2017-09-12,46.89972168623418,46.957668668506095,46.43316062323364,46.886348724365234,25696000
2017-09-13,46.82938130329688,47.19341750350163,46.791737500992085,47.07405090332031,21908000
2017-09-14,46.854151828246486,46.954696545398455,46.475752571223005,46.563419342041016,28548000
2017-09-15,46.56143555217129,46.64365337314766,46.12360052685232,46.32369613647461,39886000
2017-09-18,46.309834062816115,46.401460957617616,45.83386393459125,46.049312591552734,29474000
2017-09-19,46.23058409011098,46.45494676627424,45.896263864243735,46.40145492553711,24854000
2017-09-20,46.444553348520124,47.05226925255862,46.4331604466039,46.93042755126953,40080000
2017-09-21,46.95965322474065,47.190949921125664,46.52627705230143,46.93092346191406,27414000
2017-09-22,46.694173941056704,47.05226623988343,46.59858315454882,46.718441009521484,21496000
2017-09-25,46.52974037672139,46.544598383180876,45.789779913621295,46.273677825927734,37468000
2017-09-26,46.39303368963543,46.75904996763584,46.31527478553793,46.429683685302734,33454000
2017-09-27,46.692688306566616,47.81649313441195,46.65355945406281,47.542598724365234,46692000
2017-09-28,47.36181861923786,47.853636728134816,47.327148680940695,47.78578567504883,28018000
2017-09-29,47.844721989198014,48.33059991199778,47.844721989198014,48.22708511352539,40622000
2017-10-02,48.32267135371327,48.42618614245835,47.6441268877658,47.91752624511719,30782000
2017-10-03,47.92198731764552,48.16369063836616,47.68177659919622,48.14585876464844,21666000
2017-10-04,48.13001147555852,48.26076721529586,47.825407245282896,47.883358001708984,21156000
2017-10-05,48.18102265164307,48.86055721649431,48.0562108746022,48.7951774597168,35618000
2017-10-06,48.53812862230013,49.24440916188403,48.464329827495845,49.21369934082031,31060000
2017-10-09,49.281057964821336,49.551483495892555,49.107708265416704,49.1478271484375,25910000
2017-10-10,49.29591901936617,49.40339772901407,48.593107336838905,48.92445373535156,23268000
2017-10-11,48.985874566190645,49.90364376103763,48.931392683380395,49.80854797363281,36300000
2017-10-12,49.71890113025716,50.100270531188215,49.58319143825777,49.80854797363281,30614000
2017-10-13,49.97991104203158,50.25974564452772,49.87837629395149,49.918495178222656,26552000
2017-10-16,50.00565874664607,50.12304152060324,49.60398248187421,49.991790771484375,21420000
2017-10-17,49.89719705517133,50.24984041497498,49.828352189787,50.073516845703125,20260000
2017-10-18,50.075991806786924,50.33650946336837,49.79218955568747,50.15969467163086,25596000
2017-10-19,49.7639597813025,49.89125041254202,49.39497339053849,49.61983108520508,34284000
2017-10-20,49.87787771674092,49.957121670961804,49.6411283264495,49.77981185913086,32120000
2017-10-23,49.78525738182625,49.815472186199585,48.69166359877556,48.81251525878906,32786000
2017-10-24,48.86006491663424,48.99676461681985,48.393503882193784,48.95862579345703,28902000
2017-10-25,48.848668006175764,49.25282311545746,48.42519975806429,49.1057243347168,30574000
2017-10-26,49.452922760106006,49.85113394429433,49.05669163570507,49.10374450683594,47396000
2017-10-27,51.06359141850634,52.67971306188042,50.85854188507063,51.196327209472656,103682000
2017-10-30,50.972963276151866,51.501435234518524,50.6346828790456,51.169593811035156,46804000
2017-10-31,51.1631467408866,51.55937405915592,50.831301591177066,51.16512680053711,30326000
2017-11-01,51.327579080820776,51.89913988863809,51.21267138990454,51.63861846923828,43262000
2017-11-02,51.50935047918805,51.78324487215149,50.94818873330231,51.656944274902344,26694000
2017-11-03,51.64605516500237,52.03782738222674,51.39345772480487,52.004642486572266,27770000
2017-11-06,51.96056295274588,52.13341763861719,51.60890584412934,51.64258575439453,18294000
2017-11-07,51.98779878586904,52.17403020684902,51.65843625207599,52.12350845336914,26104000
2017-11-08,52.0076067071206,52.63364940435393,51.859022883985475,52.41572570800781,24276000
2017-11-09,51.906079889810606,52.04871976679686,51.30430421084242,51.8922119140625,35892000
2017-11-10,51.701521277055555,51.838220963993535,51.57027053274707,51.715389251708984,19442000
2017-11-13,51.549470598776864,51.9427278322744,51.47319673518232,51.56928253173828,18814000
2017-11-14,51.396924239264294,51.62376577641001,50.981376208415,51.5910758972168,21012000
2017-11-15,51.26220398746124,51.491520596511826,51.052200517995686,51.33203887939453,18106000
2017-11-16,51.44793660177409,52.09230622164754,51.410791588647825,51.92935562133789,23768000
2017-11-17,51.99523331117425,52.054665335510855,51.19930594710436,51.3062858581543,26712000
2017-11-20,51.311734970163045,51.44546458284048,51.147299315309375,51.24536895751953,17526000
2017-11-21,51.51182410698696,52.02444792644617,51.46725009420249,52.019989013671875,22206000
2017-11-22,52.06259117513049,52.274079708602954,51.868934516827,52.10023498535156,14538000
2017-11-24,52.22257290722251,52.50389634547884,52.10023618928743,52.328067779541016,16492000
2017-11-27,52.429594018332445,53.14627357022731,52.2413825509207,53.09525680541992,35430000
2017-11-28,53.19332897298813,53.49099542899333,52.22999591942113,52.66337203979492,36424000
2017-11-29,52.31121547236943,52.43949612317708,50.99721924791009,51.38007736206055,55866000
2017-11-30,51.50687489067157,51.714894511578215,51.01802689217109,51.32014846801758,45092000
2017-12-01,51.034867303972455,51.373147655642825,50.365735603238704,50.7703857421875,37762000
2017-12-04,50.905597190042286,51.08093072253201,49.98535309878607,50.11660385131836,38778000
2017-12-05,50.07301998993938,51.34541241539941,49.643607762605264,50.49946212768555,38998000
2017-12-06,50.34691800398461,51.48904978828289,50.28698718434083,51.14928436279297,28710000
2017-12-07,51.3152014156208,51.951643246768874,51.28003646177929,51.7361946105957,30866000
2017-12-08,52.09478677710897,52.323113380290806,51.800090379502976,51.97443389892578,31170000
2017-12-11,52.06011295182674,52.30230751380156,51.71390857117377,52.10270690917969,23254000
2017-12-12,52.00513471198867,52.62424345855996,51.751052240556454,51.9442138671875,33882000
2017-12-13,52.108157164248524,52.27655293813682,51.835747790323225,52.07398223876953,27680000
2017-12-14,52.27704858370643,52.851084515454254,52.1834378608064,52.37511444091797,30962000
2017-12-15,52.6876394921336,53.25573525117383,52.50488073607412,53.094764709472656,63760000
2017-12-18,53.31516446119555,53.812435271759824,53.01403291439222,53.74309539794922,30292000
2017-12-19,53.64057425350983,53.73715506846243,53.10813845518965,53.480098724365234,26350000
2017-12-20,53.536562656865286,53.551915676862684,52.92636796767013,53.17203140258789,28728000
2017-12-21,53.26267277041459,53.36816763839692,52.94618438772744,53.037811279296875,25640000
2017-12-22,52.99571288220314,53.08090080140745,52.8788251114106,52.93925094604492,17788000
2017-12-26,52.92834968930506,52.93924757536532,52.43306268455807,52.790164947509766,18376000
2017-12-27,52.82732121924956,52.91003407006279,52.42019216025556,52.51033401489258,22324000
2017-12-28,52.61186084015848,52.74014150332591,52.172540757075275,52.29983139038086,19884000
2017-12-29,52.277045336335405,52.40383716619341,52.138856827725185,52.173526763916016,23606000
2018-01-02,52.15471058060357,53.29188830870418,52.15471058060357,53.154693603515625,31766000
2018-01-03,53.190361765647495,54.28841459123976,53.16559968005486,54.06157302856445,31318000
2018-01-04,54.33744307367388,54.68364745853761,54.19727826890904,54.271568298339844,26052000
2018-01-05,54.652435622398656,55.154161512641,54.57071282740354,54.9912109375,30250000
2018-01-08,55.026388499569606,55.43054365481004,54.976860552117536,55.18537521362305,24644000
2018-01-09,55.39487817991294,55.39487817991294,54.88770328171802,55.11503982543945,26808000
2018-01-10,54.82826975102401,55.114547089952985,54.67869588741755,54.98379135131836,20734000
2018-01-11,55.091266158965205,55.217067960630466,54.80251376577012,55.07838821411133,22424000
2018-01-12,54.98181121814807,56.03181724529466,54.87829641598141,55.99962615966797,38586000
2018-01-16,56.47806814070995,56.90253019657511,55.802002478227394,56.002098083496094,36462000
2018-01-17,56.28243075415288,56.42903451790301,55.64499515585893,56.41814041137695,27830000
2018-01-18,56.43052065819257,56.49193651556535,55.69303913354998,56.26311492919922,27498000
2018-01-19,56.3651421083694,56.64993059636849,56.09124772661053,56.63606262207031,30552000
2018-01-22,56.651920198000724,57.79405191298667,56.5528605295507,57.659332275390625,29550000
2018-01-23,57.97928123132485,58.37006337416785,57.81237052087852,58.25416564941406,39138000
2018-01-24,58.69051978440772,58.79304455671574,57.81980363155958,58.01247024536133,37128000
2018-01-25,58.47902935800414,58.691507898424895,58.03970928708369,58.54985427856445,29984000
2018-01-26,58.816820924329214,58.81830596923828,57.85101270980535,58.81830596923828,42170000
2018-01-29,58.84010776281164,59.33539485246918,58.644962261322505,58.76482391357422,31494000
2018-01-30,58.33094312129506,58.836629222122376,58.1719526360883,58.31360626220703,37338000
2018-01-31,58.63256668642394,58.75688722579422,58.052586808452894,58.55381774902344,36022000
2018-02-01,58.245257817910385,58.812858587212304,57.91688152585661,58.52261734008789,73514000
2018-02-02,55.83964705117017,56.031818654857844,55.034805651676606,55.43252182006836,117842000
2018-02-05,54.51178361072482,55.224008103834386,52.33896270351928,52.618797302246094,83550000
2018-02-06,51.211688945611634,53.85651983678333,51.01505842536514,53.710411071777344,76630000
2018-02-07,53.73714774239472,53.8144116280753,52.233950071378125,52.27307891845703,51942000
2018-02-08,52.49398314945898,52.6950687952598,49.76148561053066,49.91056823730469,66792000
2018-02-09,50.81050168615317,52.090323117806484,49.380112582688874,51.82039260864258,98360000
2018-02-12,52.33548856006512,52.77629366436565,51.781759597714995,52.23098373413086,56240000
2018-02-13,52.00513645538222,52.560849301141864,51.85258872017135,52.21018600463867,31586000
2018-02-14,52.21910022803822,53.26663120783031,51.99523255265467,53.12943649291992,41304000
2018-02-15,53.66187007851998,54.1893519373981,52.858513756412485,54.05364227294922,37396000
2018-02-16,54.153690067334985,54.89315548099452,54.06305320916554,54.25869369506836,39948000
2018-02-20,54.12298592278251,55.288394731314646,53.986286218953026,54.65938186645508,33754000
2018-02-21,54.93228718274358,56.274514601892804,54.85353445785939,55.162593841552734,41486000
2018-02-22,55.43103293849201,55.742567361132465,54.73664037981366,54.971900939941406,28010000
2018-02-23,55.40577719283554,55.91790606425363,54.899596058386,55.872833251953125,25292000
2018-02-26,56.05955435543405,56.67073910366227,55.93474257233384,56.64597702026367,30912000
2018-02-27,56.64597807591566,56.6732190132798,55.31315976236426,55.348819732666016,42964000
2018-02-28,55.57120229933103,55.85104067566794,54.63015998149804,54.675724029541016,49292000
2018-03-01,54.95407127068743,55.03975419280329,52.86148081382652,53.0655403137207,55338000
2018-03-02,52.40037169625163,53.832249601046136,52.01058334084755,53.696044921875,50162000
2018-03-05,53.39837501723255,54.54000783768942,53.108133804116996,54.2220344543457,28648000
2018-03-06,54.58557791864115,54.76041643034623,54.209158753681855,54.52614212036133,23382000
2018-03-07,54.125950841717874,55.28393431522052,53.98182214851371,55.226478576660156,30748000
2018-03-08,55.333457347517495,56.03874395243182,55.333457347517495,55.93671798706055,33862000
2018-03-09,56.437948402216335,57.50281613746827,56.17990582701403,57.49489212036133,42662000
2018-03-12,57.70341006855094,58.352733617329754,57.41366762954099,57.74699783325195,44306000
2018-03-13,58.0392124439394,58.34480668152836,56.19377421824607,56.458255767822266,43140000
2018-03-14,56.74998383905831,57.44140253772889,56.579109224060254,56.90302658081055,41870000
2018-03-15,56.93671601833197,57.57712183651581,56.24777227894057,56.988224029541016,33382000
2018-03-16,57.22298479087441,57.295294757441916,56.03479026184962,56.18634796142578,58656000
2018-03-19,55.36120781980392,55.440946800771215,53.93279858497263,54.48504638671875,63656000
2018-03-20,54.40232384395981,54.75645602417498,53.610855406615386,54.27355194091797,54598000
2018-03-21,54.11356991879436,54.91246728104786,53.84809456329121,54.18439483642578,44898000
2018-03-22,53.49148738166324,53.685144011141155,51.98729959517459,52.16114807128906,69312000
2018-03-23,52.07298857290828,52.836226002819885,50.760477298918886,50.843685150146484,49880000
2018-03-26,52.03484796750699,52.464263947946485,50.05271005357233,52.20770263671875,65984000
2018-03-27,52.69358723040609,52.72528708183949,49.41082558616871,49.872432708740234,60816000
2018-03-28,49.62329864564493,50.76642032801573,48.73623948495636,49.785255432128906,77698000
2018-03-29,50.08391429466122,51.90855053727211,49.72879211981809,51.36819076538086,69338000
2018-04-02,50.8966866336741,51.48657442750591,49.24391480101631,50.15425109863281,65068000
2018-04-03,50.32858496553638,50.766914996972,49.39249288398896,50.45389175415039,51322000
2018-04-04,49.4410335775266,51.15027102158978,49.355845663970214,51.00019836425781,50724000
2018-04-05,51.82633284167074,51.84218087585708,50.71738610999088,51.14531326293945,35836000
2018-04-06,50.672814766669504,51.311735488018506,49.83825733136108,50.021514892578125,40134000
2018-04-09,50.5212523783784,51.73718282980988,50.47964845314249,50.52373123168945,33220000
2018-04-10,51.02743890070119,51.56977876982154,50.291937404050294,51.33649826049805,36620000
2018-04-11,51.11361530511741,51.305291882088326,50.47964856935469,50.7698860168457,34060000
2018-04-12,51.08737577310697,51.74016073017814,50.81893027820507,51.37562942504883,32896000
2018-04-13,51.851098945341256,52.15272550489574,51.021986776206845,51.3137092590332,25410000
2018-04-16,51.78473263552287,52.07596012298749,51.20871285471783,51.811973571777344,29776000
2018-04-17,52.55985881246813,53.73864053482102,52.35629430982228,53.45929718017578,54584000
2018-04-18,53.44195843151849,53.5900472364886,53.02146028869958,53.262664794921875,31126000
2018-04-19,52.947166882839696,54.35823895015478,52.947166882839696,53.95903778076172,39884000
2018-04-20,53.70248542809292,54.221544489799854,53.09971971805324,53.35826110839844,42434000
2018-04-23,53.63858816969618,53.887225470727,52.83127174462388,53.184410095214844,69590000
2018-04-24,52.4607965701441,52.722803052809056,50.165639129146925,50.650028228759766,128220000
2018-04-25,51.00217749676059,51.315200751501955,50.37118083802617,50.66736602783203,57860000
2018-04-26,51.174047829696256,52.10518990108719,50.541566055918,51.67379379272461,50926000
2018-04-27,51.7842415291065,52.08933701519235,50.895202200479275,51.08638000488281,40746000
2018-04-30,51.233478518407395,51.42911522075934,50.435076116256894,50.448944091796875,34492000
2018-05-01,50.33601296099716,51.5955273519445,50.05419455660957,51.54698944091797,35326000
2018-05-02,51.21268004985971,51.7069770537229,50.67578908660852,50.81892776489258,34698000
2018-05-03,50.78525120503775,51.048742775666575,49.919488868696845,50.8313102722168,39282000
2018-05-04,50.499958699241525,52.098252378296046,50.42269480143405,52.054664611816406,36892000
2018-05-07,52.19780410965964,52.748068023211516,52.018510448922456,52.47367858886719,34400000
2018-05-08,52.72924426136514,52.759459066220046,52.08636345036337,52.43058776855469,26030000
2018-05-09,52.70349185361488,54.1843989359592,52.60492720061002,53.93427658081055,47160000
2018-05-10,54.233930733568094,54.947640293408654,54.17845882707724,54.75249481201172,36414000
2018-05-11,54.50187278090121,54.927819870630415,54.34387611906273,54.64897155761719,30504000
2018-05-14,54.7574472798872,55.38051996009139,54.71931223456204,54.80846405029297,39338000
2018-05-15,54.32804004964881,54.43799383991612,53.43057785122087,53.732208251953125,35738000
2018-05-16,53.74310090864152,54.20322297622586,53.57173126615498,53.69356918334961,25628000
2018-05-17,53.56331361852943,54.035814850917106,53.31368626201911,53.55340576171875,25738000
2018-05-18,52.79759868533551,53.1804568742274,52.73222269933072,52.977882385253906,35482000
2018-05-21,53.441463404857565,54.14972390436885,53.39193546491586,53.68960189819336,25180000
2018-05-22,53.976382402438205,54.07543829732825,53.107646257968995,53.25870895385742,22226000
2018-05-23,52.99571160950674,53.887229764901036,52.845143930873924,53.786190032958984,23740000
2018-05-24,53.832744022439826,53.84363812940947,53.109625472232935,53.76092529296875,20604000
2018-05-25,53.8154061581639,53.96498379334471,53.619769463888034,53.69306945800781,22224000
2018-05-29,53.29287817833833,53.557363510957344,52.65296749223589,52.900115966796875,36076000
2018-05-30,53.16807158699159,53.440975978419594,52.824837284135356,53.365692138671875,28686000
2018-05-31,53.59005306641815,54.97685820839622,53.39194128505558,54.481571197509766,79368000
2018-06-01,55.1190038069176,56.37158425576218,55.07640607311136,56.21507263183594,63202000
2018-06-04,56.38842165434775,57.34729954063088,56.31412785194618,57.10857009887695,44754000
2018-06-05,57.18880566471827,57.50776907553701,56.83219844986473,57.00851821899414,32964000
2018-06-06,57.09519938117982,57.1912851795451,56.28045393352633,56.806941986083984,34934000
2018-06-07,56.6895589740631,56.75344990815189,55.77525884860813,56.18634796142578,36108000
2018-06-08,56.02736024906323,56.402290593097334,55.63211917847745,56.101654052734375,27284000
2018-06-11,56.11304262830044,56.84606902331863,56.036768765704274,56.50728988647461,24796000
2018-06-12,56.513232618642434,56.89609074679678,56.513232618642434,56.86835479736328,26092000
2018-06-13,57.070920636728964,57.23734009795988,56.63011557257439,56.67221450805664,34302000
2018-06-14,57.06746305575158,57.74996771712685,56.98772030800911,57.458740234375,35422000
2018-06-15,57.44932823152563,57.64694877278908,57.14076766443033,57.417137145996094,44438000
2018-06-18,57.091233943412,58.648418608597645,57.007531077980516,58.621177673339844,33038000
2018-06-19,57.9540330435017,58.58304592621544,57.53303981219815,58.378990173339844,47282000
2018-06-20,58.60731173390214,59.508238909620445,58.54441082891511,58.64544677734375,51686000
2018-06-21,58.71676851937502,58.95549418559187,57.625649841848,57.920841217041016,44966000
2018-06-22,58.02238156785362,58.19622628835299,57.43595888006731,57.91341781616211,34220000
2018-06-25,57.20565352539057,57.25468645901929,55.46719494462363,56.42706298828125,57682000
2018-06-26,56.66776934002606,56.80298021645919,55.91790482848343,56.097198486328125,34688000
2018-06-27,56.264603318198674,56.77029319707854,55.30869924220121,55.320587158203125,34538000
2018-06-28,55.09522582866339,56.16554250010302,54.78220637175106,55.807945251464844,29726000
2018-06-29,56.081838684525124,56.530072774939846,55.81983221742779,55.92730712890625,31562000
2018-07-02,55.24183712806388,56.610810360116105,54.80846100487398,56.567222595214844,23216000
2018-07-03,56.92927776576796,56.95354483305904,55.19626831885065,55.28789520263672,16448000
2018-07-05,55.69997792495269,56.66776994289698,55.62667414596239,56.526611328125,28594000
2018-07-06,56.55038615206682,57.26508570356876,56.32601968453282,57.20961380004883,21820000
2018-07-09,57.453290676488514,57.84605289568169,57.31609596903954,57.81385803222656,21584000
2018-07-10,57.94808151537677,58.12192621715042,57.58008138557567,57.806922912597656,21334000
2018-07-11,57.23635112370242,58.46565450282105,57.22397197243339,58.02088928222656,33252000
2018-07-12,58.18928788182617,59.53300022861221,58.10211613134386,59.49684524536133,44148000
2018-07-13,59.573116884984884,59.95151610452252,59.20115663797635,59.65335464477539,32612000
2018-07-16,59.62313879101136,59.86583212573338,59.10754487656112,59.26158142089844,26784000
2018-07-17,58.57957630900136,60.36359880270279,58.54292253128568,60.082275390625,40162000
2018-07-18,59.85692649390116,60.50377128418772,59.660299734568525,60.0738639831543,38948000
2018-07-19,59.763802360498296,60.25067029577392,59.32200723212068,59.389862060546875,38338000
2018-07-20,59.396797070547336,59.96786289319589,59.26554254551725,59.329437255859375,37938000
2018-07-23,59.21948710187242,60.18232516254306,59.0387046239733,59.97925567626953,65446000
2018-07-24,62.950978898149216,63.14909446004639,61.62063945612367,62.314537048339844,107600000
2018-07-25,62.04064233107907,63.30956590494261,61.86382374894594,63.19565200805664,51104000
2018-07-26,62.76177379367545,63.76324559312892,62.554744208316706,63.66913986206055,54686000
2018-07-27,63.84843760410794,63.96334152533836,61.63796926282399,62.054012298583984,48362000
2018-07-30,61.665712574568815,62.05401970621454,60.631554487604504,60.92228698730469,43896000
2018-07-31,61.00499830124551,61.47552325245097,60.23631563314612,60.782615661621094,39382000
2018-08-01,61.371509109985546,61.707805628074155,60.66968752040298,61.06839370727539,36994000
2018-08-02,60.35071909997383,61.63400938658072,60.32892710719727,61.471553802490234,34704000
2018-08-03,61.67214083834992,61.73851062139853,60.89157036951774,61.3244514465332,21264000
2018-08-06,61.49533545301576,61.53743439778747,60.94655656859736,61.30018997192383,22114000
2018-08-07,62.01043011188937,62.70730159818686,62.00003101889846,62.20012664794922,42506000
2018-08-08,62.243707903353865,62.98663842114291,62.01587633134736,62.47203826904297,34344000
2018-08-09,62.5413770081394,62.998525188645345,62.41111628455596,62.62705993652344,27326000
2018-08-10,62.365550749299324,62.46560045064966,61.77021780567494,62.035194396972656,26602000
2018-08-13,61.9703129261406,62.70185055034832,61.76377833074552,61.8435173034668,27500000
2018-08-14,62.03469398617754,62.435380214198325,61.392803241742456,62.31403732299805,28080000
2018-08-15,61.62757882088997,62.008948193354584,60.73408054398389,61.0302619934082,37052000
2018-08-16,61.51414784622211,61.59884452158065,60.40668610248797,60.6260986328125,32176000
2018-08-17,60.526055271019985,60.769239864107305,59.63255707700748,60.2194709777832,33092000
2018-08-20,60.457704066299996,60.717730497853005,59.86534123568496,60.5215950012207,22218000
2018-08-21,60.57459216306816,61.05700122154429,60.17885606309456,60.29673385620117,23082000
2018-08-22,60.13873796550922,60.748437666291004,60.08921002018448,60.51169204711914,22296000
2018-08-23,60.41906791910534,61.17636138296668,60.39281701373958,60.48246383666992,24666000
2018-08-24,60.72218003884417,61.286806866282646,60.495338522347545,61.254615783691406,24454000
2018-08-27,61.62064219607881,62.30067184256183,61.44927254861073,62.2214241027832,28580000
2018-08-28,62.20309671363957,62.23578659497297,61.56269094218433,61.70582962036133,27330000
2018-08-29,62.158524422629796,62.761290179869135,62.049560667649054,62.636474609375,36926000
2018-08-30,62.57455830214067,62.87618866209253,61.77269078859715,62.13078308105469,30104000
2018-08-31,62.02033376834746,62.037171833474375,60.709802522136044,61.00945281982422,42308000
2018-09-04,60.54982381532953,60.81480416552744,59.75934545644739,59.994606018066406,41458000
2018-09-05,59.8910892066049,60.170927552315774,58.213056719615075,59.389862060546875,53988000
2018-09-06,59.3636156654235,59.38441762893976,57.63209120799799,58.64148712158203,46854000
2018-09-07,58.04762897648636,58.86733205214303,57.91241811811067,58.32449722290039,32658000
2018-09-10,58.651881242048454,58.77372292320371,57.97878568507221,58.199188232421875,27670000
2018-09-11,58.00305877434174,58.98570872116798,57.74798628086685,58.938655853271484,29254000
2018-09-12,58.54292338442358,58.97332943083719,57.75838893775626,58.027828216552734,35716000
2018-09-13,58.42900640018643,58.833161518285344,57.90994358271611,58.54985427856445,40068000
2018-09-14,58.8400917989495,58.8400917989495,58.122913476319496,58.34381103515625,24176000
2018-09-17,58.33341806601584,58.53400869935893,57.377018975910794,57.44487380981445,34096000
2018-09-18,57.58504023675779,58.50974328196133,57.52411938900708,57.805442810058594,32314000
2018-09-19,57.897071987128484,58.25912440216259,57.38494313449723,58.16006851196289,25962000
2018-09-20,58.4770533289916,59.13727101817225,58.25813580081784,59.01691436767578,29244000
2018-09-21,59.18283115081106,59.265048972174824,58.050607333584175,58.0535774230957,91222000
2018-09-24,57.42407412206599,58.70092174969082,57.03230190241453,58.42207717895508,31150000
2018-09-25,58.654369327725774,59.27892329351335,58.15115448981983,59.1318244934082,33152000
2018-09-26,59.12190897829714,59.79302067277083,58.71131492186863,59.14023208618164,37650000
2018-09-27,59.434438018720755,60.26949039161778,59.33785720808993,59.79896926879883,36274000
2018-09-28,59.63701024876902,59.85295767664474,59.32696086113288,59.78510284423828,35612000
2018-10-01,60.07831853657441,60.63303759442214,59.59244056725439,59.8569221496582,33164000
2018-10-02,59.764800420012925,60.64888958918793,59.41760599286615,59.812843322753906,40180000
2018-10-03,60.02878546181327,60.13675918117882,59.540927443600616,60.00550842285156,26246000
2018-10-04,59.68356540176654,59.726654370910076,57.643975517429396,58.298744201660156,46576000
2018-10-05,58.24575660163025,58.542928077297375,57.171974634875745,57.84110641479492,31852000
2018-10-08,57.453292565610894,58.23881702982609,56.23488698706484,57.251216888427734,46190000
2018-10-09,57.02288594951988,57.530060865203154,56.66925257333919,56.718780517578125,33690000
2018-10-10,56.28441714885048,56.31512696976707,54.06107448236265,54.09326934814453,58980000
2018-10-11,53.44345284032441,55.277007199531546,53.28743621233445,54.0229377746582,67696000
2018-10-12,55.45431212814943,55.76089641357545,54.23541154662628,55.4988899230957,49370000
2018-10-15,55.37307950884132,55.561287179255366,54.393399768258355,54.602413177490234,30074000
2018-10-16,55.14922152105523,56.28293428941266,55.063538585615056,56.1199836730957,38378000
2018-10-17,56.46271421832386,56.809413583607174,55.174968860320554,55.84806442260742,35652000
2018-10-18,55.96743531125964,56.083828067524756,53.80501343280134,54.37805938720703,46152000
2018-10-19,54.665323678410985,55.51919800011947,54.33447231843299,54.738128662109375,41286000
2018-10-22,55.101173998912245,55.55584710408393,54.48157023135043,55.04471206665039,27116000
2018-10-23,54.050171762530304,55.37308588613751,53.44196092292916,55.22003936767578,37686000
2018-10-24,55.22450272566534,55.30474049255571,52.25575069560264,52.35778045654297,49286000
2018-10-25,53.50585719570887,55.36417358637315,53.27059661242936,54.65938186645508,72956000
2018-10-26,51.92242087508233,55.32355501761847,51.62029551026963,53.676727294921875,106438000
2018-10-29,54.31019755563432,54.91890718185647,49.88530466369168,51.24882888793945,81290000
2018-10-30,50.519770302765785,52.04971034304068,50.22061879116499,51.980865478515625,59768000
2018-10-31,52.90655900362725,54.87780299388954,52.90655900362725,54.015010833740234,70916000
2018-11-01,54.05561967224516,54.47661284153261,53.383019119692094,53.787174224853516,40132000
2018-11-02,53.936750983635044,54.382510005729145,52.87980727531565,53.06950378417969,43438000
2018-11-05,53.12101897596948,53.16163287516069,51.212679622643485,52.288936614990234,45358000
2018-11-06,52.253771295401684,53.48208478305597,52.18393639907413,52.97441482543945,28660000
2018-11-07,53.66384825588161,54.97338563416709,53.520214578919266,54.88968276977539,43388000
2018-11-08,54.8431267561284,54.88869079852541,53.70693532571428,54.21559524536133,33694000
2018-11-09,53.69009841588738,53.90455700916808,52.711412389483684,53.34339904785156,34860000
2018-11-12,53.15073486593075,53.19877776474122,51.52718416233509,51.97343444824219,34002000
2018-11-13,52.24336591878655,52.83077477995627,51.529656462730095,51.90458679199219,25750000
2018-11-14,52.500424847989784,52.78719721551318,51.56482768446638,52.23197937011719,34666000
2018-11-15,52.077447210388755,53.435027507240584,51.57373741393974,53.04771423339844,41584000
2018-11-16,52.75946268155497,53.11656497005777,52.24782881110956,52.910030364990234,35366000
2018-11-19,52.668319443327675,52.89664978920876,50.66141945675783,50.88677215576172,45684000
2018-11-20,49.88976430223799,51.37859922795724,49.638160673092806,51.03684997558594,54458000
2018-11-21,51.7728375650592,52.23840849171019,51.483095162432605,51.679725646972656,29698000
2018-11-23,51.187915588212974,51.65844055044276,50.941262094492444,51.0195198059082,14178000
2018-11-26,51.70796646227262,52.35183733122089,51.49845799386155,52.299339294433594,31558000
2018-11-27,52.0715069877795,52.83523948335219,51.7822595489403,52.11806106567383,33048000
2018-11-28,52.37462012399331,54.12793655522315,51.65595669272815,54.0749397277832,46042000
2018-11-29,53.665833312341945,54.48900161546981,53.59005445816816,54.21312713623047,31004000
2018-11-30,54.265129647334916,54.95951843261719,53.64849599115852,54.95951843261719,59668000
2018-12-03,56.07441301671301,56.215072827653024,55.062538289834464,55.2918586730957,57532000
2018-12-04,55.124943770202,55.18685463865841,52.53905028398573,52.62275314331055,45630000
2018-12-06,51.75749198017637,53.462270515050555,51.63268019915699,53.39590072631836,47436000
2018-12-07,53.106159162173384,53.7401259339629,51.47864449637659,51.83574676513672,42682000
2018-12-10,51.655460895725966,52.48060920556832,51.163147772127004,52.162635803222656,33652000
2018-12-11,52.84414835208087,53.015517977053605,52.01008602771962,52.5821418762207,33852000
2018-12-12,53.346374953997596,54.071968631481965,53.09328249836512,53.18045425415039,28960000
2018-12-13,53.27653440075751,53.90802604602563,52.74756752148816,53.17103576660156,24986000
2018-12-14,52.50140878288737,53.08089363015127,51.97392695131295,52.08982467651367,36358000
2018-12-17,51.85703651705087,52.61829381929582,50.35235756300222,50.79910659790039,49932000
2018-12-18,51.21267546091427,52.485067857632515,51.03833196178802,51.678741455078125,43640000
2018-12-19,51.87090842246445,53.278515444177366,50.491041129525485,51.28498458862305,58264000
2018-12-20,50.816448282091706,51.87834605755692,49.91799991139182,50.696590423583984,53674000
2018-12-21,51.115598415898354,51.394442958886465,48.597064588216575,49.09532165527344,104656000
2018-12-24,48.7520875803964,50.12898477901255,48.4222262706209,48.76942443847656,36360000
2018-12-26,49.429146429373695,51.928363317549355,49.16466109978086,51.89864730834961,46318000
2018-12-27,50.82635397793012,52.17056137212432,49.875400053410274,52.14876937866211,45996000
2018-12-28,52.47565501384212,52.709925548211785,51.60890278241842,51.8406982421875,34398000
2018-12-31,52.392940245605,52.64851152707626,51.16512568821355,51.75550842285156,33110000
2019-01-02,50.8758779017609,52.539547399816726,50.78078213895101,52.2369270324707,31868000
2019-01-03,52.03832084396553,52.81047235393287,50.63665770148199,50.79019546508789,41960000
2019-01-04,51.63663945243364,53.49099559894608,51.35432601569991,53.39540481567383,46022000
2019-01-07,53.53903993569578,53.62472286524875,52.63117875643458,53.28892135620117,47446000
2019-01-08,53.788170509277634,54.15220677732081,52.91398920676313,53.7569694519043,35414000
2019-01-09,53.88673670363503,54.067515416043605,53.21215221506057,53.572723388671875,26998000
2019-01-10,53.240381638315014,53.481586161977674,52.73221670000579,53.433048248291016,26598000
2019-01-11,52.99074983888897,53.16261447137644,52.323598255313215,52.72180938720703,30864000
2019-01-14,52.17056239603832,52.423654847357554,51.93332175924452,52.079925537109375,28490000
2019-01-15,52.40185609794035,53.90059489979997,52.22503753740086,53.81342315673828,37518000
2019-01-16,53.98627645885889,54.59845114691586,53.88771559722752,53.962005615234375,38280000
2019-01-17,53.886738117264954,54.516246029884265,53.65246377295928,54.437992095947266,24896000
2019-01-18,54.907019135610604,55.373085114513,54.44590708448727,54.8431282043457,44892000
2019-01-22,54.28345863781188,54.4305612158798,53.03979209875701,53.42314529418945,39632000
2019-01-23,53.83076214878094,54.13239251034095,52.87535686802543,53.70941925048828,25194000
2019-01-24,53.61532244220035,53.88723683784465,52.99670859547469,53.68912124633789,29114000
2019-01-25,54.195787197812265,54.647985222393906,54.0754343321334,54.556358337402344,23260000
2019-01-28,53.98974821681064,54.15319004386895,53.22403196703736,53.48405838012695,29334000
2019-01-29,53.54250503965595,53.725267578606804,52.798584495404725,52.998680114746094,19704000
2019-01-30,53.36023646661718,54.457794073421354,53.324576500441886,54.382015228271484,29452000
2019-01-31,55.08779696008885,55.85202438499917,54.74159261067498,55.76386260986328,40232000
2019-02-01,55.58555823188162,56.18535379195906,55.18735087269382,55.40378952026367,33116000
2019-02-04,55.42311364859884,56.57861836403511,55.34881983939519,56.533050537109375,78408000
2019-02-05,55.94910698648545,57.095202644647664,55.65045048209374,57.05062484741211,82296000
2019-02-06,56.921847440071225,57.156117968858695,55.39091369948589,55.61528015136719,48256000
2019-02-07,55.06700455368921,55.07542358712486,54.16409722637858,54.7742919921875,38298000
2019-02-08,54.227980109679756,54.7341649729305,54.19628404057537,54.59944534301758,21766000
2019-02-11,54.667299699315514,55.14673863839384,54.48156708425555,54.58656692504883,18498000
2019-02-12,55.02687539109028,56.109079965793505,55.02687539109028,55.84756851196289,35036000
2019-02-13,56.117996776538185,56.603874697710054,55.76931356134372,55.899574279785156,28042000
2019-02-14,55.719783421674045,56.27103729841721,55.328011251969706,55.92780303955078,21106000
2019-02-15,56.42804638100355,56.42804638100355,55.30968676611699,55.45381546020508,27826000
2019-02-19,55.30573050553342,55.949601364041804,55.30573050553342,55.794578552246094,21980000
2019-02-20,55.9119597685131,56.013494511628615,55.06353439699271,55.501365661621094,24090000
2019-02-21,55.411716044125036,55.430042932078614,54.38151821674722,54.69008255004883,33272000
2019-02-22,54.962000034730664,55.33594036646095,54.50633689300502,55.30176544189453,29436000
2019-02-25,55.567732527759496,55.739597170241076,55.18041925822261,55.339900970458984,26208000
2019-02-26,55.1932941927383,55.79110594854371,54.813409920313894,55.571693420410156,35026000
2019-02-27,55.175465073433884,55.755939960125424,54.905534577548536,55.61528015136719,22092000
2019-02-28,55.42261804207146,56.16505355374932,55.393397045151694,55.79655838012695,27422000
2019-03-01,56.016962258640085,56.958008370067496,56.016962258640085,56.88470458984375,34086000
2019-03-04,57.18385374448017,57.726688602786865,56.37603854017856,57.12739181518555,35490000
2019-03-05,57.25517128002389,58.27001603505347,57.10757749044177,57.90845489501953,40094000
2019-03-06,58.03574904568272,58.18334284423935,57.604352993084895,57.69796371459961,23602000
2019-03-07,57.47805690884928,57.630604637262714,56.54740996081109,57.00010299682617,30086000
2019-03-08,56.16058898991803,57.128875919095165,55.977331451442105,56.95651626586914,23694000
2019-03-11,57.0570600258976,58.439406203378375,57.03576304797861,58.4072151184082,30032000
2019-03-12,58.557781414177995,59.7172461505951,58.557781414177995,59.29823303222656,42220000
2019-03-13,59.728146427571,59.78708343433338,59.330925285629434,59.387882232666016,25888000
2019-03-14,59.38589537951873,59.66721875673953,59.000067182617094,59.064453125,27302000
2019-03-15,59.33538694879374,59.5196307590718,58.79106321470407,58.95401382446289,51886000
2019-03-18,58.9238020218696,59.18432347657755,58.51717180399533,58.867340087890625,24442000
2019-03-19,59.02434126298929,59.60333491333445,58.912407428142764,59.55628204345703,29788000
2019-03-20,59.50377443625085,60.91980041412779,59.41412761836847,60.74347686767578,41508000
2019-03-21,60.42501387002743,61.239264305699706,60.25562429558557,61.22391128540039,28150000
2019-03-22,60.86334523951643,61.10009085817573,59.731612608659276,59.81333541870117,34422000
2019-03-25,59.412642130571385,59.901985124263874,58.939147170574486,59.30466842651367,27576000
2019-03-26,59.69148834939382,59.81333003107133,58.5310336203018,58.93122482299805,30752000
2019-03-27,59.03425391385415,59.03425391385415,57.66280170316937,58.34531021118164,29428000
2019-03-28,58.22098896741661,58.30766192607468,57.62317718943599,58.06100845336914,22402000
2019-03-29,58.45278754236231,58.640504029894316,57.76929275507036,58.28984069824219,30890000
2019-04-01,58.81730429888435,59.44433699177554,58.75886231410546,59.383914947509766,27706000
2019-04-02,59.43690983511962,59.72219711714541,59.00056365900044,59.708824157714844,18288000
2019-04-03,60.06344794132938,60.454725092948664,59.68604254286175,59.96984100341797,22180000
2019-04-04,59.993626187347886,60.45226325186394,59.88218735276652,60.39778137207031,21022000
2019-04-05,60.390343241211596,60.44433009784707,59.93121123108795,60.00154113769531,20012000
2019-04-08,59.98470062019651,60.12536042766006,59.66722224485626,59.84453582763672,21750000
2019-04-09,59.52804882789943,59.78856648653898,59.354200345515004,59.56766891479492,19668000
2019-04-10,59.686546391575085,59.87722917859246,59.467133842961,59.753902435302734,15510000
2019-04-11,59.87524127700865,60.06543280289352,59.65929764016245,59.90941619873047,16998000
2019-04-12,60.208078135576585,60.57607829080983,60.09267919382185,60.56023025512695,24312000
2019-04-15,60.627588121562674,60.88563450719283,60.15558191155157,60.74843978881836,23796000
2019-04-16,60.92030326457273,61.21648468997316,60.67463981516365,61.0149040222168,22622000
2019-04-17,61.26699809040539,61.668183114900266,61.06393239296706,61.42251968383789,30366000
2019-04-18,61.66323042691964,61.70978828077709,61.38636593586521,61.48839569091797,24750000
2019-04-22,61.25065404804808,62.12582528359789,61.087208439930464,62.09709930419922,19084000
2019-04-23,62.23974797091926,63.12086323513677,62.00844751487935,62.93067169189453,31868000
2019-04-24,62.93067092945153,63.09956549183258,62.39675386323464,62.40863800048828,23396000
2019-04-25,62.91630668366039,63.04012843302719,62.30710579287008,62.76970291137695,31344000
2019-04-26,63.068855797179076,63.3427502080742,62.653806553854444,63.268951416015625,27228000
2019-04-29,63.421991278063544,64.2372392794385,62.98614009091481,64.1990966796875,72368000
2019-04-30,58.9703603907374,59.482980493015035,58.592456151515655,59.3829345703125,133178000
2019-05-01,59.3106178156622,59.39729455152342,58.03178642826818,58.113014221191406,74340000
2019-05-02,58.07735668615716,58.41316197905627,57.37058114536193,57.775726318359375,45098000
2019-05-03,58.315593195838574,59.008500830036176,58.12441538083634,58.916873931884766,41588000
2019-05-06,58.047627975046964,59.208086426573615,58.0060240533815,59.11051559448242,31774000
2019-05-07,58.73162587999779,59.17540107837916,57.7009330420746,58.38740158081055,36604000
2019-05-08,58.309645514268155,58.65535867616848,57.83120032420148,57.98721694946289,25520000
2019-05-09,57.58207109403174,58.15016310994897,57.18782001887021,57.84803771972656,29556000
2019-05-10,57.891127542807894,58.2596189276961,56.77821682789778,57.83169174194336,31650000
2019-05-13,56.7222453726447,57.05557177677972,55.744549388013766,56.293819427490234,45626000
2019-05-14,56.5776246522516,56.703921474560765,55.646977706064455,55.712852478027344,40392000
2019-05-15,55.59844282771411,58.35967021943757,55.54148587870929,57.98820495605469,59302000
2019-05-16,58.0397152321266,59.14519701770238,57.871814468235996,58.666748046875,35308000
2019-05-17,58.23733131750474,58.75540033970003,57.77126531413099,57.888153076171875,25362000
2019-05-20,57.106596425890835,57.106596425890835,56.37059986450055,56.69352722167969,30602000
2019-05-21,57.17989372553306,57.35423723179189,56.62665973791251,57.177913665771484,20562000
2019-05-22,57.01991775455204,57.6405115698009,57.00753482339587,57.24774932861328,18826000
2019-05-23,56.76336213394787,56.96048389431308,56.12394639269038,56.727203369140625,25214000
2019-05-24,57.05705903712818,57.17394679556535,56.2997655712298,56.39387130737305,18554000
2019-05-28,56.53602136651418,57.279446876061826,56.39684281844969,56.44092559814453,20948000
2019-05-29,56.101152484717936,56.21507014854545,55.073433550766815,55.46916961669922,36230000
2019-05-30,55.479574851397985,55.80894117082196,55.269076357887755,55.5419807434082,18088000
2019-05-31,54.760918612666295,55.14525806654625,54.647495944049716,54.80351257324219,31582000
2019-06-03,52.84365524761113,52.84712035205825,50.86746121441573,51.44744110107422,96890000
2019-06-04,51.73222918806008,52.423156649981955,51.31321606515813,52.227516174316406,60512000
2019-06-05,52.25277721683821,52.3424240407171,51.16314735509203,51.73965835571289,46988000
2019-06-06,51.817419051679586,52.00513172457985,51.28746214620727,51.894187927246094,29020000
2019-06-07,52.21712407779006,53.16559923698587,52.062097476987816,52.914981842041016,43828000
2019-06-10,53.34240588249754,54.22599993485106,53.25721797353577,53.62769317626953,28510000
2019-06-11,54.332490587965864,54.68018380564133,53.46970218510772,53.54250717163086,33508000
2019-06-12,53.48852151892269,53.6158083748503,52.9758976544388,53.4464225769043,23670000
2019-06-13,53.72427882546966,54.3126777814297,53.61828894462655,54.03630828857422,20814000
2019-06-14,53.97340771977123,54.22204126191132,53.564302421133014,53.80302810668945,24582000
2019-06-17,53.94170682923152,54.544963741132975,53.887224959108465,54.17894744873047,19770000
2019-06-18,55.051149694954006,55.411717051722846,54.520697751876064,54.7411003112793,34526000
2019-06-19,54.840155442193684,54.948624168178235,54.28493764576931,54.70494079589844,26714000
2019-06-20,55.55634247239921,55.6068642257885,54.82826997007802,55.13534927368164,24018000
2019-06-21,54.96992204047367,55.797545423876116,54.96298805282617,55.73811340332031,50774000
2019-06-24,55.47214618485859,55.648964769329886,55.14079980363629,55.30870056152344,24236000
2019-06-25,55.228463795688135,55.25916983601783,53.71882698052252,53.866424560546875,31644000
2019-06-26,54.03581432366244,54.23987385008098,53.1784748612079,53.5068473815918,34698000
2019-06-27,53.82531619310023,53.910009091065085,53.28545139859072,53.3240852355957,24078000
2019-06-28,53.3538061424404,53.62968063354492,53.1839215372508,53.62968063354492,33672000
2019-07-01,54.53307920261683,54.90702331422971,54.25027074261955,54.481571197509766,29196000
2019-07-02,54.72079078259037,55.11999195678885,54.465223282168516,55.105628967285156,20630000
2019-07-03,55.39784524596888,55.867875106297795,55.2170665651637,55.62023162841797,20154000
2019-07-05,55.4409415792781,56.197740087765375,55.348324659581365,56.099674224853516,29794000
2019-07-08,55.762875293624795,55.829245080339426,55.06402758839945,55.31315612792969,29888000
2019-07-09,54.99270242544533,55.8614384726801,54.83569578883825,55.68461990356445,29472000
2019-07-10,56.082333727492156,56.578610713329304,56.000115911406105,56.50778579711914,30710000
2019-07-11,56.7678108891987,57.118474159996595,56.43943840423294,56.664791107177734,26004000
2019-07-12,56.60784052425284,56.834187061190235,56.39140184407421,56.727203369140625,21878000
2019-07-15,56.72719861607751,56.991683955517104,56.46271705537778,56.9832649230957,21164000
2019-07-16,56.79604524632586,57.3829629193265,56.79604524632586,57.12937545776367,25352000
2019-07-17,57.00357272421351,57.3760280034177,56.790599163439744,56.79654312133789,19538000
2019-07-18,56.5617729099618,56.867367160229094,56.10908365301538,56.82130432128906,25450000
2019-07-19,56.924329998398186,57.036263842230625,56.02934670523156,56.04420471191406,23184000
2019-07-22,56.23835399560529,56.46371049735105,55.730192806459634,56.42359161376953,28914000
2019-07-23,56.63359192866002,56.901542373770496,56.10858892426191,56.86142349243164,20648000
2019-07-24,56.09720388785051,56.73315078437055,55.89363936307017,56.4493522644043,27192000
2019-07-25,56.41071368089707,56.640529096008606,55.65589901065511,56.261634826660156,54762000
2019-07-26,60.82124144829522,62.82170246758765,60.82124144829522,61.67412567138672,121216000
2019-07-29,61.53941519329829,61.86085751254784,60.93021046676721,61.5067253112793,41382000
2019-07-30,60.771707753036765,61.262539573144544,60.688499907511805,60.82123947143555,28616000
2019-07-31,60.666217538983844,61.163484590606885,59.83958418427697,60.33586120605469,39960000
2019-08-01,60.30763338210096,61.23233264202327,59.78114152891506,60.01789093017578,35426000
2019-08-02,59.583025720180316,59.90495923696939,58.93915112912255,59.252174377441406,34910000
2019-08-05,58.095676201639506,58.289336617722995,56.59892113529309,57.19326400756836,47840000
2019-08-06,57.726691926979775,58.513206420620904,57.52907138432887,58.002071380615234,36014000
2019-08-07,57.34432781328151,58.43742657661284,56.99960848715814,58.241294860839844,30686000
2019-08-08,58.762334158803085,59.74547915169052,58.14669429482071,59.741024017333984,30116000
2019-08-09,59.43394025653966,59.65533283263765,58.686055887993724,58.884666442871094,20418000
2019-08-12,58.4438685714798,58.721723109439104,57.885185627106054,58.17145919799805,22064000
2019-08-13,58.164035694708176,59.70338875043064,58.096679646137694,59.27248764038086,28434000
2019-08-14,58.24922050938354,58.58205192910055,57.50628999430948,57.66379165649414,35430000
2019-08-15,57.87081891831931,58.26655122813424,57.60187844552222,57.91489791870117,28506000
2019-08-16,58.483000906615686,58.63406360840455,58.09717262620063,58.40474319458008,24916000
2019-08-19,59.02978803946685,59.899514131027765,58.95896311915331,59.45623016357422,24450000
2019-08-20,59.2041307137126,59.33538146054947,58.59492606828467,58.61869812011719,20206000
2019-08-21,59.22740610527465,59.46217164258536,58.83612895017692,59.01740264892578,14152000
2019-08-22,59.12736249662652,59.37401597426125,58.389880917191206,59.01443862915039,17352000
2019-08-23,58.69992478154987,59.21997760981369,56.95800136029911,57.13531494140625,36254000
2019-08-26,57.42604913459214,58.040698950826204,57.198217575695054,58.00701904296875,21166000
2019-08-27,58.59245367806885,58.691509566685426,57.67914357236348,57.989192962646484,23460000
2019-08-28,57.69449279196282,58.369568415349136,57.4656712103643,58.134307861328125,16810000
2019-08-29,58.76184140064321,59.39432313270513,58.70537946670605,59.1491584777832,19636000
2019-08-30,59.451777467988855,59.451777467988855,58.7271700704806,58.96540451049805,18064000
2019-09-03,58.53548560820399,58.893577853073666,57.63703739938013,57.92628479003906,25908000
2019-09-04,58.416627511131765,58.68556800063961,58.02436028138805,58.556297302246094,21312000
2019-09-05,59.1204312895711,60.12784721143964,59.07238838639131,60.03820037841797,26394000
2019-09-06,59.88713301150677,60.07583572599025,59.59590174657912,59.74746322631836,18972000
2019-09-09,59.785108106500914,60.452259809745804,59.09616440832748,59.69546127319336,31854000
2019-09-10,59.24078482009586,59.92972847973825,59.23682092181226,59.71675491333008,27922000
2019-09-11,59.627103337747535,60.54734737964081,59.54736059340152,60.425010681152344,23522000
2019-09-12,60.596877336476226,61.53544451849424,60.55180452757735,61.16645812988281,31644000
2019-09-13,61.02480508761392,61.467594048380136,60.77567654585852,61.41707229614258,23676000
2019-09-16,60.94209680855052,61.367053927593396,60.68207036152316,61.00103759765625,28218000
2019-09-17,61.00103678715758,61.16794751680228,60.59093767989537,60.91436004638672,20806000
2019-09-18,60.932188981834784,61.22936042640877,60.2501793262344,61.051551818847656,17440000
2019-09-19,61.03520742645036,61.63054033236928,61.03471241152999,61.353675842285156,16554000
2019-09-20,61.10058792815853,61.55427102564121,60.602330812102906,60.91238021850586,37692000
2019-09-23,60.75042042404322,61.39974402141791,60.612235674442466,61.15259552001953,20798000
2019-09-24,61.41558335752098,61.767731662383596,59.96142231670884,60.3422966003418,35804000
2019-09-25,60.22738965946452,61.81280524161607,59.89009935466369,61.70978546142578,26798000
2019-09-26,61.52157795529746,61.64688852899052,61.01044291937786,61.52900695800781,23166000
2019-09-27,61.55575374716802,61.66273743368935,60.187275503275984,60.71971130371094,34122000
2019-09-30,60.45472609589399,60.79201640013217,60.09911268292569,60.48147201538086,24470000
2019-10-01,60.548338606588864,61.061952477190204,59.70932233716347,59.73160934448242,24504000
2019-10-02,59.26108724560142,59.37302107400408,58.0788367237423,58.340843200683594,33030000
2019-10-03,58.60929643698019,58.988685735426444,57.60881827836499,58.910926818847656,28368000
2019-10-04,59.15162873462561,60.05156583590806,58.98719309568253,59.977272033691406,24282000
2019-10-07,59.78113722294583,60.37102495570478,59.65038148991235,59.843048095703125,17040000
2019-10-08,59.373518147663226,59.77469940166091,58.91339610924976,58.94559097290039,20086000
2019-10-09,59.500309720625474,59.85344805198157,59.341319251605334,59.55330276489258,15948000
2019-10-10,59.365093177264505,60.20806949701142,59.32844318297883,59.90346908569336,12842000
2019-10-11,60.62461884848483,60.858394389325234,60.110014893908655,60.21253967285156,22330000
2019-10-14,60.12239596057424,60.716243857337545,60.02284505325198,60.31456756591797,13296000
2019-10-15,60.49931098168188,61.76872960391588,60.47058499923212,61.52653503417969,27584000
2019-10-16,61.50523386760247,62.11839865013848,61.342778283098,61.56417465209961,22986000
2019-10-17,61.980216852267894,62.591896619054,61.90443799931357,62.049556732177734,20958000
2019-10-18,62.14316528891871,62.31255108446506,61.42252179923315,61.634010314941406,31624000
2019-10-21,61.84648862350437,62.084719280696554,61.41509256120461,61.62757110595703,18094000
2019-10-22,61.63747698893606,61.84797548014588,61.408160372457424,61.47502517700195,22862000
2019-10-23,61.42599184688121,62.309087161104465,61.42599184688121,62.288780212402344,21282000
2019-10-24,62.362083435058594,62.54979612109488,62.02726818128927,62.362083435058594,20224000
2019-10-25,62.0099359030896,62.802398190165945,61.86878106161953,62.619140625,27104000
2019-10-28,63.149098148922654,64.34967194914378,63.01586732458095,63.84150695800781,65428000
2019-10-29,63.19862281110795,63.43636224265712,62.18873185476839,62.4388542175293,52654000
2019-10-30,62.16594580208306,62.80338142330192,61.94306816967609,62.44083023071289,29204000
2019-10-31,62.406165081845984,62.72909243340276,61.88512216475755,62.34672927856445,31904000
2019-11-01,62.6934351947074,63.05004247245502,62.3918048093002,63.01289367675781,28812000
2019-11-04,63.20407443399878,64.01584986158814,63.20407443399878,63.872711181640625,30632000
2019-11-05,63.9514528438649,64.2506081163926,63.86131478466326,63.963340759277344,25148000
2019-11-06,63.89648307224777,64.0401129795622,63.50916977995855,63.942047119140625,24626000
2019-11-07,64.10401950316049,65.50915187047924,64.0777723687538,64.7310562133789,45140000
2019-11-08,64.46258602131604,65.23474124758921,64.46258602131604,64.83306121826172,30392000
2019-11-11,64.58541605893294,64.6299976286706,64.18275356772722,64.30211639404297,17234000
2019-11-12,64.31647480140748,64.85039558450602,64.10201621713067,64.24911499023438,28852000
2019-11-13,64.04951725531191,64.51211812874304,63.99850426915484,64.19810485839844,20538000
2019-11-14,64.13967203771251,65.16590987376797,64.0871702206033,64.84049987792969,28948000
2019-11-15,65.13272246732559,66.04850769042969,64.97620705197532,66.04850769042969,39286000
2019-11-18,65.98906572747507,66.0673234323265,65.18769322633246,65.36995697021484,27984000
2019-11-19,65.70625066215686,65.70625066215686,64.97025799405635,65.01087188720703,21864000
2019-11-20,64.94995225781228,65.04157913718234,63.852893443632446,64.47943115234375,28892000
2019-11-21,64.35016618156962,64.9380701081525,63.929169200759176,64.39424896240234,25546000
2019-11-22,64.53590126540597,64.72906290404325,63.86033054513424,64.07379913330078,27776000
2019-11-25,64.20206789337703,64.90289558275306,64.16987303333,64.66664123535156,23590000
2019-11-26,64.87812720710748,65.08119665684879,64.58739856318866,65.03117370605469,21910000
2019-11-27,65.15105254099282,65.26100632608322,64.85635614290256,64.98809814453125,18808000
2019-11-29,64.71419479888687,64.88011169520007,64.54728031533155,64.58987426757812,12802000
2019-12-02,64.51410831406844,64.65675576071148,63.41556048908383,63.835567474365234,26538000
2019-12-03,63.33037051121015,64.25012342989662,63.250631535810925,64.12679290771484,25270000
2019-12-04,64.689439194662,65.58937639189563,64.53837272084628,65.32538604736328,35506000
2019-12-05,65.72459053357098,65.77313223197854,65.09657144654456,65.72261047363281,24408000
2019-12-06,66.0093627000816,66.49078165743002,65.93408265370638,66.3382339477539,32968000
2019-12-09,66.31198979684073,67.23768274471344,66.17380129069844,66.51654052734375,30842000
2019-12-10,66.36548792156054,66.7646891227079,66.07128278810355,66.5115966796875,17606000
2019-12-11,66.77954723475955,66.85829617502306,66.42293998953177,66.5789566040039,20480000
2019-12-12,66.52745181438002,67.09058992873814,66.27931705166803,66.7889633178711,29114000
2019-12-13,66.75973796964658,66.93061260604823,66.4506823579257,66.70872497558594,33170000
2019-12-16,67.11138245384012,67.53386065482265,66.89395377790245,67.3936996459961,28128000
2019-12-17,67.47840473635829,67.57350051936761,66.90188985826212,67.10594940185547,32948000
2019-12-18,67.21044592473815,67.33079879423406,66.88653233060347,66.95834350585938,23330000
2019-12-19,66.95834227718696,67.23669937658612,66.80183442609396,67.18270874023438,28922000
2019-12-20,67.51257419574173,67.55714821487466,66.89990437833447,66.9241714477539,50090000
2019-12-23,67.29612445854431,67.45065223396979,66.76468252731135,66.89494323730469,19936000
2019-12-24,66.87413741587739,66.96329299686603,66.57498972050794,66.58786010742188,13468000
2019-12-26,66.69286688442598,67.51752392838698,66.64135510441135,67.48136138916016,23662000
2019-12-27,67.55714262925474,67.70820909157774,67.01233147299867,67.09355926513672,23212000
2019-12-30,67.20103960824423,67.21044867126749,66.26147853741799,66.35409545898438,19994000
2019-12-31,66.15993035031083,66.40113484384676,65.97865666369745,66.3382339477539,19514000
2020-01-02,66.78501226303362,67.78895568847656,66.68991647090357,67.78895568847656,27278000
2020-01-03,66.76468797907017,68.0400504709422,66.73100429191261,67.43431091308594,23408000
2020-01-06,66.94447875888001,69.2569770701854,66.91328147980676,69.23171997070312,46768000
2020-01-07,69.36297232708252,69.51354001246602,68.92216715791305,69.09799194335938,34330000
2020-01-08,69.08362070220888,69.92709593901122,68.97515574809637,69.58980560302734,35314000
2020-01-09,70.42634437897857,70.76066463148995,69.84586943820742,70.32035827636719,33200000
2020-01-10,70.79978552621174,71.07070603223812,70.310937556679,70.77452087402344,26258000
2020-01-13,71.08606938019891,71.3946337502019,70.59673007741598,71.32282257080078,30730000
2020-01-14,71.32133264146023,71.45159337277671,70.71559303390933,70.85527038574219,26076000
2020-01-15,70.97560706306969,71.3599501960503,70.90824725608023,71.28169250488281,21550000
2020-01-16,71.59126251264676,71.85129273667978,71.32133198944545,71.82454681396484,26080000
2020-01-17,72.43771294689661,73.32972240709998,72.14103648015305,73.2787094116211,52424000
2020-01-21,73.25294322283658,73.7918217589049,72.81758704437881,73.4139175415039,48930000
2020-01-22,73.78439326618513,74.32177542497652,73.43422499704555,73.49414825439453,28458000
2020-01-23,73.67640927373351,73.97110560001462,73.31831325823939,73.53475189208984,26650000
2020-01-24,73.93743690849286,74.00578676014383,72.4694039216118,72.61750030517578,29786000
2020-01-27,70.90233409958779,71.15195771372396,70.30600346389214,70.9117431640625,34132000
2020-01-28,71.40750236139107,72.05434703002898,70.84386554182085,71.84137725830078,29724000
2020-01-29,72.23562072709703,72.5169479006937,71.58828482234425,72.14845275878906,21566000
2020-01-30,71.2272236271273,72.07663903462614,71.07368586337883,72.02711486816406,27110000
2020-01-31,72.70121008899609,72.79085693325705,70.6804378122802,70.9637451171875,43822000
2020-02-03,72.39361708344823,73.61450521558089,72.1439935373326,73.43124389648438,71636000
2020-02-04,72.0390098106241,72.67544793622372,70.43130693269775,71.58928680419922,95880000
2020-02-05,72.49069398479408,72.5387368823494,70.81019015766002,71.6209716796875,36376000
2020-02-06,71.91468022550302,73.37974302803424,71.84039019914903,73.10287475585938,37822000
2020-02-07,72.67791742804089,73.56249776232856,72.57985157058434,73.25839233398438,28360000
2020-02-10,73.16528741089394,74.73286749079695,73.06474269563836,74.72196960449219,38302000
2020-02-11,74.95028459687092,75.77296152339323,74.56297135913168,74.79129791259766,34852000
2020-02-12,75.07857604388263,75.29848359745186,74.72246758542563,75.21577453613281,31042000
2020-02-13,74.7883256590214,75.5783089088259,74.4911504810934,74.95623016357422,22914000
2020-02-14,75.01270637201145,75.28610577397488,74.56793355013087,75.2207260131836,23198000
2020-02-18,75.00328863329595,75.80664112300143,74.83835420554657,75.2558822631836,25642000
2020-02-19,75.64023640450932,75.8155699491848,75.33217083202628,75.52483367919922,22746000
2020-02-20,75.23459028988579,75.63379148682316,74.50403894947559,75.1345443725586,25962000
2020-02-21,74.51990787893766,74.8354100757744,73.22770695140424,73.47386169433594,42520000
2020-02-24,70.48181106187245,71.14203248501451,69.67647847176895,70.32381439208984,49560000
2020-02-25,70.87557947889884,71.1653181693282,68.37041825916344,68.66263580322266,51580000
2020-02-26,69.09154047529304,70.01723343038937,68.17872546475806,68.8681640625,49776000
2020-02-27,67.31644613004579,67.82461113676888,65.09260451220945,65.12776947021484,62290000
2020-02-28,63.1149186231393,66.4898019996538,62.81279324582793,66.33131408691406,80198000
2020-03-02,66.93260002156951,68.71958897686436,65.63544161250786,68.66263580322266,55430000
2020-03-03,69.225289067419,69.74583326279385,65.83553954787297,66.25554656982422,56602000
2020-03-04,67.3075298484272,68.48730552549819,66.21987986401248,68.42886352539062,47598000
2020-03-05,66.64334092241998,67.04353972444319,64.46853998461333,65.11835479736328,54380000
2020-03-06,62.898976532107014,64.52351357609537,62.26797984013897,64.17632293701172,64640000
2020-03-09,59.68009963641481,62.04608569622213,59.33736038920193,60.216495513916016,69252000
2020-03-10,62.12831609311527,63.191200207850706,60.15310799827009,63.15752029418945,54872000
2020-03-11,61.825195353351596,62.254112587999046,58.995618063094234,59.97430419921875,54732000
2020-03-12,55.60191470564654,58.877247417138825,54.901083084204004,55.05363082885742,94326000
2020-03-13,58.19572453085053,60.1476514358914,55.09027308239977,60.141212463378906,79400000
2020-03-16,53.96696417976584,56.733636538754325,52.85108342429565,53.14429473876953,96520000
2020-03-17,54.017977635706046,55.76931006166168,51.960555968807775,55.37605285644531,83194000
2020-03-18,52.497451376816,54.72871792879037,51.36125986645297,54.045223236083984,93044000
2020-03-19,53.89812168289887,57.08727618463089,52.28001988640102,55.0595703125,74064000
2020-03-20,56.011995756135,56.38742484225368,52.604423119831424,52.90704345703125,82878000
2020-03-23,52.3206338995169,52.84266682638915,49.968020624039184,52.20969009399414,83672000
2020-03-24,54.67869553610549,56.13236167218039,53.80946443254948,55.967926025390625,72468000
2020-03-25,55.698987349846355,56.7683103247803,53.64008037256016,54.56180953979492,90324000
2020-03-26,55.21063246321199,58.02188271152003,54.08682765203497,57.59791564941406,76562000
2020-03-27,55.84212777842716,57.01001544559556,54.67968905458534,54.98973846435547,62794000
2020-03-30,56.098186132299865,57.00753232896718,54.406780592106486,56.77524185180664,58736000
2020-03-31,56.895104627215595,58.116975309708685,56.30026293947802,57.54987335205078,65228000
2020-04-01,55.67025863980762,55.93870409870114,54.159136788243345,54.58557891845703,51970000
2020-04-02,54.48157130703519,55.60934004470026,54.14131088320753,55.32504653930664,56410000
2020-04-03,55.21013130627291,55.41220695876204,53.24731041546661,54.12000274658203,51374000
2020-04-06,56.116016095420854,58.9762953691825,55.71978500169071,58.60186004638672,63320000
2020-04-07,60.27691932785058,60.4636457550222,58.30765931147763,58.570655822753906,61620000
2020-04-08,59.58797774612607,60.17241655713172,58.6395026879109,59.7811393737793,40334000
2020-04-09,60.334879365750766,60.523582102874904,59.05901790617949,59.759849548339844,54028000
2020-04-13,59.508727370907756,60.15359194253423,58.55926238526575,59.95002746582031,38702000
2020-04-14,61.41410755509722,63.186242246125516,60.847991811462485,62.66520309448242,63358000
2020-04-15,61.73802218124415,63.15454334623227,61.11841839764076,62.272438049316406,42236000
2020-04-16,62.75979362501559,63.067862946627,61.32643447758855,62.27886962890625,57896000
2020-04-17,63.480935761731786,63.89202489079497,62.70333529986939,63.34720993041992,51050000
2020-04-20,62.89598909738381,63.23922332156413,62.229827593864194,62.46310806274414,35292000
2020-04-21,61.54981072123342,61.91087308906381,59.682081657857516,60.03670883178711,49648000
2020-04-22,61.470563498325916,63.39079060980057,61.276906860069985,62.32741165161133,46296000
2020-04-23,62.69045208401483,63.80039263918321,62.43240950578446,62.95939254760742,34202000
2020-04-24,62.158522166719294,63.28332085409604,61.61370719032875,63.22834396362305,37402000
2020-04-27,63.991082003498114,64.09509560385249,62.65677863962646,62.94404602050781,44186000
2020-04-28,63.55522991283114,63.63249002753352,60.939121412826324,61.048580169677734,80700000
2020-04-29,66.61611023326104,67.36646983433275,65.71122282126633,66.4764404296875,108358000
2020-04-30,65.94054107016746,66.86375539572747,65.4521842032697,66.70030975341797,55842000
2020-05-01,65.58046565690277,66.93458489445553,64.86576978213782,65.24515533447266,48872000
2020-05-04,64.7899886053892,65.59928899994327,64.18969790128754,65.52152252197266,30806000
2020-05-05,66.24464133439702,67.90434717096521,66.12230839853984,66.8152084350586,39666000
2020-05-06,67.25998309338922,67.78944507226947,66.62254738856387,66.63740539550781,31732000
2020-05-07,67.42390703872208,68.15148823318282,66.9895409220369,67.81864929199219,30652000
2020-05-08,68.4397405474597,69.17375310247706,67.95386268848951,68.5645523071289,33326000
2020-05-11,68.1906319627294,70.10937065046728,68.12674101613865,69.51799774169922,32718000
2020-05-12,69.74729879313068,70.0499153573466,68.07768547212498,68.11087036132812,33918000
2020-05-13,68.15942262088613,68.61360454230402,65.77461422121661,66.78103637695312,40368000
2020-05-14,66.0475144238828,67.22877119677766,65.54132953853221,67.2035140991211,36660000
2020-05-15,66.77755753562865,68.08114705053016,66.31891682085778,68.00586700439453,41544000
2020-05-18,67.43728547588707,68.98158837081048,67.07176042797272,68.60616302490234,47094000
2020-05-19,68.62102154900354,68.96821215456,68.04054666803748,68.0722427368164,31586000
2020-05-20,68.80327989195237,69.93600237945327,68.71710196062703,69.79385375976562,38262000
2020-05-21,69.88449920235958,70.15541973750524,69.06232097711698,69.67449951171875,30894000
2020-05-22,69.53334027151953,70.18216501966805,69.13958802109688,69.99594116210938,28544000
2020-05-26,71.41839638561501,71.57441298355187,70.3010306624816,70.39859771728516,44590000
2020-05-27,70.3307594037654,70.59573978291996,69.0727336523979,70.3446273803711,31684000
2020-05-28,69.34018521335773,71.54223095770017,69.2946211638657,70.24359130859375,35170000
2020-05-29,70.35204041308344,71.15936052023724,70.13164166107148,71.00037384033203,37044000
2020-06-01,70.61308633538148,71.3996009901124,70.44369294556934,71.0672607421875,25162000
2020-06-02,71.07368902861234,71.46992016535502,70.41049745634162,71.43574523925781,23442000
2020-06-03,71.45504665150752,71.76757106817956,70.90626789320162,71.28417205810547,27732000
2020-06-04,71.16184478167695,71.38671004458558,69.63784868950184,70.0484390258789,26982000
2020-06-05,70.1148075544808,71.63336223365884,69.71758640754899,71.32231903076172,42642000
2020-06-08,70.64180893468713,71.76709520011376,70.55265332998563,71.71955108642578,33878000
2020-06-09,71.58086036140007,72.69822621574482,71.43821292718843,71.91963195800781,33624000
2020-06-10,72.38670392004724,72.94439313215956,72.032575464758,72.5447006225586,31762000
2020-06-11,71.37234333854855,71.89586510053333,69.26143333989086,69.43428802490234,47144000
2020-06-12,70.62099957719101,71.04942560214847,68.63688125945289,69.9801025390625,36676000
2020-06-15,68.81962939441132,70.57839082578148,68.70620674742224,70.36740112304688,30468000
2020-06-16,71.76708769172896,72.17173786067906,70.77602239457322,71.64178466796875,30648000
2020-06-17,71.96222140981246,72.42085456167905,71.08011249695168,71.9424057006836,30610000
2020-06-18,71.80919884322785,71.96372666153596,70.63982221806852,71.03011322021484,34862000
2020-06-19,71.32132836203121,71.54420600166658,70.28122263375963,70.5605697631836,52784000
2020-06-22,70.57889184321455,71.86366333812911,70.290634464632,71.84929656982422,29442000
2020-06-23,71.91567270014066,73.06474219667734,71.56897330290289,72.50902557373047,37752000
2020-06-24,72.47434938272832,73.0939492987786,70.8260329822864,70.95976257324219,31592000
2020-06-25,70.88646190291774,71.43623076630921,70.30796705904994,71.37580871582031,23958000
2020-06-26,70.95630864483473,71.17373736157167,67.11139504691282,67.4848403930664,97640000
2020-06-29,67.37586340209062,69.24111726400062,66.94545740923932,69.20000457763672,45074000
2020-06-30,69.18564429876447,70.52885771285644,68.69282865102589,70.23416137695312,40286000
2020-07-01,70.28964468450181,71.74133067420031,70.04249243539927,71.42037963867188,42182000
2020-07-02,71.90776418984,73.72447688516786,71.86962158181241,72.8037338256836,57218000
2020-07-06,73.70614161941427,74.78834258604863,73.15290382253794,74.27571868896484,44712000
2020-07-07,74.1013823199443,75.34900896864144,73.78291009668904,73.79380798339844,42364000
2020-07-08,74.33267948704277,74.84629341453271,73.91168248222009,74.47135925292969,31766000
2020-07-09,74.78486854107993,75.7363174732516,74.07463169491743,75.21725463867188,41836000
2020-07-10,74.94930499270149,76.34056904013117,74.32871496647132,76.22516632080078,35918000
2020-07-13,76.76651376660473,78.07506115466981,74.61796006227452,74.89878845214844,42954000
2020-07-14,73.93595121972746,75.42230344989767,73.59618204162983,75.32621765136719,38108000
2020-07-15,75.44360151241705,76.09242627991783,74.18557584472208,75.12909698486328,31026000
2020-07-16,74.36733265182488,75.0810458639117,73.71206898316635,75.03201293945312,26484000
2020-07-17,75.13057171289171,75.45350280247234,74.19893856976338,75.12760162353516,34264000
2020-07-20,75.03598064140695,77.71102621712684,74.42677974635325,77.45496368408203,30166000
2020-07-21,78.50447647844284,78.60452239445694,76.89924512180716,77.06269073486328,27486000
2020-07-22,77.05228897741014,77.61047684984354,76.43417029318135,77.5049819946289,24482000
2020-07-23,77.55847889660915,77.7773964172392,74.71849886510961,75.1226577758789,33910000
2020-07-24,74.2529388126378,75.05728143638413,73.67840404854456,74.6996841430664,29902000
2020-07-27,74.9498128375825,76.15335678507493,74.9037499915274,75.75068664550781,27124000
2020-07-28,75.53126618262182,75.58128914093209,74.31880459512638,74.47383117675781,30910000
2020-07-29,74.54069094769629,75.9438352826019,74.44212629875796,75.45746612548828,22676000
2020-07-30,74.19251740629376,76.31829324556024,74.0538376282407,76.1934814453125,36042000
2020-07-31,74.14693333367309,74.54167557953528,72.01471909619727,73.69622039794922,91468000
2020-08-03,73.84728983771697,74.1806124648211,72.89237209086029,73.43917083740234,45482000
2020-08-04,73.63480832006313,73.95179166394234,72.51149486368587,72.97062683105469,37212000
2020-08-05,73.14498306411674,73.79776798849193,72.86761597708453,73.25740814208984,29134000
2020-08-06,73.11179419733642,74.60359539633092,72.90129570804297,74.53821563720703,33306000
2020-08-07,74.74078261237376,75.28807255599058,73.61301027816823,74.21231079101562,27718000
2020-08-10,73.83739380117632,74.64718540153339,73.17816232869778,74.13555908203125,20546000
2020-08-11,73.99587650416217,74.81013451807152,73.21283088279655,73.3292236328125,31098000
2020-08-12,73.65512760591216,74.87105817178005,73.55012397437174,74.65164184570312,22512000
2020-08-13,74.69967934829317,76.12412825065051,74.69967934829317,75.1176986694336,22388000
2020-08-14,74.9671346484646,75.273227709081,74.24352104005268,74.52236938476562,21942000
2020-08-17,75.08402003992009,75.47084207168449,74.54069016477087,75.0973892211914,19990000
2020-08-18,75.58674029245068,77.13451218568095,75.36634150474427,77.0557632446289,28378000
2020-08-19,76.89280103993732,77.70359007865663,76.274191139251,76.50251770019531,30472000
2020-08-20,76.27269900735013,78.26375459798543,75.99979844604805,78.0696029663086,26382000
2020-08-21,77.84920424259258,78.84374588387767,77.379181914603,78.03593444824219,34838000
2020-08-24,78.87296152708002,79.68078050408558,78.00967820848737,78.51041412353516,25638000
2020-08-25,78.2603123433326,79.6857515868239,78.15035854612056,79.53568267822266,25150000
2020-08-26,79.55795223867145,81.86054250084388,79.2944607066863,81.4316177368164,52188000
2020-08-27,81.55445492871448,81.62280478029065,80.17755759803542,80.65848541259766,31350000
2020-08-28,80.70553787302336,81.29393305404557,80.51435629556859,81.19883728027344,22418000
2020-08-31,81.40389025294607,81.449953096901,80.50049170038822,80.70851135253906,26422000
2020-09-01,80.83875938689788,82.17900277714993,80.7084986725955,81.97395324707031,22652000
2020-09-02,82.61435286260449,85.49147748723784,82.22703963118589,85.0600814819336,49522000
2020-09-03,84.17501205081606,84.19878788185247,79.62778233912816,80.70751190185547,63726000
2020-09-04,79.69166780285563,80.9789181114478,76.17364614376099,78.31526947021484,55850000
2020-09-08,75.53126920055102,77.04436739202738,75.11027221808052,75.46192932128906,54032000
2020-09-09,76.71501039797505,77.20137961783531,75.53969369145184,76.6323013305664,39242000
2020-09-10,76.77839946695076,77.94132930171978,75.28362070611884,75.58326721191406,33024000
2020-09-11,75.6872757671779,76.20979986696204,73.94733248622468,75.07361602783203,30706000
2020-09-14,75.86061310091286,77.11616717952286,74.54612580751841,74.7303695678711,42660000
2020-09-15,75.67439749231889,76.81850912194776,75.38762895197046,76.03248596191406,23042000
2020-09-16,76.39703128180564,76.9859252393696,74.8670874705173,74.89185333251953,22128000
2020-09-17,73.59023272087275,74.22667831338956,72.43374183764101,73.65115356445312,40008000
2020-09-18,73.71357269652282,74.05532197086009,70.90628605462157,71.87060546875,63056000
2020-09-21,70.90626965325599,71.32428892547448,69.47291064999759,70.83296966552734,56908000
2020-09-22,71.83246499368731,72.50853448781227,70.8012770688142,72.30298614501953,33950000
2020-09-23,71.92012181710307,71.96915474098076,69.47291186340289,69.80524444580078,37726000
2020-09-24,69.47292772341115,71.22178167009388,69.44667303530416,70.472412109375,34552000
2020-09-25,70.58086753070768,71.61551662390958,69.72055436108712,71.27476501464844,30326000
2020-09-28,72.90575828659614,72.95528245525625,71.63237575187196,72.24553680419922,30784000
2020-09-29,72.505572058924,72.90625457931591,72.01473634931796,72.61007690429688,31816000
2020-09-30,72.35845086835646,73.60954622399498,72.10189711806734,72.5892562866211,40924000
2020-10-01,73.48376399925482,74.04888978050309,73.14399475371995,73.69376373291016,32884000
2020-10-02,72.293564193443,73.25442203752935,71.68535342125188,72.09396362304688,31222000
2020-10-05,72.4431428923293,73.53525148557794,72.31635107000282,73.44263458251953,21602000
2020-10-06,73.0795878999186,73.52633314283509,71.56946004827292,71.86712646484375,26096000
2020-10-07,72.2777366606318,72.7561856589531,70.98602714690402,72.26931762695312,36108000
2020-10-08,72.58183818176148,73.70019413862819,72.58183818176148,73.47236633300781,26076000
2020-10-09,73.93941955614731,74.87997068233433,73.64918207332177,74.81063079833984,32966000
2020-10-12,76.17513722108433,78.67237024533334,75.74423241966193,77.49210357666016,55344000
2020-10-13,78.10725371718881,78.51091381347847,77.19691752122968,77.61493682861328,39072000
2020-10-14,77.98790436626692,78.44603885415056,76.56642535452913,77.4351577758789,33174000
2020-10-15,76.49707537584324,77.82939861046535,76.33016843374361,77.0404052734375,31210000
2020-10-16,77.35539721644541,78.1419115844437,77.14886643795133,77.64613342285156,34194000
2020-10-19,78.05376915654217,78.45000028741373,75.42825518046858,75.77643585205078,29734000
2020-10-20,75.43765890108982,77.95024882966341,75.30838821094517,76.8229751586914,41670000
2020-10-21,77.75263238474066,79.99579072282901,77.61841153833419,78.5520248413086,60322000
2020-10-22,78.50299093291768,79.910594254677,78.1305356462578,79.5757827758789,30512000
2020-10-23,79.99133003663475,80.9358412049653,79.83580465730036,80.87937927246094,30548000
2020-10-26,79.98884506428563,80.71096977316282,77.65009994875733,78.46781921386719,35826000
2020-10-27,78.69764440121118,79.34498037508608,78.10627156885218,79.1904525756836,25902000
2020-10-28,76.7699878111158,76.95819174187838,74.71306085293473,74.82796478271484,45174000
2020-10-29,75.13602694613932,78.6882238840547,75.11274990801195,77.11024475097656,55406000
2020-10-30,82.58613678247883,83.27359537717219,79.32367854725615,80.0438232421875,99878000
2020-11-02,80.41182087807515,82.13046723044356,79.95120007630521,80.45045471191406,44228000
2020-11-03,80.76942769311421,82.16811321292346,79.84571468441665,81.50740051269531,31432000
2020-11-04,84.47516357940994,87.66729207687226,84.34738170376455,86.46968841552734,71342000
2020-11-05,87.68807134509206,88.74650377975182,86.23093656969276,87.29431915283203,39758000
2020-11-06,86.7416022030185,87.59151646054691,86.0155097060747,87.15715026855469,28622000
2020-11-09,88.95256884652888,89.9882082229578,87.04917952883265,87.24085235595703,53440000
2020-11-10,85.6732719266705,87.13981618016682,84.99720237167998,86.06702423095703,43022000
2020-11-11,86.59598336328685,87.31414805235568,86.33150177954062,86.53804016113281,31838000
2020-11-12,86.27900432342662,87.41717604271611,86.07940369874598,86.31961822509766,26474000
2020-11-13,86.57616912622984,88.0189373763228,85.98083620776305,87.7777328491211,29744000
2020-11-16,87.37557173690674,88.87134076750016,87.23639317159765,87.86540985107422,25468000
2020-11-17,87.55979919388194,88.01942997162081,87.14524878033151,87.25272369384766,21314000
2020-11-18,87.00410167631715,87.41816090841624,86.10911462619481,86.21163940429688,20108000
2020-11-19,85.8446150307491,87.3433537546513,85.68562835049408,87.09967041015625,20106000
2020-11-20,87.26957210044257,87.58457543362366,85.93229864739699,86.00064849853516,27694000
2020-11-23,86.1908412115801,86.47661977260348,84.70300005992536,85.56380462646484,22530000
2020-11-24,85.56081856712366,87.49144457321789,85.22550834263211,87.36366271972656,27984000
2020-11-25,87.55733233080412,87.6846154040814,86.59399550711878,87.37506103515625,19600000
2020-11-27,87.39537563730384,89.00357723053922,87.39537563730384,88.50878143310547,14790000
2020-11-30,87.94564290023665,88.17792961578647,86.56824676445946,86.89315795898438,32418000
2020-12-01,87.50038072004872,90.22742954015868,87.32058825901903,88.9218521118164,37350000
2020-12-02,88.92185299674881,90.77323924250796,88.41715688663899,90.38839721679688,29424000
2020-12-03,90.16897056881236,91.32249127239507,89.99363705428325,90.23336029052734,24728000
2020-12-04,90.15313478440204,90.61275805172727,89.82475471651726,90.3284683227539,20544000
2020-12-07,89.92183251709534,90.60236094268264,89.30223249741923,89.9951400756836,22288000
2020-12-08,89.57365858026347,89.94264502456147,88.71978416557877,89.71282958984375,19936000
2020-12-09,89.66478236786917,90.55679934538901,87.26957496710735,88.05509948730469,31728000
2020-12-10,87.29928560071609,87.91294541969803,85.85948741239226,87.54940795898438,28688000
2020-12-11,87.1705112975482,88.02785447821572,86.81093396626306,87.90353393554688,18628000
2020-12-14,87.7014513160674,88.6464535893456,86.63212095784415,86.78714752197266,33050000
2020-12-15,87.1635694178284,87.36861895001778,86.26264985116309,87.2239990234375,21352000
2020-12-16,87.62171669560271,87.62171669560271,86.62867139429869,87.03133392333984,24676000
2020-12-17,87.36516761745172,87.50285735113397,85.74161679590512,86.2052001953125,34880000
2020-12-18,86.48553930809959,86.5940042678722,84.94172742665378,85.4974365234375,85256000
2020-12-21,84.65097756458779,86.03134359423083,83.90160815092943,85.91049194335938,33974000
2020-12-22,85.6514528685141,85.81390843044274,84.4850542798753,85.20024871826172,20370000
2020-12-23,85.38401507930502,86.38349935541012,85.2487966486839,85.59698486328125,22974000
2020-12-24,85.63511475228846,86.29929627707045,85.40480812325238,85.89068603515625,9312000
2020-12-28,86.42311521018222,88.50777783386496,86.27007625611239,87.86192321777344,27650000
2020-12-29,88.51917646313515,88.5805885405759,86.92831193871541,87.05956268310547,19726000
2020-12-30,87.41816723509775,87.55486694912716,85.58560660058905,85.99421691894531,21026000
2020-12-31,86.0447195460967,87.0466825799562,85.98627000202208,86.80597686767578,21070000
2021-01-04,87.17051481537992,87.29383777569227,84.55242988583664,85.49298095703125,37324000
2021-01-05,85.44146836602938,86.51822033346573,85.03582818283809,86.18241882324219,20360000
2021-01-06,84.21166484451052,86.37656533006327,84.0056252787186,85.33200073242188,46588000
2021-01-07,85.52417916422668,88.05311608596125,85.52417916422668,87.8807601928711,41936000
2021-01-08,88.02043050877582,89.11996830738771,87.23093833658534,89.044189453125,35484000
2021-01-11,88.01349202621859,88.37802708213147,86.78122221235388,86.98676300048828,34796000
2021-01-12,86.44540502976464,87.56178078053122,85.01006585841895,86.05264282226562,29528000
2021-01-13,85.55191167589342,86.99171739787953,85.55191167589342,86.53902435302734,23432000
2021-01-14,86.6192485496251,87.54445028738424,85.48999486924536,85.73020935058594,29212000
2021-01-15,85.63610470551805,86.557338778318,84.77876912148749,85.56676483154297,31444000
2021-01-19,86.32852017503099,89.34184591188985,85.82481417418919,88.38247680664062,41660000
2021-01-20,90.45771288409664,94.0906457250515,90.11795132095982,93.1174087524414,64152000
2021-01-21,93.7900248476181,95.69340636712899,93.084730602036,93.31949615478516,58634000
2021-01-22,93.6815563337508,94.32196208500488,92.9406058668475,93.73603820800781,32744000
2021-01-25,94.7355242882723,95.18524723091947,92.08177576243477,93.82122039794922,50586000
2021-01-26,93.41063354446489,94.88460664624404,92.92228430514494,94.49828338623047,31462000
2021-01-27,92.86185848412948,93.13723794973245,89.01694505852133,90.08973693847656,82512000
2021-01-28,90.68705283027275,93.50968842844524,90.68705283027275,91.78659057617188,55278000
2021-01-29,90.83662861742903,91.50625916311677,89.22893338179212,90.50676727294922,44530000
2021-02-01,91.36014419942674,94.87420605547841,91.36014419942674,93.76129913330078,40252000
2021-02-02,94.75484486792932,96.54976147357345,94.42002583322707,95.05152130126953,66332000
2021-02-03,102.30699357996603,104.33816480271625,99.72852470981222,101.97366333007812,97882000
2021-02-04,102.0598159713732,102.48972316227864,100.79584272948951,101.71361541748047,48596000
2021-02-05,102.00731772509081,103.80917192273347,101.53382653647111,103.45702362060547,29866000
2021-02-08,104.01025941523054,104.75318983962504,102.19503607025077,103.2435531616211,28828000
2021-02-09,102.76214180334384,103.93646833616009,102.52440616600971,102.79136657714844,21892000
2021-02-10,103.17520391689519,103.95478811937731,101.64476904759447,103.34062957763672,25102000
2021-02-11,103.5645218292716,103.71310189348283,102.46795409901445,103.45307922363281,20480000
2021-02-12,103.00830594107755,103.98550319284138,102.70122286478392,103.76411437988281,18990000
2021-02-16,103.6016588245308,106.24599833126774,103.6016588245308,104.54022979736328,31004000
2021-02-17,103.71211324161287,105.12170427033345,103.43327244191914,104.93250274658203,20294000
2021-02-18,104.2579195625477,105.09941476379346,103.6799159118869,104.29803466796875,22546000
2021-02-19,104.39609150930389,104.93050352872974,103.18957020129459,103.4560317993164,37938000
2021-02-22,101.71213354235819,103.03603768287125,101.4347740454075,101.74481964111328,29466000
2021-02-23,99.75028762685469,102.64821025750152,98.57348244311923,102.03504180908203,34658000
2021-02-24,100.54523187075476,103.43176569398656,100.4209188959251,103.20838928222656,22608000
2021-02-25,101.82754730737786,103.16828965771158,99.37884811495125,99.8473892211914,41548000
2021-02-26,100.54078166491652,101.85675806887475,99.10742248436003,100.14257049560547,40042000
2021-03-01,101.43477656294935,102.83297076146233,100.76217598741069,102.507568359375,26060000
2021-03-02,102.26885043607274,103.74976147113851,101.86420779911647,102.25102233886719,25564000
2021-03-03,101.63041426269442,102.82108003698221,98.76021959763636,99.62252044677734,33892000
2021-03-04,99.7938950813685,102.75174921117376,99.32634401579678,100.7379150390625,49216000
2021-03-05,102.08608191964105,104.31734469793713,100.43330643253846,103.86515045166016,53100000
2021-03-08,103.22077571333456,104.69078098229744,99.31444321918345,99.4288558959961,36868000
2021-03-09,101.52146866671026,102.22328656489637,100.8206332410298,101.05638885498047,33920000
2021-03-10,102.09845476210063,102.09845476210063,100.01478213556005,100.84983825683594,27100000
2021-03-11,101.94095838451403,104.56845214725212,101.85329162298359,104.0370101928711,27702000
2021-03-12,102.84189255369952,102.90132457610481,100.66312398359679,101.5338363647461,33818000
2021-03-15,101.28520493789203,101.78098319105705,100.43380945781465,101.75374603271484,26168000
2021-03-16,102.32579625344081,104.6878185156379,101.99395487739476,103.21236419677734,31900000
2021-03-17,102.44862669920484,103.96073477582843,101.24260410401793,103.12964630126953,26382000
2021-03-18,101.44369503142143,102.46250383292768,100.0073656743991,100.11434936523438,31700000
2021-03-19,100.52988341440378,100.89193201423502,99.20251043547509,100.39268493652344,46072000
2021-03-22,100.42587303185131,101.45161193261225,99.7507936209147,100.57743072509766,33536000
2021-03-23,101.03606604781163,102.23267958449078,100.44420203085373,101.10441589355469,28510000
2021-03-24,101.62100287036363,102.40553729619415,100.49372917581998,100.66857147216797,25218000
2021-03-25,100.49621315872466,101.31789263996187,98.8637445252711,100.66510772705078,35616000
2021-03-26,100.6319036207268,101.00831896701038,99.24806879374879,100.28223419189453,27978000
2021-03-29,100.15495848510993,101.49471073771208,99.32733130172416,101.3253173828125,26492000
2021-03-30,101.68143348320557,102.16136368838866,100.84786611987286,101.35900115966797,27312000
2021-03-31,101.75175938566446,103.32974601700813,101.3852442961508,102.1539306640625,42570000
2021-04-01,103.62642953491097,105.78092353227542,103.58581563660896,105.48523712158203,39880000
2021-04-05,106.34554307628875,110.39897459955093,106.24945728036417,109.9021987915039,48510000
2021-04-06,109.50398600807345,110.349940034583,109.05179177903032,109.42176818847656,35240000
2021-04-07,109.61197503307099,111.1671760565172,109.61197503307099,110.89625549316406,24134000
2021-04-08,112.13297829066477,112.51881032540636,111.09337131949647,111.46087646484375,28664000
2021-04-09,111.2137416054722,112.62679402663483,110.80859261552649,112.46334838867188,26146000
2021-04-12,111.64363975188911,111.7808306901955,110.34103246237824,111.1731185913086,25024000
2021-04-13,111.48860550102535,112.10672420770086,111.09534448767921,111.65898132324219,25682000
2021-04-14,112.30285272236088,112.30285272236088,110.74716068665896,111.03887939453125,21002000
2021-04-15,112.0314508484042,113.71790254287018,111.49752999108566,113.18546295166016,29174000
2021-04-16,113.38308017201123,113.6307236741499,112.47571401741611,113.06163787841797,26282000
2021-04-19,112.43906809584607,114.11858197870201,112.43906809584607,113.4088363647461,30290000
2021-04-20,113.79168250896858,113.86647132508118,111.79221529986594,112.87639617919922,22288000
2021-04-21,112.53167863878394,112.92543087903039,111.18300863181327,112.84371185302734,23204000
2021-04-22,112.69759831173724,113.36524874098734,110.96013372841314,111.56438446044922,24146000
2021-04-23,112.28154943706252,114.2191132444815,111.99676095387187,113.91252899169922,29066000
2021-04-26,114.1398788335531,115.13095163734104,113.78327158531432,114.40782928466797,32038000
2021-04-27,114.7892053762967,114.82981927452529,113.23053555894302,113.46926879882812,44386000
2021-04-28,118.49740617928417,120.42308213784266,116.55192206744951,116.84017944335938,81106000
2021-04-29,118.33545731512626,119.07491892786257,117.57370113692855,118.51029205322266,41234000
2021-04-30,117.28495055091922,117.96993028023607,116.22206660710967,116.5657958984375,44856000
2021-05-03,117.13091635921127,117.95507465112739,115.67428013665503,116.0497055053711,28242000
2021-05-04,114.58711147339139,115.15371835990615,111.7704163108034,114.25428009033203,44818000
2021-05-05,115.33402873994945,115.64952331817433,114.32611780430196,114.6475601196289,26636000
2021-05-06,114.22952453420945,115.76590728759766,113.57129071075337,115.76590728759766,25190000
2021-05-07,117.08040752159172,117.44493502105412,116.20225855348764,116.488037109375,28898000
2021-05-10,115.30973060797227,115.45138799236379,113.15027926120094,113.50738525390625,30914000
2021-05-11,111.0963461132312,112.9393056208691,110.64315426944027,112.43312072753906,34186000
2021-05-12,110.26029638420344,111.3395271618132,108.64714477876392,108.97551727294922,46376000
2021-05-13,110.2568312457659,110.91655390355615,109.2959732405026,110.40145874023438,33204000
2021-05-14,111.86254580663034,113.1592052262054,111.4395687974577,112.8451919555664,31996000
2021-05-17,112.11167889410602,113.40982723364519,111.71247768556474,113.36723327636719,21598000
2021-05-18,114.03239767436695,114.2963879915566,112.04332196648303,112.05718994140625,22204000
2021-05-19,110.371250830798,112.67730263002257,110.2231620012445,112.50444793701172,23684000
2021-05-20,113.47025527402623,114.51035344458924,113.09978005208858,114.26023864746094,32352000
2021-05-21,114.77830425445694,114.85161180966945,113.38605018885295,113.62527465820312,40632000
2021-05-24,114.65348735993426,117.16260836847114,114.50836863700562,116.93923950195312,31832000
2021-05-25,117.48207860252175,118.07642150981503,116.6400921873996,117.0298843383789,22440000
2021-05-26,117.21066943474094,118.32358405045899,117.20769934480492,117.8936767578125,21572000
2021-05-27,118.32654591291701,118.32654591291701,116.70250387182054,117.02047729492188,35224000
2021-05-28,117.60194882440878,117.68366786266836,116.53361580236005,116.73172760009766,21482000
2021-06-01,117.60292325646189,118.16111114569608,116.60442148804488,117.9367446899414,23354000
2021-06-02,118.33149323213362,118.5538796399955,116.509331890451,117.41224670410156,21158000
2021-06-03,116.18094849891196,116.74012639520443,115.37808723881285,116.27257537841797,18696000
2021-06-04,117.34685607926886,118.82082906375526,117.00708692277624,118.55039978027344,24458000
2021-06-07,118.34585886059564,119.09225825527676,117.92783952826873,118.98279571533203,24120000
2021-06-08,119.46371239236086,119.83566884962734,118.61032939059169,118.7916030883789,24240000
2021-06-09,119.43500068262446,119.50681185923406,118.71534719057304,119.26214599609375,17942000
2021-06-10,119.21162899521303,120.6519260666567,119.05611116199863,120.60883331298828,25904000
2021-06-11,120.8500260476855,120.93521395927317,119.8079402818054,120.3646469116211,21958000
2021-06-14,120.46667136672363,121.29181966635244,119.76039466436602,121.29132843017578,22098000
2021-06-15,121.29579046273996,121.61822280252001,119.91493300608863,120.27500915527344,21562000
2021-06-16,120.42606532585692,120.73710853572372,118.34388130175334,119.63410186767578,26472000
2021-06-17,119.55981676846635,121.36761143590337,119.36417627217469,120.59595489501953,25842000
2021-06-18,120.22297834428463,120.45675384325314,118.88372504209245,118.97882080078125,46116000
2021-06-21,119.36465429629425,120.85001635955138,118.76832384802688,120.6642837524414,27414000
2021-06-22,120.60239554716594,121.24627021764076,119.92286468345308,121.17742156982422,22390000
2021-06-23,120.94264518399315,121.93519924591817,120.68609141467088,120.975830078125,19148000
2021-06-24,121.54342580129659,121.8955741299516,121.14720225046123,121.3453140258789,21362000
2021-06-25,120.85003083307085,121.47706739414184,120.41913355136293,121.3537368774414,34594000
2021-06-28,121.52212486149851,121.62762727603534,120.26112916843773,121.38097381591797,28526000
2021-06-29,121.51420801698202,121.86140619474826,120.54394097768125,121.11995697021484,23108000
2021-06-30,120.8445844421565,121.10461466323201,120.21061765850376,120.93869018554688,24474000
2021-07-01,120.57762855604811,121.4315029306008,120.38595573611427,121.29035186767578,18110000
2021-07-02,121.98919501918171,124.22194673760366,121.89954818912742,124.07682800292969,25982000
2021-07-06,124.46414196993973,125.23629728290413,123.40818815923684,125.00054168701172,26404000
2021-07-07,125.96337112785648,126.08421522849032,124.96387932066273,125.28185272216797,24060000
2021-07-08,122.85694660020272,124.41164887036703,122.85298648028281,123.86534881591797,23790000
2021-07-09,123.84651726271859,124.54932511010205,123.37747738496,124.33536529541016,18632000
2021-07-12,124.98864215287456,125.87174119358639,124.42698538906748,125.77862548828125,17668000
2021-07-13,125.84103662468263,126.85042877825639,125.48046925037704,126.14118194580078,19240000
2021-07-14,126.75185929795776,128.10746703874537,126.70876655078862,127.02822875976562,23742000
2021-07-15,127.4363699310443,127.48688413170937,125.33734014033222,125.807861328125,24218000
2021-07-16,126.45965431837553,126.60675311071445,124.96438421147906,125.77318572998047,20424000
2021-07-19,124.9009824416762,125.01539513075979,122.34084076103703,123.40373229980469,27968000
2021-07-20,124.34426586075064,125.84548355965671,123.17836596330832,125.01984405517578,26312000
2021-07-21,124.94456356694099,126.39327953934199,124.83559982340273,126.34672546386719,20746000
2021-07-22,126.63894259015407,127.27191930760111,126.29719335532684,127.21099090576172,14302000
2021-07-23,129.20104334300564,132.1415677244084,128.57699207370425,131.7611846923828,41506000
2021-07-26,132.07175342893328,132.97168302546814,131.05442593897925,132.77159118652344,30572000
2021-07-27,132.98504602981706,133.13214480421553,128.87763168036102,130.6566925048828,54710000
2021-07-28,135.02711991535966,136.99340991482225,134.00237098890494,134.81117248535156,95130000
2021-07-29,134.86663652248504,135.37282138017332,134.26536345852853,134.49765014648438,31716000
2021-07-30,133.76215245736805,134.02911285341315,132.98950601160692,133.45655822753906,25576000
2021-08-02,133.84338139700745,134.0608100761032,132.5328540287545,133.58335876464844,21634000
2021-08-03,133.86120286667253,134.45257562502817,132.06282508292418,134.35154724121094,20762000
2021-08-04,134.07370952688117,134.37088477508493,133.2193363564058,133.85182189941406,19676000
2021-08-05,134.40157667568067,135.06477578694478,133.5749394991409,134.96719360351562,17870000
2021-08-06,134.759697122158,135.18613554912025,133.9355386963067,134.45904541015625,20488000
2021-08-09,134.6611252700337,135.89092386932936,134.06379711294062,135.62246704101562,17760000
2021-08-10,136.04741694474782,136.473870441245,135.07913745799993,135.51747131347656,19414000
2021-08-11,135.88841987989014,136.38468931368453,134.98699398238975,134.9944305419922,15352000
2021-08-12,134.69381269773547,136.00583677321742,134.1490089953672,135.9008331298828,16506000
2021-08-13,135.9562830728058,136.55707249857926,135.7413332281866,136.4292755126953,15948000
2021-08-16,136.22867768916447,137.0582924489466,134.02366211168172,137.0057830810547,22384000
2021-08-17,136.45157763049883,136.96222146374024,134.7993008134567,135.3733367919922,21716000
2021-08-18,135.21335999313266,135.8121693920602,134.04597111672172,134.17227172851562,19258000
2021-08-19,133.16830111355839,135.06722357653223,132.98454856339302,134.40106201171875,21782000
2021-08-20,134.71806434850964,136.25741719492962,133.9751338465877,136.13409423828125,31194000
2021-08-23,136.66899066758523,139.54660679094027,136.31040338039173,138.72146606445312,28454000
2021-08-24,139.28609523311977,140.74075898991882,139.01567348257018,139.9299774169922,19268000
2021-08-25,140.2900611558722,140.84923916395852,140.04341521085385,140.73977661132812,15848000
2021-08-26,140.41386126677486,141.075065164361,140.02456037327326,140.10728454589844,20610000
2021-08-27,140.31728540087127,143.15032775638406,140.1632488403668,142.64662170410156,28780000
2021-08-30,143.03890505074344,144.59461255690007,142.8041394545751,143.2276153564453,24434000
2021-08-31,143.77884397500796,143.80310348475496,142.92100957240294,143.3335723876953,22448000
2021-09-01,143.63322637559537,144.87540396369636,143.51782366106966,143.84669494628906,21936000
2021-09-02,143.84718882858917,144.14782535950548,141.8353273499022,141.93637084960938,32342000
2021-09-03,141.73184334739216,142.79620869202296,141.05824509717957,142.38462829589844,19850000
2021-09-07,142.4787218019784,143.20233539694476,142.26525322192012,142.92051696777344,20124000
2021-09-08,142.74173490823725,143.03889504845884,141.65209734422024,142.33657836914062,18344000
2021-09-09,142.48466472180607,142.9502357286335,141.8279196972411,142.18798828125,15314000
2021-09-10,142.85313246004708,143.35437470340688,139.411396021292,139.548095703125,36840000
2021-09-13,140.61147464793981,141.60254742162573,139.9185746785746,140.99087524414062,22094000
2021-09-14,141.64763485948765,142.01167869452308,140.41387617006407,141.2008819580078,19674000
2021-09-15,141.42573878807053,143.08891341943206,140.0151653694078,143.068115234375,27408000
2021-09-16,142.5936227227182,142.9398308741866,141.05922759081184,142.25633239746094,26190000
2021-09-17,141.68229870784387,142.09783918596045,139.14593285849304,139.4728240966797,53384000
2021-09-20,136.85918731338376,137.68978457112166,135.03703359355418,137.41192626953125,46518000
2021-09-21,138.4321958220038,138.69173475427118,136.97456979718643,137.7224578857422,25332000
2021-09-22,137.99093729311895,139.5590087402755,137.24552785356187,138.96119689941406,25056000
2021-09-23,139.65854119567996,140.36085773026602,139.07806633946038,139.8848876953125,20952000
2021-09-24,139.21377034291453,140.98888617782234,138.91907399808437,140.8744659423828,22984000
2021-09-27,139.4772986606459,140.60061237801688,138.7472460145976,139.74227905273438,21882000
2021-09-28,137.34802029105808,137.7853564830618,134.08408116624037,134.54965209960938,45772000
2021-09-29,135.6888354361308,135.85822880609126,132.60320680070598,133.08709716796875,30848000
2021-09-30,132.99594577873873,134.26486166268856,132.29709055592656,132.41595458984375,37996000
2021-10-01,133.18019830322703,135.61999474858516,132.80923183052033,135.25595092773438,35360000
2021-10-04,134.67891789407685,134.67891789407685,129.8147127344606,132.3996124267578,51202000
2021-10-05,132.77754737931195,135.9310423000805,132.77754737931195,134.74085998535156,32404000
2021-10-06,133.4798722971429,136.45159487147632,133.28176048184653,136.26834106445312,24364000
2021-10-07,137.58280506274824,138.72197425447405,137.34407938421361,137.9126739501953,25110000
2021-10-08,138.26131910153538,139.00820959141265,137.90521071238433,138.46786499023438,26526000
2021-10-11,137.9790418985693,139.3856551740966,137.55010956888324,137.60459899902344,17954000
2021-10-12,138.1652623909544,138.19201587064128,134.48032576565427,135.162841796875,36332000
2021-10-13,136.1073286205011,136.6992001618353,135.23215741372877,136.28514099121094,19654000
2021-10-14,138.1593012632748,140.00523062194034,137.51641675537215,139.82049560546875,31894000
2021-10-15,140.2796283145094,140.3821530750547,139.42823295670377,140.0354461669922,30274000
2021-10-18,139.74672063679765,141.4500103351122,139.7397828702763,141.4321746826172,20396000
2021-10-19,142.03590438610263,142.30832126285318,141.25583655099084,141.88682556152344,20164000
2021-10-20,141.98688902177523,142.19293614617558,140.04387612604899,140.43267822265625,23288000
2021-10-21,140.4326824733916,140.81604319627527,139.1756468498999,140.548583984375,26292000
2021-10-22,137.8383760818884,139.25786739704128,134.77354570706362,136.26980590820312,50588000
2021-10-25,136.25345419885457,136.69920946760487,134.14748690052696,136.15142822265625,34412000
2021-10-26,137.95083307961485,138.76259726410524,137.00087279154582,137.9954071044922,49236000
2021-10-27,138.0909634675946,147.24881500925127,138.0909634675946,144.83924865722656,85782000
2021-10-28,145.74761793016637,145.77089496837942,143.26374634339527,144.47422790527344,36206000
2021-10-29,143.71048698452512,146.84466433843326,143.2860287173303,146.6505126953125,43320000
2021-11-01,146.6505105104067,146.6505105104067,141.87543820787974,142.14437866210938,46924000
2021-11-02,143.2167042160869,145.22706960553992,142.97500087453776,144.06166076660156,33482000
2021-11-03,144.5252514271149,145.28651643687795,143.22810059076318,145.2161865234375,27494000
2021-11-04,145.73770266628088,148.32211896882083,144.92890116234534,146.86993408203125,38412000
2021-11-05,147.76341051453076,148.91049982568654,146.80008886811825,147.44891357421875,38354000
2021-11-08,148.4127735515712,149.19533561844582,147.0314171315212,147.6262664794922,23052000
2021-11-09,147.82632017760048,148.42215184426283,145.8570526859016,147.51478576660156,19530000
2021-11-10,146.1096586376128,146.6742930482063,143.17508933638337,144.51829528808594,29970000
2021-11-11,145.10869397753137,146.144839595857,144.22806618195017,144.3925018310547,16518000
2021-11-12,145.23347643622148,147.44692595196187,144.04033190788914,147.2765350341797,22360000
2021-11-15,147.49694730851232,148.1398318289553,146.18394111280924,147.05267333984375,23508000
2021-11-16,146.75303721658253,147.36025044711448,145.92392127932118,146.48211669921875,18904000
2021-11-17,146.63217234150972,147.159155351601,145.85210447494438,146.6514892578125,19594000
2021-11-18,146.8441551156724,149.1611118388051,146.49052556955746,148.4261016845703,35608000
2021-11-19,148.56182849438522,149.5434998037264,147.49548317893243,147.52272033691406,33682000
2021-11-22,147.92489515967466,148.4172045095236,144.76991940785044,144.92295837402344,30594000
2021-11-23,144.7753725898354,145.2775973941184,142.75658818830502,144.40786743164062,27218000
2021-11-24,144.10228521004993,144.87097172353685,143.01216391215584,144.74269104003906,18040000
2021-11-26,142.9878581645666,143.19488775564477,140.50548313123517,140.8427734375,30470000
2021-11-29,142.64266132158292,144.91850577608645,142.5371588988237,144.1587371826172,32596000
2021-11-30,143.64163495599894,144.6237898271877,140.2667519662039,140.55996704101562,42068000
2021-12-01,142.64264793268592,144.57476289409172,139.5837581329981,139.72193908691406,34020000
2021-12-02,139.91857980536682,142.50843750575342,138.89283327720514,141.618408203125,29194000
2021-12-03,142.32668327067537,143.03890027570796,138.9785378288507,140.6630096435547,41230000
2021-12-06,141.69221087618186,142.4965535356968,138.82895354878866,141.80563354492188,30618000
2021-12-07,144.2241282234858,146.14040313816378,143.8586030912752,145.88136291503906,32240000
2021-12-08,146.20525307367103,146.9942539766536,145.0259839079488,146.78968811035156,24270000
2021-12-09,146.1998038220425,147.69458257877415,145.72829267560041,146.24685668945312,23270000
2021-12-10,147.2983475495059,147.57322820089257,145.32115971227452,146.60643005371094,24458000
2021-12-13,146.3885089845114,146.57523920094434,144.14585701731025,144.4519500732422,27070000
2021-12-14,142.61095145594314,143.11811878414613,139.88389547091273,142.55052185058594,38446000
2021-12-15,142.057220419799,145.33799793275747,140.3425340803802,145.06063842773438,36370000
2021-12-16,145.78328493890672,146.28501095434962,142.25336717682623,143.08348083496094,33650000
2021-12-17,141.1568185708795,142.47874293853084,139.96813259538033,140.38912963867188,50416000
2021-12-20,138.6803394180137,140.43811828244137,138.0077389253987,140.27218627929688,27192000
2021-12-21,140.71450164649497,142.5128946761984,139.17812644459522,142.12013244628906,28756000
2021-12-22,141.71894670487805,145.1190870300756,141.71894670487805,145.03488159179688,26322000
2021-12-23,145.1190536355252,146.84611871801042,145.07150198449952,145.53163146972656,26384000
2021-12-27,145.8679480552697,146.9456899272966,145.7822613566382,146.51231384277344,15976000
2021-12-28,146.8387318072272,146.9011414809302,144.67780630211075,145.30433654785156,18200000
2021-12-29,145.26222969189286,146.02745475759826,144.27463333879814,145.2726287841797,17788000
2021-12-30,145.31125094205046,145.9115415190522,144.61835101429233,144.82240295410156,15688000
2021-12-31,144.67332366033148,145.3157093947341,143.4866180419922,143.4866180419922,18136000
2022-01-03,143.6877255099792,144.47622772983613,142.35837972175685,143.6248321533203,28646000
2022-01-04,144.025488639684,145.10422816379875,142.3618304239217,143.03839111328125,28400000
2022-01-05,143.0587024090049,143.13745135306127,136.3901632285162,136.47633361816406,54618000
2022-01-06,135.70713337714608,138.6209041200975,135.2712784737683,136.44906616210938,37348000
2022-01-07,136.84333622696138,137.14348910378652,134.48676280437064,135.72547912597656,29760000
2022-01-10,133.8047579348391,137.51099140949978,131.90929663777965,137.36239624023438,44408000
2022-01-11,136.7061624010073,138.89434020648147,135.40405384594243,138.41885375976562,28730000
2022-01-12,139.81952326901038,141.26378799505596,139.36832657676754,140.09738159179688,26108000
2022-01-13,140.20585383753698,141.5035186270779,137.10436954275085,137.28070068359375,31436000
2022-01-14,135.7868732920058,139.41535500972142,135.70714188822194,138.16574096679688,29662000
2022-01-18,134.89142851777413,135.8389098452004,134.1618746973883,134.71609497070312,34872000
2022-01-19,135.2366308573954,136.659099745999,133.74284958736126,133.8428955078125,28648000
2022-01-20,134.96571815865502,136.3287551036395,131.7111798903732,132.0509490966797,29908000
2022-01-21,131.34367390126937,133.59424596274727,128.86030124010927,129.122802734375,55652000
2022-01-24,124.79050132072317,129.9662554007094,123.32643640831691,129.57101440429688,76622000
2022-01-25,127.5264963501833,128.17928120048109,125.30810404425327,125.7385025024414,46960000
2022-01-26,129.8830553886259,131.7463215282663,125.9435382450709,128.01483154296875,49130000
2022-01-27,130.06631929518292,131.40210375696927,127.71716755242338,127.78899383544922,31950000
2022-01-28,128.43683914357985,132.09949641780102,127.27390918310897,132.0940399169922,34362000
2022-01-31,132.8974020956584,134.19604930787796,130.96330681145255,134.02813720703125,39986000
2022-02-01,136.2975399437779,136.49417046627246,133.1019500878879,136.34657287597656,68644000
2022-02-02,149.8242998123169,150.11799855990103,144.15079454769148,146.6049346923828,123200000
2022-02-03,144.33209690892662,148.26417842133202,141.32074324186965,141.74124145507812,71518000
2022-02-04,142.0923982148257,143.50941059648488,139.19050728126922,141.94232177734375,57998000
2022-02-07,142.89028927583428,142.89028927583428,137.59071270904863,137.88888549804688,54974000
2022-02-08,137.7160660257319,138.68038551814524,135.72253850690106,138.08505249023438,54284000
2022-02-09,139.63476944444088,141.18105994739093,138.8655843121402,140.25733947753906,40144000
2022-02-10,138.386621843763,140.15082432499415,136.6565791617726,137.31332397460938,39330000
2022-02-11,137.29356222530336,137.8448048052889,132.1425653416151,133.01675415039062,39958000
2022-02-14,132.00041169653696,135.01522615488605,132.00041169653696,134.24851989746094,34302000
2022-02-15,136.27376928506482,136.80670770122907,134.54126220495533,135.3208465576172,26680000
2022-02-16,135.35849391777094,136.7844243573178,133.65222627025838,136.43971252441406,25022000
2022-02-17,134.95876898649715,135.82106231860794,131.22975729540616,131.28968811035156,38950000
2022-02-18,132.20894242873914,132.80627055380495,128.96927736418834,129.173828125,45620000
2022-02-22,128.61414903757367,130.93456750573523,127.01486532309565,128.5898895263672,44990000
2022-02-23,130.40757990733792,130.80628231511255,126.32542227304695,126.3853530883789,32786000
2022-02-24,123.77569929866215,131.746354920063,123.77569929866215,131.4402618408203,54456000
2022-02-25,132.29311543596697,133.99640480515075,130.50958076102134,133.1920623779297,36406000
2022-02-28,131.79586516819953,134.47189303756042,131.34267336042723,133.78395080566406,38864000
2022-03-01,133.60712128280522,134.97114050786368,131.96278003223856,132.79782104492188,26496000
2022-03-02,133.35901024990838,133.98752054186207,131.81717846328633,133.30303955078125,23520000
2022-03-03,134.72793939726262,135.15339520473532,131.7715747427507,132.63734436035156,24604000
2022-03-04,131.67453429885822,132.58982070864644,129.1089360838298,130.66314697265625,30430000
2022-03-07,130.24861415155377,130.49328002986726,125.1045544925342,125.18727111816406,45112000
2022-03-08,125.05998008924574,130.01285058782975,124.48990421117998,125.90642547607422,40428000
2022-03-09,130.01282521138089,132.47490076693822,128.6760431854183,132.16236877441406,37026000
2022-03-10,130.02868267785485,132.01577069786407,129.6785144341432,131.18121337890625,27102000
2022-03-11,132.23024024414997,132.53435325187561,128.4096014176675,128.64634704589844,31526000
2022-03-14,129.022259756083,129.17975763176182,124.09415576058076,124.76377868652344,38812000
2022-03-15,125.77913076308056,128.63050764865514,124.53546423512067,127.98018646240234,30920000
2022-03-16,129.50071256727477,132.07619590093205,127.52104583130303,132.02420043945312,35576000
2022-03-17,131.89395505470344,132.8166781087835,130.93903713264967,132.57745361328125,28264000
2022-03-18,132.16684745611494,134.9597747513969,131.01183774576378,134.84239196777344,44566000
2022-03-21,134.8800155945873,135.75816449036662,132.82853776609664,134.818603515625,26832000
2022-03-22,134.8185995466438,139.72045622435598,134.8185995466438,138.54959106445312,35496000
2022-03-23,137.39509925472657,138.2727494521605,136.53578350471344,136.9721221923828,25154000
2022-03-24,137.8879131077777,140.2841181680178,136.45208246480055,140.23756408691406,26396000
2022-03-25,140.57830645229447,140.69618802841327,138.42034355673357,140.3376007080078,24126000
2022-03-28,139.5723701734137,140.66398768557863,138.49363060700367,140.1221466064453,35050000
2022-03-29,141.3029063704736,142.43810026531608,140.6996381193691,141.1622314453125,34318000
2022-03-30,141.11718519835287,141.37522780253792,140.26529091446844,140.60060119628906,19884000
2022-03-31,140.71401605414036,140.7685054892629,137.71407413016144,137.7566680908203,37524000
2022-04-01,138.18507141556094,139.1469118661108,137.0038070973183,138.82943725585938,25942000
2022-04-04,139.03549416177395,142.35738462904985,138.98794249570614,141.6238555908203,25942000
2022-04-05,141.52232030143693,141.64266561089818,139.05926203677285,139.2657928466797,21418000
2022-04-06,137.44211898006552,138.04686841484613,134.23959209322598,135.26087951660156,32468000
2022-04-07,134.72798082207154,135.87160904442194,132.9622812413239,134.60763549804688,26234000
2022-04-08,134.30547574358152,134.39116244363444,131.71215695928404,132.0311279296875,25142000
2022-04-11,130.58093686472841,130.84739849692966,127.45567701767428,127.60921478271484,36884000
2022-04-12,130.35954686473357,130.35954686473357,125.59389066736169,126.51066589355469,32710000
2022-04-13,126.79345728334249,129.10545636823446,126.53689598688813,128.6696014404297,27928000
2022-04-14,129.24961528064816,129.24961528064816,125.40766436187617,125.53545379638672,31598000
2022-04-18,125.80289311850134,127.00395800091283,124.99260283196493,126.47301483154297,20808000
2022-04-19,126.48789370567695,129.1044900573134,125.80241508106144,128.78355407714844,26490000
2022-04-20,129.65819821919953,130.16042293885656,126.29817321753465,126.83307647705078,31696000
2022-04-21,128.03169266207186,128.87219024780205,123.35271317406067,123.63800048828125,36446000
2022-04-22,123.82174062602672,124.21995176709888,117.80400705459354,118.50780487060547,56884000
2022-04-25,117.9783448116081,122.1154753014406,117.39390981440351,121.91389465332031,46128000
2022-04-26,121.14175631057378,121.35522489023224,117.39391885369488,117.53160858154297,73054000
2022-04-27,113.39051664375937,116.13688235648152,111.67385763846296,113.21717071533203,91820000
2022-04-28,115.31767110037897,118.52167974527936,113.03934791722725,117.40530395507812,48884000
2022-04-29,115.63414626331097,116.80847271243297,112.74167228320682,113.03388977050781,42676000
2022-05-02,112.33603962239242,115.64505184129835,111.53862727592032,115.48408508300781,35534000
2022-05-03,115.33302506917498,117.32556979563245,114.94076162538525,116.22801208496094,24968000
2022-05-04,115.92835986523224,121.69647018478724,114.03091100326057,121.10856628417969,49916000
2022-05-05,119.07095756816793,119.89808593817084,113.92145713876644,115.40731811523438,45840000
2022-05-06,114.09876512717945,116.46326613947373,112.94078546602168,114.65546417236328,39710000
2022-05-09,112.18251024510543,113.99229246586657,110.94479148642294,111.45047760009766,40802000
2022-05-10,114.41872804342833,115.15422955384565,111.83629934235512,113.31671142578125,39900000
2022-05-11,112.16912984325442,115.26764350397949,112.16912984325442,112.53167724609375,37534000
2022-05-12,110.32766589353677,113.21766151040819,108.78930297233798,111.78034210205078,53836000
2022-05-13,113.45339865412404,116.76389949892088,112.53415223366756,114.95659637451172,35038000
2022-05-16,113.87192754882359,115.07498009851662,112.8159813449991,113.36624145507812,25990000
2022-05-17,115.73915065465215,115.7980914346333,113.78722760923657,115.37511444091797,23054000
2022-05-18,113.91600305749868,114.31223414484674,110.50396737393191,110.8447265625,35126000
2022-05-19,110.38114796918116,111.9447678514437,108.96313804874286,109.34352111816406,34144000
2022-05-20,110.89574757041693,111.12606177172583,104.79926453382097,107.88143157958984,48962000
2022-05-23,108.55452759041016,111.09039456188339,107.71600254425863,110.4371109008789,37184000
2022-05-24,104.77499864935818,105.45502825992726,100.92413760249049,104.97113037109375,76780000
2022-05-25,103.99590668358864,105.49613450260898,102.87755077701198,104.80768585205078,40258000
2022-05-26,104.6808904254116,107.62536770750384,104.23314753165975,106.77645111083984,37948000
2022-05-27,108.45100237724625,111.25927843517611,108.10974441375481,111.2577896118164,37914000
2022-05-31,111.68375119356135,114.64408411321045,111.02204847773712,112.68968200683594,50012000
2022-06-01,113.77237869617002,115.99770128554901,112.18250412043044,112.81845092773438,36606000
2022-06-02,112.92543446799303,116.78817573341432,111.88186743338352,116.51378631591797,37992000
2022-06-03,114.96849217131312,115.22505349151253,112.44847324423242,113.46133422851562,26136000
2022-06-06,115.60444124136708,118.22203484000119,115.06903914035705,115.71935272216797,33542000
2022-06-07,114.3919906788559,116.58165730848161,113.96753234076662,116.04525756835938,31590000
2022-06-08,115.66089139138923,117.45284525112088,115.50091467466366,116.08931732177734,26108000
2022-06-09,115.23098481308054,117.18390542976788,113.69411097831355,113.7530517578125,25798000
2022-06-10,111.38508794278529,112.21122625756998,109.3256823347158,110.11368560791016,41452000
2022-06-13,105.7799394786192,107.76603781558968,105.1187355033318,105.38965606689453,47252000
2022-06-14,105.53079987627487,106.90719827486238,104.80272741507743,105.7095947265625,33706000
2022-06-15,107.52184819954677,110.37321720506895,106.6546047522059,108.7298583984375,39698000
2022-06-16,106.21034141935115,107.62438376681095,104.14697548134566,105.0340347290039,51684000
2022-06-17,105.03403760367898,107.67490846942401,104.05584267457326,106.13357543945312,51376000
2022-06-21,107.90273403913129,111.42918283752849,107.57634157870834,110.49259185791016,47416000
2022-06-22,109.51439089534087,112.27808553314208,109.34202746291359,110.43661499023438,30774000
2022-06-23,111.17359901614837,111.67978387662868,109.45892028477276,111.18399810791016,28362000
2022-06-24,111.92991405965786,116.9659920122871,111.88781133853583,116.86296844482422,41164000
2022-06-27,117.15816533978835,117.46177198860401,114.09381876102695,114.74166107177734,36420000
2022-06-28,114.71093996164035,116.20373868185764,110.79371689299163,110.95171356201172,35792000
2022-06-29,110.50051652384064,112.0938524988512,109.82741711494367,110.64860534667969,24716000
2022-06-30,108.9631408714663,109.84277107418012,105.74377534571843,107.9359130859375,43170000
2022-07-01,106.91561856393403,108.22020580753811,105.72445397417482,107.71253967285156,35476000
2022-07-05,106.09097052516007,112.30830502629904,104.73487148190064,112.19538116455078,39342000
2022-07-06,112.23402443600865,114.49996109393334,110.42523220637499,113.49205017089844,37432000
2022-07-07,113.99525457205867,118.06601541008106,113.75107996208602,117.66334533691406,40936000
2022-07-08,116.14480464976064,118.55684998677997,115.7995865179468,118.22847747802734,38238000
2022-07-11,116.8857405832628,116.8857405832628,114.24338136971222,114.58612060546875,31196000
2022-07-12,115.1195582947248,115.87140665042774,112.61836489266997,112.94574737548828,29960000
2022-07-13,110.64809930840663,113.11958408095617,110.15331111772146,110.30387878417969,43722000
2022-07-14,109.1716687492419,110.04585008459887,107.35148734064299,109.32718658447266,37004000
2022-07-15,110.9447897246164,112.0740435098507,109.85466101364264,110.72388458251953,46770000
2022-07-18,111.57825390635203,112.60845176541036,107.34850628382924,108.00228118896484,43164600
2022-07-19,109.8051004358804,112.9452174599132,108.52725937100274,112.73719787597656,36530900
2022-07-20,112.10326311823246,114.31224656898476,111.41977216468759,112.82638549804688,35600400
2022-07-21,113.20279789657461,113.47025711440008,110.06268006419117,113.2622299194336,32676200
2022-07-22,109.95371241453788,111.28107792780779,105.49612947881336,106.8829345703125,48901200
2022-07-25,107.38812296448917,108.83435998981076,105.29801137565637,106.4966049194336,34690900
2022-07-26,105.5951837606774,106.18952663157644,103.08903282410867,104.03007507324219,47991000
2022-07-27,108.23010920159255,112.83627946604071,106.99189179488495,111.9942855834961,59858500
2022-07-28,111.31079605080369,113.2622203589268,110.40937014030533,113.14335632324219,32816600
2022-07-29,112.01410659400565,115.60988739252207,111.99429088237237,115.22356414794922,37223400
2022-08-01,114.21318346288767,115.61979670741562,113.26222578696031,113.77732849121094,26034300
2022-08-02,112.9254310661027,115.25327835289927,112.64807156741777,114.0447769165039,20236000
2022-08-03,114.61930192229752,117.50187551992418,114.39147416372678,116.96696472167969,28499000
2022-08-04,116.37264394653926,117.66038569063144,115.78820132098609,117.0759506225586,21602900
2022-08-05,115.13442225860744,116.996698705037,114.90658690755124,116.36273193359375,19159500
2022-08-08,117.27405799513392,119.01747039195752,115.77828910409572,116.1943359375,19138300
2022-08-09,116.0358421530729,116.21414578212966,114.61932097708862,115.53064727783203,19086500
2022-08-10,117.66037481224664,119.78020250101322,117.29386728055461,118.57170104980469,30930400
2022-08-11,120.13681346327724,120.34483309629736,117.44245097514634,117.71981048583984,24293700
2022-08-12,119.12641458079918,120.53302764892578,118.33395246940117,120.53302764892578,19096300
2022-08-15,119.98821053988004,121.14718771520661,119.47311545110738,120.92926025390625,19494800
2022-08-16,120.37454519947742,121.27597113744898,119.50284282881232,120.55284881591797,19041200
2022-08-17,118.98774543977429,120.14671514597028,118.25471527634345,118.4231185913086,22847000
2022-08-18,118.30424698639806,119.6811441703863,117.60094038977294,119.03726959228516,17987700
2022-08-19,117.93774699026473,118.02690258693414,115.65943115149652,116.10518646240234,21809500
2022-08-22,114.11411997895853,114.54006709454625,112.77684661152537,113.16316986083984,21456600
2022-08-23,112.41032780841033,113.92590464344327,112.36079609116287,112.7867431640625,15870400
2022-08-24,112.43014332846406,113.6980767753064,111.80608446063744,112.61835479736328,17734600
2022-08-25,113.16316633053552,115.61979306048023,113.03439443727451,115.55045318603516,16956800
2022-08-26,113.63866138956425,114.03489253906723,109.15136194833346,109.29994201660156,37245700
2022-08-29,108.95323007744102,109.90418019250721,107.77445217888464,108.38860321044922,21191200
2022-08-30,109.13154119164547,109.45843244169193,106.7838855317196,107.91313934326172,27513300
2022-08-31,109.60701580275753,109.80512758191875,107.11076506343836,107.19992065429688,28627000
2022-09-01,107.25935968056825,109.40890361050023,106.34803334494922,108.70559692382812,28360900
2022-09-02,109.54758301202008,109.6961706343394,106.24897709542937,106.83341217041016,24160700
2022-09-06,106.28859410286454,107.01170889666186,104.7829173782116,105.80320739746094,25068300
2022-09-07,106.05084101834052,108.94332259646582,105.892353121685,108.4183120727539,23167000
2022-09-08,107.02162214412529,108.56691525636909,106.14991969368934,107.35841369628906,24238300
2022-09-09,108.04191626225722,109.9438167112651,107.99238453450448,109.60702514648438,23197700
2022-09-12,109.94381249512503,110.56787898796314,108.89380641286198,109.8150405883789,22966800
2022-09-13,106.78387045172992,107.27915740640867,103.10883459743195,103.336669921875,38172900
2022-09-14,103.58431444800893,104.28762102387624,102.68289611125587,104.01026153564453,26395100
2022-09-15,103.04941765722538,104.27772736843421,101.38525294374102,101.93997955322266,34188300
2022-09-16,101.10789415037412,102.15790023712232,99.98854818162332,101.83101654052734,42797200
2022-09-19,100.79090754857049,102.3560163297047,100.59279576557026,102.09846496582031,23036800
2022-09-20,101.11780281015771,101.40507019715866,99.57250212292915,100.18666076660156,26517100
2022-09-21,100.71164830253635,101.91024183491061,98.33426939083203,98.34417724609375,31487300
2022-09-22,97.88852564747053,100.28571299374859,97.8588096356747,99.19608306884766,34298600
2022-09-23,98.69086760826414,98.72059117133952,96.55123207302655,97.80925750732422,31625400
2022-09-26,97.1753195378149,98.93854025999183,96.87815183667855,97.24465942382812,27072700
2022-09-27,98.49276343972531,99.05739026191908,95.95689666741349,96.5809555053711,30072800
2022-09-28,96.72955443737825,99.75080065991985,96.19464356038361,99.10693359375,32466300
2022-09-29,97.71022581973406,97.71022581973406,95.05548700550042,96.50172424316406,31047200
2022-09-30,96.13521058040764,97.96777098525601,94.65924986585827,94.74840545654297,32941500
2022-10-03,95.84794390746448,98.35409495883162,95.61020070223094,97.71022033691406,27982000
2022-10-04,99.49324488556717,100.88004229890332,99.43380531251056,100.68193054199219,28850800
2022-10-05,98.88901332468096,100.96921740441856,97.86872322008227,100.47393035888672,22176900
2022-10-06,99.73098951026391,101.95978098541211,99.6418339213685,100.4640121459961,22324000
2022-10-07,98.90880951525219,99.58240011798391,97.37342439434227,97.74983978271484,27502800
2022-10-10,98.0668223782474,98.16587826309313,96.09558230714255,96.93756866455078,18225100
2022-10-11,96.51162053902081,98.31446483110562,95.40217499101496,96.26397705078125,26507100
2022-10-12,96.3828523219572,97.81918158553775,95.82812574805676,96.64039611816406,21876400
2022-10-13,94.25311107903103,98.83946566046866,93.49036491970648,98.12625122070312,34574500
2022-10-14,99.04748737926585,99.74089368039773,95.46161450854994,95.64981842041016,25410700
2022-10-17,97.92813420455217,99.97862183015008,97.89841819740245,99.02767181396484,28419200
2022-10-18,102.15790003840424,102.49469914853343,99.02768994018629,99.82014465332031,24060700
2022-10-19,99.06731041769221,100.06778474217612,97.98758079988396,98.69088745117188,23811100
2022-10-20,99.05738782111455,101.35551891626525,98.45313715080744,99.02767181396484,25323200
2022-10-21,96.92766115141708,100.35504617005535,96.79888925641042,100.17674255371094,32458700
2022-10-24,100.84043534742486,101.78147761626212,99.0375909853776,101.55364227294922,27176400
2022-10-25,101.93006943778678,103.83196976605646,101.751765809669,103.49517822265625,40611400
2022-10-26,95.52104771456979,97.38332404744001,93.79745113215374,94.03518676757812,88114100
2022-10-27,93.62906208630032,94.53048815913598,90.93470684000596,91.35074615478516,60710900
2022-10-28,91.40027296194981,95.63993664749829,91.26159318635739,95.38238525390625,43697300
2022-10-31,94.52056663945436,95.12481736726046,93.09414525818127,93.61914825439453,31675000
2022-11-01,94.55027159135598,95.12480624199029,89.51816214341191,89.61721801757812,47161400
2022-11-02,90.0827948258783,90.32053045090788,86.06105956611515,86.15021514892578,57038300
2022-11-03,85.50633543111263,85.70444718044135,82.55442199825052,82.6435775756836,61288000
2022-11-04,84.59502310696469,85.82333277984429,82.9209505890823,85.76390075683594,51124900
2022-11-07,86.45729778160043,88.06203038731945,86.03135065796711,87.65589141845703,34078900
2022-11-08,88.06202697753906,89.46864019368525,86.76436994463386,88.06202697753906,30429000
2022-11-09,87.616271304768,88.59694505123552,86.4573014852848,86.4969253540039,31769100
2022-11-10,91.38043976059588,93.50026724366884,90.74647308663829,93.05451202392578,51620100
2022-11-11,93.79747007754925,96.01635409047036,93.03472373851064,95.50125885009766,33090500
2022-11-14,94.19368469847873,95.87766515214163,93.61915748150425,94.79793548583984,30179500
2022-11-15,97.33380422522976,99.19608064116606,95.79841148852762,97.5121078491211,41640800
2022-11-16,96.97719352688098,98.7007901248497,96.71964217765083,97.9182357788086,29105200
2022-11-17,96.0559715648573,98.34419531457297,95.87766792478331,97.43286895751953,26052600
2022-11-18,97.8389927582132,97.96777221776902,95.46162115308442,96.51162719726562,28342300
2022-11-21,96.37294795051915,97.47248572459458,94.4611397769671,94.6988754272461,21647400
2022-11-22,95.04558578779535,96.30361917881427,93.16350096623975,96.13522338867188,23438500
2022-11-23,96.17483219901126,97.82909662876517,96.17483219901126,97.53192138671875,18868100
2022-11-25,97.31399022022332,97.71022134220922,96.48191166578498,96.54134368896484,9701400
2022-11-28,96.12530422953257,96.66021510957758,94.70878307241713,95.14463806152344,26237500
2022-11-29,94.82765839860214,95.21398167866465,93.22292569547149,94.2927474975586,20061700
2022-11-30,93.92622347217593,100.08759477077614,93.52999237293703,100.0380630493164,43647500
2022-12-01,100.06777905920039,101.28618836680111,99.30504042808617,100.0380630493164,28687100
2022-12-02,98.11635082720889,99.82013163918121,97.96776322615591,99.49324798583984,21480700
2022-12-05,98.46304963550313,100.42438177439655,98.06681855409174,98.54229736328125,24405100
2022-12-06,98.3640036262318,98.83947492565986,95.51114559974337,96.06587219238281,24910700
2022-12-07,95.501250078082,95.96681354446217,93.8271774750463,94.04510498046875,31045400
2022-12-08,94.48095524175791,94.67907459688469,92.56914692029817,92.82669830322266,32213300
2022-12-09,92.8861287032563,93.37151544670037,91.8757464609982,91.95499420166016,28225400
2022-12-12,91.83611517682478,92.67810157031386,90.74648528186952,92.43045806884766,29420000
2022-12-13,96.83851164366295,98.59182421305074,94.13424142996912,94.72858428955078,40593700
2022-12-14,94.30265344600319,95.9569179743863,92.71773636138178,94.17388153076172,28733600
2022-12-15,92.25216279887749,92.75735770370802,89.1615764575156,90.0035629272461,40107000
2022-12-16,89.90450487035997,90.46913178897229,88.67618757997353,89.40921783447266,58011800
2022-12-19,89.4092134382398,89.70638111067228,87.37853366795777,87.60636901855469,29493000
2022-12-20,87.27947454659835,88.33938840975075,86.61579178950325,88.18089294433594,23453800
2022-12-21,88.24033919007738,89.36959301530564,87.48750078743176,88.73562622070312,24745600
2022-12-22,87.32900085689239,87.70541622770546,85.50634090497599,86.93276977539062,27658300
2022-12-23,86.28889654155903,88.70589937421238,86.24927267705067,88.388916015625,23003000
2022-12-27,87.96298201216858,88.10166177985037,86.18985348825937,86.56626892089844,20097300
2022-12-28,86.16013283342589,87.21013889144778,85.12993493079983,85.20917510986328,19523200
2022-12-29,85.80351225609894,88.01248777759298,85.79360440119908,87.61625671386719,23333500
2022-12-30,86.16013598837714,87.46769345930478,85.75399699182971,87.39835357666016,23986300
2023-01-03,88.74551641039932,90.19176102565882,87.68560258790053,88.27995300292969,28131200
2023-01-04,89.49836324025155,89.79553847603304,86.44739337515158,87.24976348876953,34854800
2023-01-05,86.64551498875126,86.74457088411417,85.0903140033644,85.38748168945312,27194400
2023-01-06,85.97191250445123,86.86343055515435,84.06010451251869,86.5167236328125,41381500
2023-01-09,87.52712197637781,89.20119450702028,87.03183496091958,87.19032287597656,29003900
2023-01-10,85.16955994373511,87.83419899287388,85.02097232508895,87.58655548095703,30467800
2023-01-11,88.33937886508356,90.73656583937942,88.17098311938453,90.65731811523438,26862000
2023-01-12,90.61771066077036,91.00403390685888,88.9040143567913,90.27100372314453,30258100
2023-01-13,89.9936452702405,91.32101834363606,89.28043078990615,91.25167846679688,26329200
2023-01-17,91.19223538103147,91.38044684984735,89.20118718373709,90.42949676513672,32602400
2023-01-18,91.27149829926222,91.92528084237877,89.78563712761265,90.26111602783203,29116700
2023-01-19,89.86487339203985,92.72763161249016,89.77571780323882,92.17291259765625,37000400
2023-01-20,94.20357258987681,97.37341347688135,94.12432486726897,97.0960464477539,63191100
2023-01-23,97.02671291222839,99.09701634497223,96.58095766905522,98.84937286376953,40005100
2023-01-24,97.17531438995869,98.67108334612655,96.28379621881625,96.77908325195312,33078500
2023-01-25,94.669163401654,95.25360603181933,92.87622675649058,94.32246398925781,42330000
2023-01-26,95.59038693126605,96.65030076385241,94.48094137779603,96.60076904296875,30114000
2023-01-27,96.39275438266596,99.37438426539468,96.39275438266596,98.43334197998047,33879800
2023-01-30,96.56116365118157,97.36352622934069,95.49134184198249,96.02625274658203,27226200
2023-01-31,95.95691582463402,97.94796432501448,95.9073840966227,97.90834045410156,29870700
2023-02-01,97.77955657834522,100.23618337201236,96.66021070256011,99.48334503173828,35531100
2023-02-02,104.80273309148161,106.83340527382167,104.61452161152837,106.72444152832031,69883800
2023-02-03,101.9597827400415,106.79378116863643,101.61308334943693,103.79234313964844,65309300
2023-02-06,101.43478195583818,103.37630614338306,100.91967922920541,101.93006896972656,31999600
2023-02-07,102.24705365455104,107.16029998780995,102.14799776201166,106.6253890991211,49010200
2023-02-08,101.08808062599397,102.16780266804861,97.11587673441662,98.43334197998047,94743500
2023-02-09,99.05739519259022,99.08711120195127,92.7474363981296,94.11443328857422,119455000
2023-02-10,94.5502913222284,95.8380406275546,93.36160546921987,93.6785888671875,54980700
2023-02-13,93.84698021445055,94.30264335517856,92.95546208803488,93.71820831298828,50076100
2023-02-14,93.53990075675098,93.95594001243452,91.39035704490637,93.78754425048828,54726100
2023-02-15,93.5993417410389,96.20455638144854,93.26255018489125,96.02625274658203,50169000
2023-02-16,94.47104619514022,96.75926974325574,93.8469797311233,94.60972595214844,42462600
2023-02-17,93.95593454164323,94.65924111600802,92.3313939219174,93.46064758300781,34284100
2023-02-21,92.12338307581045,92.22243896547124,90.85544955020039,90.92478942871094,33629300
2023-02-22,90.83562645698825,91.24176539632087,89.75590449970178,90.78610229492188,30884000
2023-02-23,91.05355410188592,91.07336981273312,88.91391833662863,90.03326416015625,41206400
2023-02-24,88.59692371750106,89.04267890766488,87.74502963887291,88.28984069824219,36585100
2023-02-27,89.02287292480469,89.31014024273131,88.49786244602109,89.02287292480469,27502300
2023-02-28,88.48797531575339,90.37006738645363,88.47806745987378,89.21109008789062,30142000
2023-03-01,89.13184725435819,90.17194536629773,88.82476419108889,89.50826263427734,31111200
2023-03-02,88.81487285313399,91.41017202449882,88.74552541452906,91.1328125,32204400
2023-03-03,91.60828037666724,92.8464977892345,91.578556810483,92.76725006103516,35160100
2023-03-06,93.13376154162282,95.06538532191449,93.11395338746972,94.2332992553711,32639300
2023-03-07,94.08471869587915,94.76820959391353,92.64838190947148,92.97527313232422,27835500
2023-03-08,93.23283087936741,95.05548347587344,93.11395927449436,93.36160278320312,34103300
2023-03-09,93.16348729195221,94.62953257298054,91.0337516903099,91.44979095458984,28813500
2023-03-10,91.30120355228826,91.91536215154204,89.54789090168737,89.77571868896484,35941000
2023-03-13,89.24080810196517,91.69743494917104,88.57712533524305,90.2511978149414,37335600
2023-03-14,91.68752323511042,93.47055938446682,91.56865919680635,93.08423614501953,36050200
2023-03-15,92.34130529029962,96.01633375629301,91.7667705826294,95.20406341552734,50622100
2023-03-16,95.29320715808248,100.23617641239431,94.59980844378984,99.37437438964844,65492000
2023-03-17,99.3149359685245,101.87061074887092,99.15644052549099,100.66211700439453,61028500
2023-03-20,99.17626978959724,100.79090265941907,98.92862629411955,100.26589965820312,32960400
2023-03-21,100.29562522714755,104.10933390947386,100.2659092140549,103.9310302734375,42110300
2023-03-22,103.28715576562607,105.58528732379419,102.3560212715924,102.39564514160156,43427400
2023-03-23,104.06970338391277,105.29802060137733,103.47536048762859,104.6046142578125,40797800
2023-03-24,104.00036599422383,104.49565301256042,102.86120434055363,104.44612884521484,30393300
2023-03-27,103.63384492804329,103.77252467050126,100.96919869835409,101.49420166015625,31120900
2023-03-28,101.47439535781645,101.48429565568745,98.7998412241836,100.07768249511719,32057900
2023-03-29,101.31591359200922,101.52393323759745,99.70128059578812,100.4343032836914,28779600
2023-03-30,99.95882633237822,100.20646983328197,98.83947287150617,99.93901062011719,33086200
2023-03-31,100.34516285155789,102.91074623241707,100.0876114604837,102.75225830078125,36863400
2023-04-03,101.42486512580797,103.54469275309818,100.96920202024347,103.37629699707031,25035400
2023-04-04,103.3465793011073,104.58479670606407,103.0593119562598,103.73290252685547,24420100
2023-04-05,104.7829171689168,105.09990054860849,102.68290511251428,103.48526763916016,28290500
2023-04-06,104.26782317730506,108.14096365506636,103.34658903891498,107.39803314208984,48711500
2023-04-10,105.97160978014296,106.57585296689001,104.12914153667725,105.43669891357422,27067400
2023-04-11,105.54566510200387,105.72396872832205,103.69328895955833,104.35697174072266,26311800
2023-04-12,105.57537962995973,105.74377539759396,103.35648840973943,103.6536636352539,24370300
2023-04-13,104.84233439158697,106.47678278263339,104.84233439158697,106.41735076904297,24843600
2023-04-14,105.8824559006008,107.9131356551454,105.83292417683923,107.84379577636719,26578000
2023-04-17,103.67348082004237,105.15934185375801,103.53479350401396,104.97113037109375,37571200
2023-04-18,105.48622429630001,105.53575601983307,103.08903700390688,103.51498413085938,26596400
2023-04-19,102.60364758198928,103.99045256978819,102.09845277095613,103.19799041748047,20905700
2023-04-20,102.93054933979316,105.24848890310409,102.89092547236734,104.29753875732422,27820800
2023-04-21,104.47583674331223,105.0008397327794,103.79233829269596,104.4164047241211,25800100
2023-04-24,104.49565151501353,105.62490529603902,103.71309713035903,104.97113037109375,23542800
2023-04-25,104.83246441561958,105.68435879171545,102.8612164099544,102.87112426757812,46664100
2023-04-26,103.93102314766244,105.3475442819754,101.66260776152602,102.73242950439453,53347600
2023-04-27,103.46545713822148,107.34851318187737,102.56403867704657,106.57585906982422,50089200
2023-04-28,106.03104886760178,106.3381244094829,104.09942490557832,106.32821655273438,36139800
2023-05-01,105.83292217554937,106.97208378320418,105.8131140209073,106.18952941894531,26681700
2023-05-02,106.13009965906194,106.18953168173442,102.7324304758186,104.32725524902344,30997200
2023-05-03,104.53526876250336,106.47679281670248,103.97064190774891,104.4164047241211,21795400
2023-05-04,104.49564832384382,104.6046120675871,102.98997918095117,103.70319366455078,23419500
2023-05-05,103.83197483499484,104.88198094212609,103.12866814460686,104.57490539550781,26639300
2023-05-08,104.18857495479786,106.94236950082018,104.16876679983567,106.75415802001953,26511400
2023-05-09,107.36831739425581,109.1117297850802,106.17963159356827,106.33811950683594,36360100
2023-05-10,106.95227165556445,111.87542544527842,106.91264779027239,110.69664001464844,63153400
2023-05-11,114.31224449393545,116.80848772250684,113.33157832101242,115.4712142944336,78900000
2023-05-12,115.58018830704218,116.91746185387996,115.0155613624893,116.4023666381836,41102300
2023-05-15,115.01555779431223,117.36322110013674,114.916501897153,115.41178894042969,36266800
2023-05-16,115.39196147654542,119.61180877166494,115.33252945579774,118.38349914550781,45035600
2023-05-17,118.48254891525943,120.52312880202415,117.76933447319193,119.7009506225586,33323600
2023-05-18,119.8099416935572,122.1476973170152,119.69107763108106,121.67222595214844,35234200
2023-05-19,122.38542149832001,124.78260877971135,120.99861637803845,121.60286712646484,41353400
2023-05-22,121.78117269366314,125.23827391464934,121.5830533547579,123.87128448486328,35253000
2023-05-23,122.98966372610492,123.45522712851732,121.0580400132015,121.40473937988281,34046300
2023-05-24,119.97833399859127,120.76088842026384,118.73020855513421,119.76040649414062,34182600
2023-05-25,123.34627616670772,124.13873842190023,120.81040904205996,122.31608581542969,42317000
2023-05-26,122.00898830748302,124.07929173687269,121.29577387357804,123.43541717529297,35635900
2023-05-30,124.45571200504449,124.47552771647686,120.85002338726862,122.50428009033203,35076700
2023-05-31,121.59295853842984,122.89060806044641,121.34531503835157,121.71183013916016,37325800
2023-06-01,121.66230720225732,123.24722420572046,121.46419541087958,122.55382537841797,30772700
2023-06-02,122.82127475890255,124.96091834173134,122.59344695882075,123.49486541748047,26980100
2023-06-05,122.8410870558176,126.2288484102657,122.67268372774639,124.82223510742188,32305500
2023-06-06,124.82222846227405,127.08072835419054,124.17835386828453,126.10997009277344,26638300
2023-06-07,125.7731809795302,127.82366128329055,120.9688986295934,121.3453140258789,52539000
2023-06-08,121.07785645151252,122.06843039511246,120.09718280596337,120.98870086669922,29389200
2023-06-09,121.09767375566376,122.59344263961952,120.76088221698073,121.07786560058594,23778300
2023-06-12,121.63258482252455,122.88071020381717,120.51323890061894,122.47457122802734,28306400
2023-06-13,123.80194237811752,123.9802460011841,122.01890614745163,122.66278076171875,22278300
2023-06-14,121.9396532341825,122.88070303275143,120.30520468507189,122.50428009033203,30592300
2023-06-15,121.97928005124778,124.27741139684176,121.2462574175831,123.91089630126953,35246300
2023-06-16,124.742979611465,124.92128322731656,122.11795709489255,122.3656005859375,45535600
2023-06-20,121.77125573189018,123.39579640203785,120.9887014060601,121.93965148925781,26097500
2023-06-21,121.24627213316994,121.50382351692494,118.96794866548936,119.41371154785156,30306300
2023-06-22,118.8688795483101,122.07833718002013,117.70990978650924,121.98918914794922,26952200
2023-06-23,120.23586326986775,121.6325761662558,119.91887990832626,121.18681335449219,34913600
2023-06-26,119.62171252918014,120.85002211325339,117.15517794794245,117.22451782226562,33969900
2023-06-27,115.97641255413603,117.95756067064339,115.0056466517561,117.21463012695312,39535900
2023-06-28,115.98630267450676,119.25519980286133,115.74856703748377,119.04718017578125,27091400
2023-06-29,118.11603570546055,118.92830604232336,117.1849013313609,117.97735595703125,24090900
2023-06-30,119.03727202436663,119.93869796362138,118.5618007515014,118.57170104980469,29532200
2023-07-03,118.11604630300786,119.05709617461561,117.7000070203923,118.76982879638672,14467900
2023-07-05,118.1160435778064,121.45428073315573,118.1061432790298,120.60238647460938,27584800
2023-07-06,118.67076871540064,119.16605571745576,117.2839635981503,118.97784423828125,24745200
2023-07-07,118.96793368564964,119.90898350271272,118.27453492148081,118.3537826538086,21709500
2023-07-10,117.18490091620437,117.19480121428604,115.04525756376775,115.35233306884766,35315200
2023-07-11,115.19385646970584,116.60046979822023,114.26271445006495,116.03584289550781,23078800
2023-07-12,117.68019568942015,119.19577271910916,117.2938724292045,117.80896759033203,30404400
2023-07-13,119.79011606460736,123.65335623874292,119.31463721160668,123.3660888671875,44297900
2023-07-14,123.62364190723412,125.5849742534972,122.32598478947493,124.23779296875,33283100
2023-07-17,124.75290096825793,125.90196296117138,123.02929664266715,123.47505950927734,25716200
2023-07-18,123.42552338695492,123.5047711236384,121.8009825723442,122.59344482421875,26193600
2023-07-19,123.42552818218525,124.00006295924167,120.65192530782674,120.87975311279297,37224000
2023-07-20,120.2754837005318,122.92031425638964,117.10565017562492,118.07640838623047,37906800
2023-07-21,119.48303757466915,119.84954511473477,117.61085333534434,118.88868713378906,72937900
2023-07-24,120.51324754724001,121.84061320168395,119.83965686301278,120.38446807861328,29686100
2023-07-25,120.21606564367339,121.98919407545517,119.87926654145934,121.05805206298828,52509600
2023-07-26,128.84399130044065,129.74540232003605,127.11048647935046,128.05152893066406,61682100
2023-07-27,130.4288745072281,131.98408291547318,127.57601659985137,128.18026733398438,44952100
2023-07-28,129.5472556742055,132.47936111951782,129.3392436159831,131.33029174804688,36591200
2023-07-31,131.47889444011693,132.27135673334078,130.53785207970907,131.468994140625,28055500
2023-08-01,129.54729694359057,131.37986532007486,129.44823347433504,130.31004333496094,23166800
2023-08-02,128.22979764764366,128.86376438510172,126.35761344523159,127.16989135742188,26273300
2023-08-03,126.76376360792844,128.17037695867327,126.2189448521919,127.2392349243164,20089500
2023-08-04,128.0613973658318,130.27037301314763,126.70431590893212,126.90242767333984,26147200
2023-08-07,127.94253620376521,130.36943938092537,127.80385645406918,130.29019165039062,22746300
2023-08-08,129.3887610197551,130.27037120686035,128.31893936883662,130.16140747070312,23535200
2023-08-09,130.41898380481655,130.79539166782024,127.78405318898797,128.43783569335938,24912900
2023-08-10,130.08216956285366,130.8052842652116,128.22978612358457,128.467529296875,20857800
2023-08-11,127.44723470143826,128.7052526035577,126.96184807533274,128.3387451171875,19591100
2023-08-14,128.170370790581,130.13170310188443,127.7444312206599,130.0920867919922,24695600
2023-08-15,129.86425127440808,130.18122707956528,128.06139942490483,128.5566864013672,19770700
2023-08-16,127.48685455322266,129.05196308784446,126.66468398153553,127.48685455322266,25216100
2023-08-17,128.5764942460754,130.74585348864863,128.07129188741925,128.6953582763672,33446300
2023-08-18,127.29865064608583,128.03168079764703,125.18873089019047,126.25855255126953,30504800
2023-08-21,125.98120284160333,127.51658802197558,125.36704423496647,127.15998077392578,25248700
2023-08-22,127.29865446565053,129.05197461127347,127.11045810936166,127.86328887939453,22054900
2023-08-23,128.95293932464511,132.15250480453622,128.64586374765005,131.12229919433594,27819700
2023-08-24,132.68737797126798,132.9845531801372,128.34867433563005,128.5566864013672,28500700
2023-08-25,128.31895505629643,129.52745659961704,126.05054714528603,128.65576171875,26762900
2023-08-28,130.07227594567678,131.29067779366306,128.9133061222322,129.7751007080078,20543300
2023-08-29,130.99350506379912,135.28269209662818,130.99350506379912,133.30154418945312,43075600
2023-08-30,133.50955996250931,134.9954209341487,132.8062609003106,134.5991973876953,28315800
2023-08-31,134.72796388348397,136.69921157879557,134.5100363949587,134.88645935058594,30053800
2023-09-01,136.16429210938105,136.16429210938105,133.57889367961565,134.38125610351562,21543700
2023-09-05,134.16337358907256,135.13413208390054,133.3114791628055,134.49026489257812,19403100
2023-09-06,134.73785869857247,135.24304591839837,132.41000411563905,133.19256591796875,18684500
2023-09-07,132.33075932430347,134.30200676190253,131.69679265373736,133.98501586914062,18844300
2023-09-08,133.63833748155875,135.3718419233677,133.57890546194733,135.094482421875,23558300
2023-09-11,135.2529867790659,136.18412889149724,134.51005617212115,135.62940979003906,20763400
2023-09-12,134.97561156998864,135.5798623314705,133.91570522015272,134.0642852783203,18405500
2023-09-13,133.8166464595188,135.60958309403551,132.88550442248655,135.42138671875,20749500
2023-09-14,136.30297659287558,137.3925988291446,134.95579546543004,136.7982635498047,24751000
2023-09-15,136.67939311891212,137.21431153088753,135.19353215336167,136.1048583984375,38919600
2023-09-18,135.32231734485046,137.8482841163795,135.32231734485046,136.90724182128906,21861300
2023-09-19,136.12469470331177,137.10536853031823,135.33223237880813,136.7388458251953,20353700
2023-09-20,136.7784418280109,136.7784418280109,132.3604757157884,132.47935485839844,29927500
2023-09-21,130.20105377280416,130.98360061103773,128.84397217961927,129.21047973632812,31503900
2023-09-22,129.5274651867629,130.78549853869626,128.3784107064932,129.02227783203125,26397300
2023-09-25,128.60624233611597,129.93360805536258,127.74444767159882,129.87417602539062,20094600
2023-09-26,128.5467943169791,129.13122935895814,126.02082755262765,127.35810852050781,25718700
2023-09-27,127.35810764338333,129.6661317841142,127.35810764338333,129.3095245361328,22746500
2023-09-28,128.61611685030257,132.04350933617025,128.5665851302691,131.06283569335938,22513100
2023-09-29,132.02369781929437,132.78644401015598,129.1312236339659,129.6265106201172,30859800
2023-10-02,129.97321355178073,133.15294744052358,129.9335821297325,132.90530395507812,22288000
2023-10-03,132.6774780064036,132.99445381235702,130.5972666540528,131.18170166015625,22989400
2023-10-04,131.53830697235477,134.29211643404554,131.28076318908475,133.96522521972656,26752300
2023-10-05,133.79684448242188,134.21288377054,132.19210423972567,133.79684448242188,19832600
2023-10-06,132.74681617552042,136.85770734068427,132.74681617552042,136.28317260742188,27597600
2023-10-09,135.6492043634317,137.63035233984527,134.3317391453215,137.11524963378906,19278100
2023-10-10,137.19450673636976,138.4030082937137,136.03553690481087,136.75865173339844,27786600
2023-10-11,137.2737721177282,139.7799235919556,137.2737721177282,139.22520446777344,25884300
2023-10-12,139.72046035185502,139.88885611158636,136.95675053372017,137.66006469726562,24765500
2023-10-13,138.06619483070466,138.6803458110814,135.33220119685583,136.0652313232422,23420500
2023-10-16,136.86756173066732,138.31380593480395,136.68926572581802,137.78880310058594,28501900
2023-10-17,137.32326271053788,138.58128066351554,135.88691848326934,138.40298461914062,23515800
2023-10-18,138.13555264144586,139.3935859571332,136.0850721525315,136.65960693359375,23375000
2023-10-19,137.19449910407923,138.34356857254127,136.08506106002469,136.45156860351562,26066000
2023-10-20,136.0355425938075,136.57044595575792,133.8067508749185,134.3218536376953,26335700
2023-10-23,133.76710372602042,136.36241783407064,132.68738171446304,135.21334838867188,26317900
2023-10-24,136.5307982366361,138.04637504765964,136.124659322582,137.50155639648438,44814300
2023-10-25,126.95196926111923,127.10054931723444,123.8910916279868,124.4260025024414,84366200
2023-10-26,122.10806183952178,123.15807548898972,120.1269137067269,121.12739562988281,57061100
2023-10-27,121.721739301728,122.14768645517988,119.0769083420869,121.0184326171875,44566500
2023-10-30,122.04860970838199,124.21796897481899,121.59294661979997,123.28682708740234,28940100
2023-10-31,123.88118156302635,124.1882646409759,121.53352602850394,122.9104232788086,26292300
2023-11-01,122.90050863896529,125.29769576397784,122.55380927088156,125.25807189941406,30082400
2023-11-02,127.20951079122271,127.76422981075791,125.73355765282807,126.28827667236328,27124600
2023-11-03,126.81328074199891,128.3090419584001,126.65478528312015,127.88310241699219,26393100
2023-11-06,127.83359192298178,129.11142587434364,127.45716892438092,129.02227783203125,19052700
2023-11-07,129.4779146143479,130.6666002116343,128.6557365048608,129.73545837402344,29757300
2023-11-08,129.73548022222718,130.9637974447547,129.5472687405941,130.59727478027344,26425800
2023-11-09,130.71616352133154,131.30059860663678,128.84397909648382,129.0123748779297,23747800
2023-11-10,128.87369024439658,131.54823716249373,128.19019172994675,131.3402099609375,26913300
2023-11-13,130.53781893832007,131.3401813273293,130.01281601427803,130.8448944091797,18324800
2023-11-14,132.9251539568345,134.4209155534019,132.06335924195372,132.3605194091797,32395200
2023-11-15,133.59873301920138,133.7572285134562,132.31099869452711,133.35108947753906,23861500
2023-11-16,133.9156781811989,135.92654184217392,133.05388378791164,135.63926696777344,28013200
2023-11-17,134.71807494996435,134.77750697640147,132.39021981477103,134.03457641601562,37240600
2023-11-20,132.42984636661794,135.37185248662504,132.36049892835388,134.96571350097656,27815500
2023-11-21,135.00531118496744,135.886921357929,134.67843509669842,135.6789093017578,22635300
2023-11-22,136.1742111022112,138.10582740919213,136.1742111022112,137.18460083007812,17813900
2023-11-24,136.72891570592253,136.82797914299124,134.70815157836293,135.40155029296875,12514300
2023-11-27,134.7477531436579,137.11522392701318,134.7180371387797,135.12417602539062,23436500
2023-11-28,134.79733060033575,135.95630052875265,134.1435480412405,135.90676879882812,18730000
2023-11-29,136.27327307787965,136.98647245548034,133.5689951623546,133.71759033203125,23967200
2023-11-30,133.77702780318285,134.27231482569374,130.04255942126184,131.28077697753906,38988300
2023-12-01,130.6170654296875,130.86470888643157,129.43828015719262,130.6170654296875,31442300
2023-12-04,128.65577978718542,128.80435986872246,126.69443957860305,128.05152893066406,36669900
2023-12-05,127.73450033716857,130.89443347071432,127.04110163583205,129.75527954101562,27384800
2023-12-06,130.20104683681856,130.59727038431748,128.65575384062942,128.79443359375,23576200
2023-12-07,133.76708303807405,137.25390714366299,133.4302915642557,135.63926696777344,56767100
2023-12-08,132.93502840396306,135.11428819124905,132.76663263696403,133.71759033203125,32260100
2023-12-11,131.13220416885352,132.08314684028716,130.1218143548642,132.0336151123047,31138000
2023-12-12,130.56755981511444,131.7463453232423,130.02274107837968,131.2708740234375,29032800
2023-12-13,132.12278193624368,132.2416459947321,130.32984518422208,131.32041931152344,30104800
2023-12-14,132.12276380482388,132.45955533429708,128.46754335829976,130.6963348388672,38722400
2023-12-15,130.3793395531458,132.2515237297127,129.9434845931054,131.35011291503906,50847100
2023-12-18,131.379825680854,135.85720897900194,131.18169880212074,134.5199432373047,32258000
2023-12-19,135.55013468527125,136.17420110593048,134.79730393023888,135.36192321777344,25476800
2023-12-20,137.66006190353008,140.3643245325025,136.76855140187814,137.03599548339844,49107200
2023-12-21,138.17516326857788,139.3638489644379,137.86807265297588,139.0963897705078,27488300
2023-12-22,139.44311177628964,140.6516133137084,139.3836797523117,140.1563262939453,26532200
2023-12-26,140.25538274203709,141.335104879987,139.85915914929106,140.18605041503906,16780300
2023-12-27,140.25537655400615,140.7407632814219,138.57140368669022,139.046875,19628600
2023-12-28,139.4530219081467,139.80962919211896,138.4327317846908,138.908203125,16045700
2023-12-29,138.3138589912108,139.03697381318452,137.4718650054482,138.373291015625,18733000
2024-01-02,137.24403772207745,138.13554832155825,135.1935421823269,136.86761474609375,23711200
2024-01-03,135.95629302037804,138.31386417693605,135.78789723990403,137.6105499267578,24212100
2024-01-04,137.11528033060188,137.8483106873682,135.06479957573947,135.1044158935547,27137700
2024-01-05,135.4609970308709,135.8671360060493,133.87607255527527,134.4506072998047,22513900
2024-01-08,135.00531397852347,137.69967627152062,134.97559796988412,137.53128051757812,21404000
2024-01-09,137.19449570702432,140.15631733731945,136.84778876936215,139.62139892578125,24759600
2024-01-10,139.67093972821166,141.6520878094629,139.58179169214583,140.93887329101562,21320200
2024-01-11,142.13749693644826,143.85118606467725,139.31435442965807,140.74078369140625,24008700
2024-01-12,141.325205118498,141.85020818261793,140.48322620196657,141.30538940429688,18785500
2024-01-16,140.66152486152347,142.98938008655443,140.11670607322245,141.14691162109375,22670500
2024-01-17,140.01765632946993,140.50302796922261,137.590737670861,140.1365203857422,20968600
2024-01-18,140.71103470348461,142.85067809474862,140.65160268399825,142.12754821777344,25746400
2024-01-19,143.37568810486664,145.06956120297735,143.01908085553387,145.00022888183594,34271900
2024-01-22,145.7134446289684,146.99127846629932,144.46531168812982,144.61390686035156,32200400
2024-01-23,144.5148376656169,145.79267145213515,144.1285144171384,145.65399169921875,21636100
2024-01-24,147.13985963029438,148.43752430496747,146.70401975406176,147.29835510253906,25233500
2024-01-25,148.65544028148244,151.6073464272401,148.1304221809848,150.43846130371094,29149100
2024-01-26,149.6757405913846,151.1021544847942,149.58657744214148,150.75546264648438,26115500
2024-01-29,150.62668943208467,152.33047802772649,150.00262293630868,152.06301879882812,27784300
2024-01-30,151.3597295938864,152.1719925180601,149.76490464518363,150.03236389160156,36331800
2024-01-31,142.26621278729934,142.6426356904912,138.5515608161928,138.77940368652344,71910000
2024-02-01,140.78039524700787,141.7115373788747,139.46292979606457,139.82945251464844,40466500
2024-02-02,137.94733213900224,141.2756614400684,135.21335329400358,141.03793334960938,62499600
2024-02-05,141.47375885083153,144.0987734023035,141.4341274340413,142.3256378173828,38505400
2024-02-06,143.2865333836356,143.98984762492026,141.8403037037534,142.74172973632812,29128200
2024-02-07,143.3954900682589,144.24738433228183,142.57331181571678,144.1681365966797,25208900
2024-02-08,144.45538972752917,144.95067666407766,143.73227503235654,144.53463745117188,22563800
2024-02-09,145.29739619867138,148.0313902841131,144.8021091675361,147.5955352783203,26829500
2024-02-12,147.02096864023295,147.93229476618814,145.98086307730932,146.1393585205078,21564100
2024-02-13,143.55399936472898,145.2875040712044,142.3355974317955,143.7719268798828,27837700
2024-02-14,144.70305659111142,145.13891158413554,142.73180882355612,144.5643768310547,22704200
2024-02-15,141.79076291731,142.1671858771817,139.13603183073639,141.42425537109375,37590700
2024-02-16,141.6421841188465,141.8402958992358,138.81904212467896,139.19546508789062,31468900
2024-02-20,138.34358047947055,140.7407679538146,138.1751846986445,139.78981018066406,25144700
2024-02-21,140.11667673843814,141.3449938299057,139.35393059450502,141.20631408691406,23223300
2024-02-22,143.56389009951735,143.6332375383376,141.4539776469549,142.7318115234375,27191900
2024-02-23,142.31576767229546,143.31624199133967,142.07802446605524,142.60304260253906,19493800
2024-02-26,140.80018488112955,141.097360098055,136.09495847718128,136.2732696533203,53641800
2024-02-27,136.7190286014233,137.9374303971592,135.7977869156524,137.5709228515625,33099200
2024-02-28,136.60014396856127,136.70910770950192,134.13362446493272,135.094482421875,37328600
2024-02-29,135.98599158018274,137.5511002457204,135.11428166141263,137.15487670898438,42133000
2024-03-01,137.12513899008863,137.56099392851314,135.6293778286393,135.84730529785156,31151100
2024-03-04,134.3812716025803,134.3812716025803,130.66661912649147,132.09304809570312,55999400
2024-03-05,130.6369020545164,131.98408327949778,129.43830088138756,131.41944885253906,40194800
2024-03-06,131.86519582791124,132.32086648319373,129.6166039048756,130.16140747070312,35318600
2024-03-07,131.53831809840491,133.66806132063292,130.36944800435913,133.11334228515625,37738200
2024-03-08,132.9449657546409,136.78838324879158,132.73693852875124,134.13365173339844,39370400
2024-03-11,134.84685230242854,137.7888584846141,134.84685230242854,136.37232971191406,32437800
2024-03-12,135.73832855053206,138.06618305988314,135.73832855053206,137.19447326660156,27563400
2024-03-13,137.68978898902412,139.7600850663766,137.6798886901947,138.4723358154297,23347200
2024-03-14,139.85914445542792,142.23651599205533,139.1360296729057,141.7511444091797,42753400
2024-03-15,141.15679282026272,141.83037587468064,138.7100738688481,139.84922790527344,49475400
2024-03-18,147.20919020973375,150.7158152205623,145.78276135280063,146.28794860839844,69273700
2024-03-19,146.76347291355683,147.38752436358277,144.70307682252857,145.6441192626953,24070400
2024-03-20,146.60495197646654,147.45684622092818,145.3568341780524,147.33798217773438,21311500
2024-03-21,148.06109347483115,148.95260400768646,145.51531110007699,146.20872497558594,24755600
2024-03-22,147.71437517232798,150.15119361758784,147.5756954308877,149.3488311767578,29211800
2024-03-25,148.52666183272117,148.9625167930801,146.42664987640165,148.6554412841797,19229300
2024-03-26,148.80403108916107,150.82479544746644,148.56628788202391,149.24978637695312,22149100
2024-03-27,149.75496675016123,150.21063743065775,147.49645928934754,149.44789123535156,22879200
2024-03-28,149.4280610997528,150.00258059230137,148.75446306803934,149.50729370117188,24485400
2024-04-01,149.26962449326535,154.27202708808144,149.19037674565882,154.02438354492188,31730800
2024-04-02,152.05311284830339,153.24179865539583,150.71583186847434,153.10311889648438,24586000
2024-04-03,152.15215189447844,153.61819698426797,151.2903423527122,153.45970153808594,24705000
2024-04-04,152.05308959817475,153.3111226498397,149.03183626069176,149.111083984375,34724700
2024-04-05,148.6158116009819,151.97385675674153,148.18987204880133,151.06253051757812,23459200
2024-04-08,151.3398855456625,153.8064201009343,151.1714897894332,153.390380859375,20702000
2024-04-09,154.6186837219778,157.06540257966853,153.7271732158785,155.12388610839844,31079500
2024-04-10,154.73759085219538,155.13381445655733,153.22199853385487,154.66824340820312,22838600
2024-04-11,155.4309745942535,158.17485377315867,154.9852193039768,157.90740966796875,27166400
2024-04-12,156.47108327025333,158.7097751773131,155.65880529572482,156.2432403564453,25353700
2024-04-15,157.3626109532026,157.73903396909452,153.13285507687033,153.4003143310547,27136500
2024-04-16,152.7365985322643,154.1828280231779,151.98375266278597,152.94461059570312,20779500
2024-04-17,154.15312717907076,155.59937192721887,153.1229368286477,154.00454711914062,21763100
2024-04-18,153.87577639819307,155.4607009972949,153.16256184009333,154.53945922851562,19883000
2024-04-19,154.7276699190319,154.88616540110863,150.86443701191843,152.63755798339844,32615600
2024-04-22,152.85548314560833,156.15409663024886,152.6078396267761,154.80691528320312,26446200
2024-04-23,155.4805001575941,157.4715484365775,154.80690198445652,156.7682342529297,21151600
2024-04-24,156.00549474863058,158.06589035097772,155.68850383367314,157.63003540039062,22779100
2024-04-25,149.90356233876008,155.01492770763642,149.44789165697802,154.529541015625,57109700
2024-04-26,172.72638033694088,173.06318697805824,168.05086993453432,170.32919311523438,64665300
2024-04-29,167.46643624163954,167.95182293786596,163.65273545115042,164.5838623046875,45610000
2024-04-30,164.04897776984578,166.51551272721193,161.067355161794,161.2456512451172,33562900
2024-05-01,162.75133049386898,165.544741644849,161.55272916136406,162.3154754638672,33493200
2024-05-02,163.23668620505856,165.15840222342754,162.34517563249727,165.0494384765625,24294500
2024-05-03,165.98054998734318,166.3767885917812,161.51306741637478,165.66357421875,34662400
2024-05-06,165.88152094509854,166.55510397846635,164.46499233146127,166.51548767089844,21871300
2024-05-07,166.91173964451698,170.14100584254402,166.8027758864414,169.6358184814453,28039700
2024-05-08,167.40699381865014,168.54614778977586,167.14945003877577,167.78341674804688,19569100
2024-05-09,167.79332152345498,169.0810706871072,166.59472038810446,168.3579559326172,15346700
2024-05-10,166.4461516776323,168.24900365253,164.62349910506936,167.060302734375,29799900
2024-05-13,162.71166406626963,167.68434929765695,162.45412029255667,167.54566955566406,31327600
2024-05-14,168.16974046044572,169.63578564580942,167.20888253839394,168.73435974121094,25127100
2024-05-15,169.02164233638342,171.02259088483336,168.90276318110884,170.8839111328125,26948400
2024-05-16,171.65655202628884,173.4693041567708,171.0622167291373,172.5381622314453,27867900
2024-05-17,172.53815265408903,174.60846356854617,172.05278112226807,174.4004364013672,24479300
2024-05-20,174.5292502632364,177.08493321353035,174.4202865094074,175.2523651123047,22554400
2024-05-21,175.23251145765337,176.47072879445125,174.15278956755546,176.17356872558594,16989400
2024-05-22,174.97499681045656,175.48018412655318,173.5584831966184,174.7174530029297,17880000
2024-05-23,175.40093273610896,176.5698027163018,171.31975787341443,171.9141082763672,21024900
2024-05-24,173.33063024095415,174.11319214706063,172.01316503791867,173.34054565429688,16579400
2024-05-28,172.8056425085786,175.5990686253191,172.7263947696327,174.7372589111328,20572200
2024-05-29,173.77638763413984,175.1731005862125,173.07308856633102,174.24195861816406,23388700
2024-05-30,173.54855608932272,173.56837180086202,170.17069523243458,170.48768615722656,22931500
2024-05-31,170.24005665079406,171.42874248649764,167.84286926621976,170.8740234375,37638900
2024-06-03,170.91363798660555,172.884885765003,169.54665609137342,171.53770446777344,27459100
2024-06-04,171.64663772257046,172.21127207949934,170.2697406579908,172.15182495117188,26879600
2024-06-05,173.54856460290543,174.98489390330127,172.2905313702321,173.756591796875,22068500
2024-06-06,174.24193929814342,175.4801566470926,174.09335926225268,175.06411743164062,23251000
2024-06-07,175.38110389481355,176.1933665954135,172.65702579598548,172.81552124023438,19661400
2024-06-10,173.51964913718612,175.59232118793005,171.32796149412926,173.55931091308594,23726700
2024-06-11,174.75928180816368,175.37413767386394,172.32959332705445,175.1559600830078,21540600
2024-06-12,176.77247787758725,178.91457717394482,174.6502170373927,176.3162841796875,27864700
2024-06-13,174.6502064308114,175.2749891373828,173.43040626625967,173.7080841064453,20913300
2024-06-14,172.77589550262013,175.59235117398484,172.70646846755594,175.3245849609375,18063600
2024-06-17,174.00558422755435,176.8815395045709,173.36096312594307,175.7708282470703,19618500
2024-06-18,175.67168241067895,175.91961015570547,172.65688768937264,173.638671875,21869900
2024-06-20,173.9163241025284,175.82040708778146,173.53948427560647,174.838623046875,20160100
2024-06-21,175.53283243143696,179.35092551747323,175.1460657788295,178.1410369873047,57759000
2024-06-24,178.66664674075304,179.3905914905494,177.18899199121046,177.73443603515625,18298000
2024-06-25,178.13111351754267,182.76240177371028,177.93277435676467,182.5045623779297,23130200
2024-06-26,181.11615066799544,182.9805567069559,180.96738496662277,182.3557891845703,19839000
2024-06-27,182.6532926987184,184.50780223360667,182.49463046708553,183.87310791015625,18848900
2024-06-28,182.792147275446,183.59543062581383,180.4517091135773,180.64012145996094,29156600
2024-07-01,181.51283682486664,182.3557971056762,179.79718128044868,181.47317504882812,16006100
2024-07-02,180.54096868108974,184.0317952147811,180.05502490239206,183.70452880859375,17372500
2024-07-03,183.31777853011567,184.54749044604264,182.47481815419735,184.2797393798828,10242100
2024-07-05,184.3193809047392,189.2779352009688,184.25988067435352,189.0200958251953,20967500
2024-07-08,188.32590319025596,188.59366938357218,186.2234808204011,187.46311950683594,21035900
2024-07-09,188.73249043692135,189.77378986137018,187.1556738088654,187.41351318359375,15121400
2024-07-10,187.58211913060845,190.16057363966272,187.46311865958714,189.5952911376953,15952500
2024-07-11,188.27628954422354,189.27791194134602,183.5458250898829,184.03176879882812,25625800
2024-07-12,183.54584610912124,185.55901792595884,182.9607403388162,183.5359344482422,22898400
2024-07-15,183.38715546507632,186.6796425153706,183.38715546507632,184.9838104248047,16474000
2024-07-16,185.8069343179161,187.11598469260912,181.85000281609425,182.39544677734375,18290700
2024-07-17,181.45331842336967,182.02851247832055,178.40875913579774,179.5194854736328,20734100
2024-07-18,180.4219619618105,180.98724445457364,175.00722876619346,176.2171173095703,25315700
2024-07-19,177.39725118322656,178.79555205599942,175.66175710285674,176.18736267089844,18881900
2024-07-22,179.09305874265243,181.18556924112812,178.73604223141416,180.1641082763672,24100300
2024-07-23,180.54095080134618,182.08801719934135,180.03516861809769,180.28309631347656,36352700
2024-07-24,172.16099630525835,174.72952357646327,170.39575233929236,171.19903564453125,49585200
2024-07-25,171.0899727872295,171.98250656560228,165.80415174823364,165.89340209960938,44852000
2024-07-26,165.7644579679493,166.69666856249324,162.70007515743842,165.61570739746094,41336900
2024-07-29,167.4305308304377,169.0172589803579,166.59749741680673,168.12472534179688,20293800
2024-07-30,168.82887504541765,169.81065918652655,167.04379233570876,168.87844848632812,18959700
2024-07-31,171.80399306020445,172.80561557083252,168.600756120216,170.11807250976562,25729100
2024-08-01,168.83877635874134,172.60728070774732,167.48013730321483,169.34454345703125,24531400
2024-08-02,165.06035633790583,167.1131899291379,163.3050238959055,165.27853393554688,29130100
2024-08-05,154.21104625180902,163.06701740006122,153.64576377052947,157.92996215820312,53630700
2024-08-06,158.00932375937404,159.2390509117061,155.1135293028919,156.97793579101562,49004600
2024-08-07,159.91336228381462,161.62901768553496,157.1564075430874,157.6225128173828,25138600
2024-08-08,159.17948508981146,162.33313310507484,158.88198397429082,160.6868896484375,25578800
2024-08-09,158.68365838652156,162.43232444231467,157.74153604180353,162.31332397460938,28602300
2024-08-12,162.98768499629125,163.53311386044192,160.4984810667238,160.9447479248047,15895300
2024-08-13,162.05548742905071,163.36453799371506,161.6191321967266,162.7992706298828,18551700
2024-08-14,161.05383649410487,161.8670466571722,156.4027253040999,159.04066467285156,40591100
2024-08-15,159.1695951936991,160.30014498417518,158.28697312159332,159.9629669189453,31524300
2024-08-16,160.13156765499573,163.69180631924374,159.79438956512277,161.60922241210938,24208600
2024-08-19,163.9099594856968,165.30827534265444,162.8984102346736,165.28843688964844,22416200
2024-08-20,165.51655736424223,167.24213992598882,165.437233801864,165.7942352294922,18341500
2024-08-21,163.78102535009705,165.466945741652,163.3050084241183,164.47523498535156,22902000
2024-08-22,165.87354107961212,166.20080745577815,161.95628649048913,162.44223022460938,22493300
2024-08-23,163.3546280676757,164.80251757325382,162.4720059319359,164.24716186523438,13955700
2024-08-26,165.00086193151313,166.1611618513878,163.09677884769525,164.78268432617188,14190400
2024-08-27,164.46534503177682,165.0603776717608,163.09679417150747,163.31495666503906,11821900
2024-08-28,163.67195617574248,164.2273269769617,160.1910564516135,161.5001220703125,16407400
2024-08-29,162.94802283987033,164.59426663919365,158.92167882710484,160.43899536132812,19699800
2024-08-30,161.27203156245238,162.30341943551804,160.34974763264805,162.02574157714844,22123800
2024-09-03,160.37946246944418,160.50838970829213,155.18289273170538,156.05560302734375,38945300
2024-09-04,155.3614336724234,157.68203355334143,154.66723906688907,155.15316772460938,19353800
2024-09-05,155.00440439703507,158.12828743123546,154.68704967070923,155.93661499023438,18688700
2024-09-06,155.9961266954501,156.52173225882967,149.30207815911396,149.66900634765625,37912100
2024-09-09,151.44650905863844,152.3303022884686,146.19340404923173,147.6730194091797,39260500
2024-09-10,149.40086316700538,150.21515232969438,147.30557623537533,147.62335205078125,31118800
2024-09-11,148.87458302778612,150.44356726374062,146.49132465684013,150.10594177246094,29607700
2024-09-12,152.72753482151148,153.74042646617514,151.58554483567272,153.611328125,29621500
2024-09-13,154.3461563209122,157.27559765598852,154.12770435368589,156.3620147705078,29591200
2024-09-16,156.21305455425028,157.14650223678444,155.50801396162132,156.95782470703125,18379800
2024-09-17,157.91110386382212,159.4304334428549,157.27556740692205,158.20901489257812,20715600
2024-09-18,158.74527204850892,159.38080862321627,157.49406367866266,158.69561767578125,23677300
2024-09-19,162.56844369236055,162.64787251183546,160.2149595890298,161.00938415527344,26587700
2024-09-20,162.3598804928704,162.5882724123634,160.9299194880009,162.44924926757812,40896400
2024-09-23,163.20397220520576,164.33602223132473,160.5426523133899,160.72140502929688,24150900
2024-09-24,161.89315521075918,162.08183272389985,159.5694761752488,161.15830993652344,23332100
2024-09-25,160.3440420812531,161.67469438550233,160.17522933988297,160.36390686035156,18869200
2024-09-26,162.498918721295,162.93585297471674,161.14840155271324,161.5952606201172,20319300
2024-09-27,161.67466713929903,164.54451356372414,161.4959296146948,162.8067169189453,21101300
2024-09-30,162.18112514937891,164.99137732832068,162.1215308203926,164.6934814453125,20413900
2024-10-01,166.52067729796633,167.98042800067057,163.4323631439142,165.8255615234375,28338100
2024-10-02,165.2595227746661,166.35185834560912,163.58130501221132,164.70343017578125,17760200
2024-10-03,163.26354430672865,165.47798988885472,162.77695570651093,164.70343017578125,15073100
2024-10-04,166.88810752073877,167.05692028468863,164.32609616027423,165.89508056640625,19047400
2024-10-07,166.55045841132394,167.30515333490106,161.6151139348849,161.843505859375,22463100
2024-10-08,162.7968151755234,163.58129967642142,161.73426923186602,163.23374938964844,23072700
2024-10-09,162.31024767332997,163.6905544913904,158.626126271172,160.73133850097656,31181800
2024-10-10,159.74821424684626,161.93288529839,159.28149044514248,160.9497833251953,14144100
2024-10-11,160.999454633151,162.7571013199183,160.1156613065499,162.10171508789062,15344300
2024-10-14,162.49892012877203,165.07085614450466,162.2605882196447,163.80972290039062,19016100
2024-10-15,164.63391416283739,166.51073429604153,163.4820145370709,164.3062286376953,20247200
2024-10-16,163.3827194845321,164.64386792755846,162.59823487734482,164.00833129882812,16406000
2024-10-17,164.57433190772997,165.2098684713458,161.62504101734748,161.79385375976562,21453400
2024-10-18,162.0520493579974,163.5614543687219,161.94281580158204,162.2804412841797,19757700
2024-10-21,161.81370307597712,163.35289754226278,161.48600243587356,162.9259033203125,20946500
2024-10-22,161.84352257963812,164.61407616151644,161.84352257963812,163.98846435546875,16568100
2024-10-23,163.6111016800633,164.66372289048581,160.80083381909756,161.64491271972656,18280500
2024-10-24,161.69456070594023,162.1910741214277,159.88724460042005,161.5853271484375,22412500
2024-10-25,162.52868955985642,164.43529913917524,162.2804328674599,164.11753845214844,19828900
2024-10-28,167.57327733196706,167.57327733196706,162.80674552404707,165.55743408203125,32138600
2024-10-29,166.56039624660548,169.19192660016526,165.92485964222502,168.49679565429688,42169000
2024-10-30,179.42006644238907,180.75073380709983,172.84623418689728,173.2434539794922,68890800
2024-10-31,171.92272737485058,175.5869985344097,169.80757553261074,169.91680908203125,44769000
2024-11-01,168.8840869554026,171.11839741159756,167.7023825564108,170.09556579589844,31796500
2024-11-04,168.74505131099085,169.53947584954412,166.8384415098956,168.05987548828125,21492700
2024-11-05,168.24854540819413,169.3408810917044,167.6626631563061,168.556396484375,18242100
2024-11-06,172.5880653336426,175.70616896018197,172.29015425546123,175.27915954589844,33695500
2024-11-07,176.172887641411,179.81729416706102,175.95442053394322,179.48959350585938,25352900
2024-11-08,179.39030350893603,179.6385602340535,176.8382322539701,177.10635375976562,22006200
2024-11-11,177.33473026430633,179.29099430009822,177.22549670866968,179.09239196777344,17450400
2024-11-12,178.56607957571185,181.21745921136755,178.13907018890748,180.353515625,25134900
2024-11-13,179.2016288670182,179.69814228328764,177.295004014443,177.6326446533203,23184000
2024-11-14,177.03680576065332,177.57304868487938,173.1044283607948,174.3556365966797,31007500
2024-11-15,172.51855985039145,172.9257045177489,170.02606777532782,171.28721618652344,32504600
2024-11-18,172.21071091338408,174.21662935117394,171.69433271949634,174.07760620117188,20135300
2024-11-19,172.50863268758198,177.6227151144133,172.34974474847573,176.87794494628906,23434900
2024-11-20,176.10338583496625,176.4410113425249,172.56821251491007,174.75286865234375,18997100
2024-11-21,172.68737314674925,172.91578024518503,162.5585017211108,166.4611053466797,59734400
2024-11-22,164.6934946716423,165.29924160304688,162.75708036226996,163.611083984375,38604600
2024-11-25,164.93182234405353,167.4541189743164,164.45517370894052,166.48094177246094,33135300
2024-11-26,166.4611039634079,168.63583529706082,166.41144958796977,167.94070434570312,20486700
2024-11-27,167.82153482882035,168.29818346613916,166.8483727748482,168.0499267578125,19266500
2024-11-29,167.3250068391348,168.2485144405321,165.99435463496883,167.77186584472656,14257200
2024-12-02,167.59315505838524,170.88007169070767,167.39455270779308,170.294189453125,23789100
2024-12-03,170.29415047106568,171.47583948992414,169.65861400321873,170.1451873779297,22248700
2024-12-04,169.956535651712,173.69032622472676,169.86716687371202,173.15408325195312,31615100
2024-12-05,174.13719150933292,174.83230728378396,171.12832132304757,171.4361572265625,21356200
2024-12-06,170.83039484206162,173.85912953542012,170.66158210864637,173.49171447753906,21462400
2024-12-09,172.9449339559485,175.23150110703355,172.6367300920802,174.34669494628906,25389600
2024-12-10,181.78306850285867,185.2725820417294,179.99356854584033,184.0895233154297,54813000
2024-12-11,184.22869140717978,194.46859270076922,183.77138405763577,194.2598114013672,67894100
2024-12-12,193.86214396789393,194.04108635776814,190.59134831615194,190.8398895263672,34817500
2024-12-13,189.89543056387427,191.60539539173107,188.53342951612586,188.71238708496094,25143500
2024-12-16,191.74457308879215,197.8388085792474,191.49603187198403,195.51246643066406,44934900
2024-12-17,196.09903250515634,200.2446984442106,193.84227386580446,194.2797088623047,43504000
2024-12-18,194.0808868210915,195.8504992556076,186.64453708673446,187.30067443847656,34166100
2024-12-19,190.51179268648156,191.90361724512766,187.28075730342815,187.4099884033203,32265200
2024-12-20,184.69595286927182,191.76446587529261,184.13922295556452,190.29310607910156,63462900
2024-12-23,191.49604252749893,193.96158245764806,189.04045395521715,193.49432373046875,25675000
2024-12-24,193.70308928801546,194.96568298339844,192.64927690043314,194.96568298339844,10403300
2024-12-26,194.01126236804703,195.60193217920934,193.2457663638235,194.45864868164062,12046600
2024-12-27,193.8124315456521,194.1802828500262,189.53751972128225,191.6352081298828,18891400
2024-12-30,188.69248471347018,191.42643795171404,188.0164447517429,190.12408447265625,14264700
