timestamp,open,high,low,close,volume
2015-01-02,39.522464486701985,40.166206594952655,39.42082167617118,39.6071662902832,27913900
2015-01-05,39.276833044051955,39.58176477133764,39.17519021201252,39.24295425415039,39673900
2015-01-06,39.285313214357785,39.59871389554198,38.57380678196122,38.6669807434082,36447900
2015-01-07,38.94649491212867,39.35306950794525,38.53145142586843,39.15825271606445,29114100
2015-01-08,39.59870116331834,40.44573220424493,39.57329126606398,40.31020736694336,29645200
2015-01-09,40.327155999250174,40.50503177599165,39.72576462198083,39.97140121459961,23944200
2015-01-12,40.16621831640922,40.26786438776945,39.26836730423394,39.47165298461914,23651900
2015-01-13,39.78505732708854,40.581265508461065,39.01425904827192,39.268367767333984,35270600
2015-01-14,38.92953872680664,39.16670957196847,38.64154809645517,38.92953872680664,29719600
2015-01-15,39.14977651119016,39.28530135114198,38.46368019140262,38.522972106933594,32750800
2015-01-16,38.378978387151854,39.20059631591751,38.26039132489493,39.166717529296875,35695300
2015-01-20,39.217548334677296,39.514011226797486,38.599215876714105,39.29378128051758,36161900
2015-01-21,38.91260140744742,39.082008246848666,38.52296793864125,38.895660400390625,39081100
2015-01-22,39.285319672333145,39.929062154529724,39.03121088281261,39.92059326171875,35898000
2015-01-23,40.115394633103314,40.14080453290265,39.641056039456025,39.962928771972656,26211600
2015-01-26,39.81047031786467,39.92058528942834,39.16672796422585,39.818939208984375,42525500
2015-01-27,36.38000116129832,36.59175902227076,35.66849461918419,36.134361267089844,169164000
2015-01-28,36.202114491789416,36.24446540506699,34.86380366027869,34.88921356201172,84507100
2015-01-29,34.66900497206479,35.67697145138356,34.55042106051779,35.583797454833984,63585300
2015-01-30,35.194154057486166,35.219567196705,34.177715730278635,34.220069885253906,78004900
2015-02-02,34.380999865507704,35.04168323149169,34.07606808700189,34.965450286865234,50352500
2015-02-03,35.26191292184913,35.51602165839568,34.77063323084697,35.23649978637695,52082400
2015-02-04,35.524483006105314,35.753181789785245,35.03320665058959,35.439781188964844,41614800
2015-02-05,35.7616575201765,36.11740906547864,35.45672577782178,35.95647430419922,36548200
2015-02-06,36.151290969098376,36.244464915751685,35.70236547831517,35.92259216308594,34616600
2015-02-09,35.77860616469024,36.202121845833425,35.75319302662726,35.8802490234375,31381100
2015-02-10,36.202125171214256,36.22753508044306,35.72778640154249,36.08353805541992,29670700
2015-02-11,36.12588511090521,36.12588511090521,35.753189282579974,35.897186279296875,38262500
2015-02-12,36.134353417673665,36.49857711791992,36.00729743622299,36.49857711791992,33268800
2015-02-13,36.744220067829254,37.159263610839844,36.549403249310465,37.159263610839844,40264900
2015-02-17,37.50901936605866,37.53461010434308,36.84363088319625,37.176326751708984,33695700
2015-02-18,37.21896722019284,37.27868109329173,37.014231616595175,37.13365936279297,27111700
2015-02-19,36.83509929864346,37.133668739530634,36.724200683101294,37.10807800292969,27603400
2015-02-20,37.11661129273174,37.43224559868233,36.928940446509536,37.415184020996094,29721100
2015-02-23,37.27867849840656,37.69667558100299,37.23602619975657,37.66255569458008,32518800
2015-02-24,37.662562436103485,37.79051935495749,37.46635596970172,37.61137771606445,25271700
2015-02-25,37.49195030879749,37.61137806918077,37.36399013457975,37.52607345581055,29759800
2015-02-26,37.5260786530421,37.730811055150326,37.440770773694624,37.585792541503906,28957300
2015-02-27,37.64549785270892,37.70521172756534,37.24455904653395,37.406639099121094,33807700
2015-03-02,37.25308702999733,37.69667812504996,37.15072085549658,37.43223190307617,31924000
2015-03-03,37.159257485316196,37.38958384470298,36.75831864629152,36.9203987121582,31748600
2015-03-04,36.69007149125159,36.86068396688332,36.57917614812892,36.73272705078125,25748700
2015-03-05,36.74126746858505,36.88628925626694,36.528002622236556,36.775390625,23193500
2015-03-06,36.681550859927846,36.775387906049566,35.956451737617755,36.13559341430664,36248800
2015-03-09,35.990573628173976,36.79245151817887,35.990573628173976,36.553592681884766,32108000
2015-03-10,36.12706275094286,36.43416464254024,35.85408401489258,35.85408401489258,39159700
2015-03-11,36.092935348887394,36.14411681740851,35.69199648993844,35.811424255371094,32215300
2015-03-12,35.25693838523687,35.52991706957931,34.85599951891277,34.992488861083984,59992500
2015-03-13,34.71952179663576,35.37637799259654,34.642746312584144,35.29960250854492,58007700
2015-03-16,35.37636480336135,35.521383300190095,35.214281478479236,35.45314025878906,35273500
2015-03-17,35.291055906325056,35.683465586064386,35.10338510731483,35.572566986083984,31673400
2015-03-18,35.34223579769365,36.53651973880581,35.256931196540755,36.255008697509766,44194800
2015-03-19,36.05028415178811,36.331795279394335,36.016164253363094,36.07587814331055,33879100
2015-03-20,36.30620675680965,36.6644901183506,36.246492863219494,36.579185485839844,71904500
2015-03-23,36.57918392157587,36.79244874789589,36.493876038550056,36.5621223449707,26246100
2015-03-24,36.49387535430015,36.82656795645541,36.468284616953724,36.59624481201172,25513300
2015-03-25,36.61331357929512,36.621845996953375,35.35078586147431,35.36784744262695,43469900
2015-03-26,35.163092501315774,35.4957849857298,34.90717220177103,35.15456008911133,37495600
2015-03-27,35.07780131675893,35.34225089999549,34.830416566039354,34.94984436035156,34401400
2015-03-30,35.060723362309425,35.43607140244619,34.89864332489879,34.9412956237793,35049700
2015-03-31,34.787752849710806,35.001017647963884,34.58302046571888,34.685386657714844,34887200
2015-04-01,34.63419901340359,34.770688342606825,34.3868143414593,34.736568450927734,36865300
2015-04-02,34.6853665248166,34.75361278264252,34.2247140469737,34.36973571777344,37487500
2015-04-06,34.412405997804484,35.64080999361883,34.275916664936226,35.44460678100586,39223700
2015-04-07,35.495793752678246,35.75171086126903,35.23987664408746,35.427547454833984,28809400
2015-04-08,35.36784050180013,35.56404376530546,35.0095571303982,35.333717346191406,24753400
2015-04-09,35.18868451156562,35.5043154372313,35.18868451156562,35.3848876953125,25723900
2015-04-10,35.512850863911446,35.785829512655546,35.32517682258906,35.58962631225586,28022000
2015-04-13,35.31665399968202,35.87967297049838,35.30812158491174,35.62375259399414,30276700
2015-04-14,35.657879432674896,35.854082688567836,35.30812523666348,35.52992248535156,24244400
2015-04-15,35.62374814131692,36.22089018825102,35.5555051024983,36.05027770996094,27343600
2015-04-16,35.785835605819386,36.11852818723786,35.67493699395899,35.9649772644043,22509700
2015-04-17,35.546981998599115,35.606699147678654,35.11192315647113,35.504329681396484,42387600
2015-04-20,35.59815311021652,36.826556948088715,35.55550080933466,36.60476303100586,46057700
2015-04-21,36.6815525746523,36.80951278064777,36.2806136330855,36.37445068359375,26013800
2015-04-22,36.40002987664343,36.79243953194344,36.29766369681664,36.673011779785156,25064300
2015-04-23,36.58771459538422,37.20191836191009,36.51093912456849,36.97159194946289,46309500
2015-04-24,38.950688618341005,41.066275352158094,38.942159456929545,40.8359489440918,130933700
2015-04-27,40.28999199519612,41.05774669824027,40.28146283367923,40.97243881225586,59248200
2015-04-28,40.75916361445799,41.97903841346363,40.69092057718614,41.93638610839844,60730800
2015-04-29,41.561041615449305,42.06434662941566,41.37336756659877,41.85108184814453,47804600
2015-04-30,41.54397875428164,42.26054852730023,41.45867089192097,41.492794036865234,64725500
2015-05-01,41.44160652257791,41.697523563968176,41.28805564691142,41.509849548339844,38937300
2015-05-04,41.26246852321793,41.688998081150366,41.10038846270203,41.151573181152344,34039500
2015-05-05,40.79329542503585,41.08333571691348,40.35823661430089,40.605621337890625,50369200
2015-05-06,40.580023186702725,40.75063566619627,39.257782165411896,39.479576110839844,52433000
2015-05-07,39.47104821838886,40.170556478022775,39.37721118894681,39.83786392211914,32971700
2015-05-08,40.56295763611207,40.929773292099846,40.53736690565406,40.73357009887695,35364900
2015-05-11,40.56296712572554,40.8700689797157,40.40941619873047,40.40941619873047,24609400
2015-05-12,39.9658272191877,40.67386800578163,39.59901145695569,40.392356872558594,29928300
2015-05-13,41.10892911228733,41.219827739512205,40.58003322378613,40.63121795654297,34184600
2015-05-14,40.97242989009932,41.6463473988899,40.97242989009932,41.56104278564453,32980900
2015-05-15,41.68900227367235,41.72312542273754,40.98949398864896,41.2027587890625,28642700
2015-05-18,40.92978112133633,41.13451676664938,40.61415012005129,40.95537185668945,24136500
2015-05-19,40.835168241679796,41.049819035742914,40.508898117616724,40.85234069824219,28574800
2015-05-20,40.68920399855506,41.15285049980608,40.586172534491894,40.85234069824219,25047900
2015-05-21,40.59476188559085,40.869514672186504,40.362938607779846,40.7149658203125,22410700
2015-05-22,40.61193298645085,40.6548624938003,40.19980382033545,40.26849365234375,25720600
2015-05-26,40.208397028115755,40.25132654116779,39.658888124989176,40.0023307800293,29581900
2015-05-27,40.19979273957218,41.01546625562356,40.028071482196545,40.878089904785156,27335600
2015-05-28,40.783652161357594,41.23012622016139,40.68920528493411,40.74072265625,19283700
2015-05-29,40.72355739798349,40.843761343658116,40.00233044862387,40.234153747558594,36519600
2015-06-01,40.40587691625635,41.01548454015537,40.028089326551694,40.55183792114258,28837300
2015-06-02,40.294247656046714,40.65485942089902,40.0280794901001,40.28565979003906,21498300
2015-06-03,40.67202944155309,40.98971495858422,40.19979837406406,40.225555419921875,28002200
2015-06-04,40.17403968150418,40.49172191020275,39.6674637234282,39.804840087890625,27745500
2015-06-05,39.761919615526125,39.9422255206983,39.35837502034987,39.6159553527832,25438100
2015-06-08,39.75332720328093,39.86494653552109,39.212406274298395,39.26392364501953,22121600
2015-06-09,39.28967598005107,39.44422479836558,39.032095707963855,39.19523239135742,24406100
2015-06-10,39.31544253390499,40.208390675684974,39.2295802460542,40.01949691772461,28417400
2015-06-11,40.06242509323861,40.285660483612695,39.607366446334936,39.873531341552734,27347800
2015-06-12,39.684648245454994,39.89929908490412,39.40989543298505,39.46999740600586,23931000
2015-06-15,39.02351739582114,39.195238696607326,38.65431774548981,39.04927444458008,33254500
2015-06-16,38.937648672479376,39.701808170918376,38.89471917320571,39.34978103637695,27070300
2015-06-17,39.263931158997465,39.55585643166076,38.94624883370008,39.46999740600586,28704100
2015-06-18,39.6846396071761,40.18262774313728,39.641706828382084,40.11394119262695,32658300
2015-06-19,40.174046146881395,40.20839106235199,39.487164214026485,39.581607818603516,63837000
2015-06-22,39.779084323520536,40.113939017969265,39.63312008921846,39.69322204589844,20318100
2015-06-23,39.60736220680871,39.73615070755448,39.16947278846468,39.4184684753418,25896500
2015-06-24,39.212394918663854,39.71038619881962,39.109363482370014,39.18663787841797,34890900
2015-06-25,39.52149920752284,39.547259527449164,39.06644061765838,39.19523239135742,20616000
2015-06-26,39.19522471223913,39.73614219505262,38.66288854220172,38.86036682128906,49835300
2015-06-29,38.67148388142854,38.83461728908655,38.08763351938501,38.09621810913086,34081700
2015-06-30,38.38814521668438,38.39673308217207,37.72702041250582,37.90732955932617,35945400
2015-07-01,38.17349013730616,38.83461486707315,37.864392520759445,38.1649055480957,28343900
2015-07-02,38.190676768972246,38.42250006744453,37.83006493266772,38.12199020385742,21752000
2015-07-06,37.74419227353089,38.19066628783743,37.73560768348946,38.1133918762207,23034000
2015-07-07,38.07045864643728,38.19925041162048,37.19468315899916,38.03611373901367,36435800
2015-07-08,38.15631805550677,38.55127794456117,37.804290938855075,37.98460006713867,39785900
2015-07-09,38.42249973887489,38.826044359651135,38.207848902344864,38.22502136230469,32424700
2015-07-10,38.64573505709218,38.75735440885556,38.26795076499313,38.30229568481445,25465800
2015-07-13,38.6199729426146,39.1694784864798,38.594215893780735,39.100791931152344,28178300
2015-07-14,39.02352599064834,39.46141229255059,38.90332203621682,39.16948699951172,22880300
2015-07-15,39.220986312953556,39.401292161526456,39.00633555742089,39.2896728515625,26629600
2015-07-16,39.50433033647687,40.08818075300681,39.46998869897776,40.06242370605469,26271700
2015-07-17,39.9679780250181,40.16545636659769,39.71898231268726,40.028079986572266,29467100
2015-07-20,40.053839812811844,40.46596894777643,39.87353065507448,40.28565979003906,30631900
2015-07-21,40.165451718072475,40.6376860403604,39.907871444749624,40.59475326538086,42781900
2015-07-22,39.01492964285379,40.29424989835544,38.808866701560035,39.100791931152344,59152400
2015-07-23,38.86897536213765,39.69323381994031,38.723011084538776,39.59020233154297,33934000
2015-07-24,39.41847589074144,39.770503099500694,39.324029007240654,39.44423294067383,32333200
2015-07-27,39.44423245533134,39.5043344213084,38.85179738699537,38.93765640258789,39701400
2015-07-28,39.13513572976811,39.186649825965915,38.45683841046569,38.92906951904297,34328900
2015-07-29,38.980587014890865,40.16545708557811,38.86037981431951,39.74474334716797,40945900
2015-07-30,39.71898353043708,40.69779395285285,39.43564617089645,40.251319885253906,39777900
2015-07-31,40.603343410823214,40.672029959088405,39.92504614190755,40.09676742553711,31201500
2015-08-03,40.33717648169969,40.35434893811495,39.88211785028435,40.19121551513672,24125900
2015-08-04,40.139699663610145,40.96395795084165,40.079597701539804,40.817996978759766,33403900
2015-08-05,41.195780003556465,41.56497963136992,40.817995785117404,40.85234069824219,26959700
2015-08-06,40.96395759903021,41.01547496978146,39.77908754955268,40.028079986572266,27368000
2015-08-07,39.830601874900104,40.165456598437935,39.718982541950396,40.1311149597168,19163000
2015-08-10,40.31142514501483,40.775071707970866,40.21697825900768,40.6376953125,23079900
2015-08-11,40.19980553610122,40.30283701319969,39.40989208616032,39.8477783203125,29237400
2015-08-12,39.65888058004931,40.26849134053517,39.24675143759419,40.1311149597168,30181400
2015-08-13,40.40585718600286,40.440198815769826,39.91645375223662,40.12251663208008,22627200
2015-08-14,39.95081026171473,40.44021387775974,39.94222566990325,40.35435485839844,21473400
2015-08-17,40.19122972849398,40.74073542686666,39.98516345394807,40.62911605834961,21099700
2015-08-18,40.48217890100022,40.992095460583336,40.3611823100669,40.85381317138672,23574100
2015-08-19,40.430317333482776,40.68959948183866,40.015470511786624,40.28339385986328,31485500
2015-08-20,39.81669368950089,40.16240105517822,39.462345123291016,39.462345123291016,36238200
2015-08-21,39.1512147472831,39.306782754373664,37.22390365600586,37.22390365600586,70053100
2015-08-24,34.959514722966034,36.89546618948889,34.32860176219419,36.022560119628906,88753700
2015-08-25,36.79176187559953,37.37082115713752,34.9076638560613,34.976806640625,70616600
2015-08-26,36.30778296224347,37.02512472716212,35.48673358376989,36.91276931762695,63408000
2015-08-27,37.362194110129316,37.98446627418885,37.102915140741494,37.941253662109375,50943200
2015-08-28,37.50910744306799,38.15730628162163,37.5004629456178,37.967166900634766,28246700
2015-08-31,37.64738725063794,37.96716440012924,37.249822816857076,37.612815856933594,34441700
2015-09-01,36.44604990385649,36.809042882756565,36.00527624759462,36.143558502197266,49688900
2015-09-02,36.61026430466803,37.491814961220314,36.19541751868623,37.47452926635742,37671500
2015-09-03,37.517739859936505,38.01037059814954,37.40538449775716,37.595523834228516,28285200
2015-09-04,36.99920108167705,37.19798171795156,36.471998686948226,36.82634735107422,37138800
2015-09-08,37.422685290815664,38.027671635304856,37.336260083135926,37.93260192871094,32469800
2015-09-09,38.20916550297259,38.37337800874054,37.08562134935983,37.22390365600586,33469500
2015-09-10,37.26711661976658,37.84617605108349,36.94733940071979,37.41404342651367,31366600
2015-09-11,37.28439301239058,37.67331293679225,37.11153934633323,37.578243255615234,27132500
2015-09-14,37.53503421136699,37.54367541187742,37.042403359528244,37.19797134399414,23656000
2015-09-15,37.327620789966666,38.27831469158016,37.23255436702504,38.01039123535156,28882200
2015-09-16,38.00173198641107,38.356080494104276,37.8893766165837,38.28693771362305,23372200
2015-09-17,38.27830766740329,38.89193518687103,38.096812761123005,38.243736267089844,32768200
2015-09-18,37.595528951911916,38.01902026890695,37.44860547875432,37.578243255615234,63143700
2015-09-21,37.699246492712675,38.43387387900795,37.68196079336231,38.122737884521484,26177200
2015-09-22,37.49183524327871,38.0708914983478,37.431336926985246,37.941253662109375,28085900
2015-09-23,37.9671708200282,38.174592623508275,37.60417771857289,37.915313720703125,17145200
2015-09-24,37.55231755586722,38.140018061037935,37.39674958115088,37.94987869262695,27905600
2015-09-25,38.44251885691579,38.65858517465716,37.82024680680932,37.97581481933594,29384600
2015-09-28,37.880747452307546,38.10545496644333,37.34490062406556,37.41404342651367,27613800
2015-09-29,37.48318379331164,37.65603750649332,37.20661917098508,37.54368209838867,32763600
2015-09-30,37.92394680614435,38.28693650145076,37.733807462750065,38.25236511230469,34958900
2015-10-01,38.67587103108162,38.67587103108162,37.81160575664404,38.554874420166016,28657900
2015-10-02,38.26100456341813,39.38454818725586,37.9585098936369,39.38454818725586,41839000
2015-10-05,39.54012786557344,40.525389540619884,39.49691527045748,40.300682067871094,34369300
2015-10-06,40.04139493271972,40.77601878873862,39.946325264948314,40.40438461303711,27017200
2015-10-07,40.706883997985216,40.92295026824397,39.71298113294074,40.44760513305664,27711500
2015-10-08,40.24018865935769,41.06988245516051,40.188331560778735,41.00938415527344,33772700
2015-10-09,41.009384510880416,41.087168510968304,40.55132171173615,40.71553421020508,28600600
2015-10-12,40.6031786253539,40.68096262508659,40.18833172574956,40.62046432495117,19769100
2015-10-13,40.240181064224835,40.73281186855804,40.240181064224835,40.525386810302734,19987800
2015-10-14,40.317971872864305,40.70688856544016,40.214257677728064,40.34389877319336,24697800
2015-10-15,40.62911605834961,40.64640176242776,40.21426905120684,40.62911605834961,27189400
2015-10-16,40.63775679311609,41.08717516676946,40.53404587516858,41.06124496459961,26450300
2015-10-19,40.98344212790724,41.38100650843786,40.63773812789646,41.15629577636719,29387600
2015-10-20,41.000736815282764,41.320517288990466,40.63774704111923,41.285945892333984,30802200
2015-10-21,41.41559230158582,41.47609390677788,40.715539506639374,40.7933235168457,25144300
2015-10-22,41.07852187081961,42.3057801085597,40.69824638850109,41.51065444946289,56637100
2015-10-23,45.20106422344653,46.7308138512479,45.15785162768236,45.693695068359375,135227100
2015-10-26,45.39984598582447,46.9468813516706,45.37391908707157,46.886383056640625,64633300
2015-10-27,46.66167551590624,46.99009388939551,46.307326946786915,46.40239334106445,50999900
2015-10-28,46.27276249995171,46.653038024902344,45.6850618633578,46.653038024902344,47000800
2015-10-29,46.27274783079295,46.523385466307154,45.99618330088392,46.11717987060547,30202100
2015-10-30,46.0826194129545,46.661678801454876,45.47763312390829,45.49491882324219,46619800
2015-11-02,45.67640357923863,46.11718057211108,45.47762302639962,46.01346969604492,30285000
2015-11-03,45.745571424304224,47.007398214651545,45.71964451531018,46.79997634887695,36596900
2015-11-04,46.825882355670984,47.43086857179604,46.72217146907829,47.016021728515625,37087800
2015-11-05,47.093810846678714,47.275305742209966,46.6703194601958,46.998741149902344,31468500
2015-11-06,46.748096749992946,47.51729211803417,46.63574137020538,47.46543502807617,32851200
2015-11-09,47.145675793997434,47.42224045169427,46.29005491453244,46.80861282348633,32513100
2015-11-10,46.73080812772603,46.78266521443748,46.03939678945332,46.24681854248047,55283700
2015-11-11,46.41105242364939,46.8431851216407,46.203627277972785,46.36783981323242,36516300
2015-11-12,46.22089335675237,46.65302587126603,45.97025570707618,46.082611083984375,35361100
2015-11-13,45.86654331082505,46.05668266593793,45.39983941931673,45.667762756347656,36848200
2015-11-16,45.875200529583864,46.575253264081354,45.676416623068754,46.47154235839844,32165200
2015-11-17,46.262695656980114,46.575928668952436,45.984267050589345,46.088680267333984,31551300
2015-11-18,46.11479079661224,46.9674789828576,46.09738859046869,46.854366302490234,29710000
2015-11-19,46.97618158273284,47.55914055043049,46.79346007842437,46.932674407958984,28149200
2015-11-20,47.2024065115807,47.24591036988486,46.34971827611891,47.15019989013672,37147600
2015-11-23,47.2024065115807,47.38512470793716,46.76736129027581,47.15019989013672,28235900
2015-11-24,46.915283972592725,47.367731486879016,46.619456352350575,47.202415466308594,24600000
2015-11-25,47.06319791704354,47.1850100628136,46.71516036987305,46.71516036987305,21005100
2015-11-27,46.8108642135566,47.05449178963051,46.80216476972219,46.92397689819336,9009100
2015-11-30,47.45473658580866,47.82017300200329,46.98488692001685,47.2894172668457,56241400
2015-12-01,47.34162742623196,48.05510142275575,47.24591693318792,48.04640197753906,39952800
2015-12-02,48.13341114898905,48.69026859524699,47.907189056121325,48.03770065307617,47274900
2015-12-03,48.28133817536592,48.524962528276475,46.92399538243667,47.15892028808594,38627800
2015-12-04,47.0892999562382,48.92519156025952,47.07189774682424,48.64676284790039,43963700
2015-12-07,48.542347395834526,48.69896394363543,48.10730216730573,48.559749603271484,30709800
2015-12-08,48.263925861784024,48.81208054112346,47.84628277884972,48.542354583740234,32878000
2015-12-09,48.176916443453024,48.61196175113597,47.428637983177175,47.837581634521484,36373200
2015-12-10,48.19432236708168,48.429247249625625,47.863686978412524,48.08991241455078,31775800
2015-12-11,47.602647095075525,47.941981835038966,46.99358312428216,47.03709030151367,39549500
2015-12-14,47.27202017547745,48.03769745351798,46.70646000227908,47.97679138183594,46768900
2015-12-15,48.429240187561476,48.63806338130475,47.93328883644479,48.02899932861328,39843000
2015-12-16,48.32482701582847,48.94259047230953,47.64615417093612,48.83818054199219,37503300
2015-12-17,49.03829841453419,49.412437574491506,48.31612174606208,48.46403884887695,41280900
2015-12-18,48.524947458008555,48.725067874196036,47.01098853149945,47.097999572753906,84684200
2015-12-21,47.75057326333387,48.159513590087954,47.185013043241376,47.707069396972656,37246300
2015-12-22,47.84627796015922,48.272620445596566,47.41993215559003,48.159507751464844,28322200
2015-12-23,48.464040998202144,48.620657552066405,48.23781561189519,48.568450927734375,27279800
2015-12-24,48.60325801676235,48.69026574296866,48.22911881963759,48.43793869018555,9558500
2015-12-28,48.159515585091796,48.68157196044922,47.837582977724104,48.68157196044922,22458300
2015-12-29,48.97739882359383,49.46464741697446,48.77727839143648,49.20362091064453,27731400
2015-12-30,49.134007273215964,49.40373318023508,48.977390731468034,48.99479293823242,21704500
2015-12-31,48.75987688906278,48.89038848455477,48.22041833980633,48.27262496948242,27334100
2016-01-04,47.26331476073622,47.68095779418945,46.45413034619191,47.68095779418945,53778000
2016-01-05,47.79408095431318,48.19432186747634,47.45474612275605,47.89849090576172,34079700
2016-01-06,47.26330996718155,47.33291879192976,46.67164823334757,47.028385162353516,39518900
2016-01-07,45.85378957893168,46.54116216381462,45.30563140068412,45.39263916015625,56564900
2016-01-08,45.5666423784556,46.358424667116886,45.375224709406275,45.53184127807617,48754000
2016-01-11,45.6884325523575,45.984263337652585,44.774838553959,45.505714416503906,36943800
2016-01-12,45.905987221248736,46.20181821360023,45.29692634211288,45.92338943481445,36095500
2016-01-13,46.810872095186646,47.0457969478493,44.63564566586448,44.93147659301758,66883600
2016-01-14,45.24470172960714,46.48022852980942,44.870562584389475,46.21050262451172,52381900
2016-01-15,44.644338230224974,45.21859774359737,43.800349506355175,44.365909576416016,71820700
2016-01-19,44.79226103883548,44.96627981236325,43.55673405313917,43.99177932739258,43564500
2016-01-20,43.48713133696547,44.70525960398153,42.72145061715158,44.1919059753418,63273000
2016-01-21,44.37460848910706,44.879262492558375,43.76554457150874,43.92216110229492,40191200
2016-01-22,44.73134786041512,45.53183276383337,44.600832971218516,45.49702835083008,37555800
2016-01-25,45.19250041709644,45.810267208880234,44.94017668881893,45.061988830566406,34707700
2016-01-26,45.062007018855546,45.62756409369092,44.853183749335855,45.39263916015625,28900800
2016-01-27,45.25340906653738,45.41872839901345,44.39202126130816,44.5660400390625,36775200
2016-01-28,45.122898181182784,45.42742855768615,44.59214239430647,45.29691696166992,62513800
2016-01-29,47.62006302442164,47.93329620361328,46.98489721956418,47.93329620361328,83611700
2016-02-01,47.75056679727759,47.93328500273157,47.419931483266716,47.6026496887207,44208500
2016-02-02,47.13280385754396,47.211112140402754,45.810269132356446,46.11479949951172,56313800
2016-02-03,46.33232140126351,46.45413354618694,44.60083976077943,45.3839225769043,57559800
2016-02-04,45.33172438710384,45.9494913099801,44.69655857097034,45.24471664428711,46987100
2016-02-05,45.19250171575843,45.24470834334983,43.121688608280174,43.643741607666016,62009000
2016-02-08,43.11300023522518,43.130402450231166,41.929676167883144,42.991188049316406,59290500
2016-02-09,42.65183351983911,43.713344912607546,42.34729987612555,42.878055572509766,46740500
2016-02-10,43.40881764715729,43.84386292855856,43.08688506827734,43.252201080322266,38237000
2016-02-11,42.35599722083543,43.6002266491861,42.20808013986664,43.23478698730469,48878600
2016-02-12,43.72203736258025,44.09617645529302,43.28699221469388,43.93955993652344,34243300
2016-02-16,44.605595561962204,44.772098541259766,43.93081505170879,44.772098541259766,37291200
2016-02-17,45.12262731225474,46.244338440543714,45.087573003755004,45.937618255615234,40789000
2016-02-18,45.858751176208784,46.402079587291425,45.65719057337595,45.736061096191406,27176000
2016-02-19,45.54329440495283,45.81495709004485,45.15770348216717,45.411842346191406,33559100
2016-02-22,45.814943251613,46.44590759434112,45.814943251613,46.139190673828125,25008300
2016-02-23,45.86751908832155,45.89380815171502,44.67569918435571,44.85096740722656,28895300
2016-02-24,44.42156090241838,45.13139570828737,43.992157261913555,45.00870895385742,33014500
2016-02-25,45.33294064632087,45.65718460083008,44.351443535314324,45.65718460083008,26939500
2016-02-26,46.095361693727895,46.16547031436674,44.78085514341668,44.95612335205078,35975900
2016-02-29,44.99995027434034,45.26285432132012,44.395278320807265,44.58807373046875,31654000
2016-03-01,44.66693833227286,46.0866046194193,44.623118768297964,46.077842712402344,33024500
2016-03-02,45.92886871670317,46.410853887983194,45.709784244033735,46.40209197998047,29289900
2016-03-03,46.41961743215496,46.41961743215496,45.37677324109577,45.876285552978516,24427800
2016-03-04,45.92009158780694,45.96390779922454,45.315416504170976,45.59584426879883,33034200
2016-03-07,45.18397806022198,45.39429725964466,44.32516741949202,44.71951675415039,38407800
2016-03-08,44.51795877788997,45.68348963573722,44.34269055242139,45.262847900390625,33835100
2016-03-09,45.47315043321378,46.314433595623704,45.44686137906413,46.30567169189453,28251600
2016-03-10,46.38453921271162,46.393301115877016,44.83342160140814,45.61336135864258,38387800
2016-03-11,46.44590073506421,46.50724411010742,45.90257226626863,46.50724411010742,32275700
2016-03-14,46.19176078362149,46.962938919340424,46.12165550380875,46.59487533569336,24083600
2016-03-15,46.22681261650433,46.96293640136719,46.21805071060869,46.96293640136719,21104800
2016-03-16,46.84025011260133,47.84803644846264,46.796433896774836,47.62895202636719,31691700
2016-03-17,47.50627064864373,48.19857830294266,47.32224051561643,47.9006233215332,28223900
2016-03-18,48.12846109810185,48.172280654029535,46.840247053526944,46.875301361083984,67625500
2016-03-21,46.66498785047973,47.26089782192293,46.38456002191392,47.199554443359375,23925700
2016-03-22,46.980464713758906,47.54132030786237,46.849012721344586,47.38357925415039,23124100
2016-03-23,47.41864242422153,47.532567282735464,47.09439835010428,47.295955657958984,20129000
2016-03-24,47.18201973483108,47.611426659013816,47.085622057384164,47.506263732910156,19950000
2016-03-28,47.506273161917235,47.57638179323477,46.73509827520551,46.91912841796875,17025100
2016-03-29,47.024281196409476,48.07588711278728,46.84025108035819,47.944435119628906,23924300
2016-03-30,48.137226284684445,48.759425199690796,48.11093722553179,48.24238586425781,23008300
2016-03-31,48.1547463509498,48.71560181674388,48.07587584213737,48.40011978149414,26360500
2016-04-01,48.24239733716565,48.73314773015523,47.82175557587325,48.69809341430664,24399200
2016-04-04,48.57538986206055,48.77694709407777,48.19856445434414,48.57538986206055,18928800
2016-04-05,48.36507865032464,48.46147633656525,47.72535250150255,47.81298828125,19272300
2016-04-06,47.637714872315726,48.37383862714261,47.506262888504104,48.30373001098633,21188700
2016-04-07,48.08464389925832,48.119698206096636,47.52378836169596,47.725345611572266,19225100
2016-04-08,47.90938059875593,48.443947132240964,47.60266374001683,47.6902961730957,22167200
2016-04-11,47.75164364430201,48.33002640348939,47.58513733866605,47.593902587890625,21414200
2016-04-12,47.64648790571924,48.0057862900275,47.1119212830491,47.89186477661133,24944300
2016-04-13,48.30373751150215,48.584165333745965,48.10218022319962,48.50529479980469,20818000
2016-04-14,48.391366607321366,48.70684869948493,48.259914621265594,48.51405334472656,20877100
2016-04-15,48.46149105690745,49.004819684526844,48.294988039256204,48.768211364746094,28793800
2016-04-18,48.627974522087115,49.59194453751158,48.38259772275375,49.47801971435547,23786000
2016-04-19,49.62701721225211,49.749703985848164,48.794495521896835,49.41669464111328,29596800
2016-04-20,49.32905139559985,49.513081515736566,48.62798188343868,48.715614318847656,36195700
2016-04-21,48.89965301323989,49.276478568906164,48.56664368296101,48.88212585449219,38909100
2016-04-22,45.49069104479752,45.94638706168857,44.49166657594386,45.376766204833984,126834100
2016-04-25,45.37676535687538,45.68348555982042,45.2453167067244,45.665958404541016,33226900
2016-04-26,45.79741606796802,45.876286610766144,44.772102354556154,45.078819274902344,33532600
2016-04-27,45.113867263892416,45.13139442016263,44.298872883625236,44.64064407348633,43369300
2016-04-28,44.36020885243747,44.49166083103444,43.4312931259562,43.729248046875,43134800
2016-04-29,43.24725740462577,44.03596254865231,43.24725740462577,43.70295333862305,48411700
2016-05-02,43.81688533778424,44.474138617851004,43.62408997254981,44.3514518737793,33114500
2016-05-03,44.11483473003494,44.17617809433695,43.46634343789034,43.62408447265625,26460200
2016-05-04,43.676664281476334,43.86945961511893,43.343655071447074,43.70295333862305,24257600
2016-05-05,43.702961740968185,44.079787233011395,43.58027499341238,43.764305114746094,25390700
2016-05-06,43.746777276777344,44.15865707397461,43.51893094100715,44.15865707397461,24787300
2016-05-09,44.24630233677256,44.33393479017105,43.81689529200681,43.878238677978516,17951600
2016-05-10,44.10608252360705,44.780859679308094,43.98339242506168,44.71075439453125,22891000
2016-05-11,44.80715009801804,45.37676762979717,44.69322525447693,44.73704147338867,24039100
2016-05-12,44.86847806371471,45.40304444255396,44.62310130474592,45.140140533447266,24102800
2016-05-13,45.07881113822857,45.481929030303164,44.72827805581285,44.76333236694336,22592300
2016-05-16,44.51795924639618,45.53451095325613,44.47414302530875,45.420589447021484,20032000
2016-05-17,45.64120555490432,45.65002874588518,44.441049600789526,44.57341766357422,27803500
2016-05-18,44.546953244652556,45.12938158480231,44.38810884585299,44.83816909790039,24907500
2016-05-19,44.53812170429638,44.67048976758926,43.96451666432468,44.4057502746582,23842400
2016-05-20,44.546949195386034,45.19997648290768,44.47635356141769,44.670494079589844,23905800
2016-05-23,44.652839722327435,44.72343871535714,44.10571099172829,44.14983367919922,26118700
2016-05-24,44.74108263350724,45.632372923121046,44.476343176833964,45.5264778137207,34757900
2016-05-25,45.817688500011705,46.320697825208285,45.70297020507686,45.99418258666992,24040200
2016-05-26,45.826517296281445,45.87063997851697,45.32351131283773,45.79121780395508,24335200
2016-05-27,45.81768900782982,46.170677185058594,45.68532096612759,46.170677185058594,17721400
2016-05-31,46.11773616293163,46.7707633972168,45.95889515786559,46.7707633972168,37653100
2016-06-01,46.276581959706284,46.72664214801594,46.276581959706284,46.63839340209961,25324800
2016-06-02,46.453065168891634,46.54131389406983,45.74709219918934,46.31187057495117,22840800
2016-06-03,46.22362428324949,46.25892040626378,45.53529770612973,45.70296859741211,23368300
2016-06-06,45.87947635698755,46.197161756902695,45.791227607278685,46.003021240234375,18243300
2016-06-07,46.10007637226764,46.53248330596294,45.97652816772461,45.97652816772461,20866800
2016-06-08,45.905941866685204,46.27657645642097,45.77357044672526,45.92359161376953,21149400
2016-06-09,45.888282575516335,45.888282575516335,45.438225900678745,45.55294418334961,20305700
2016-06-10,45.04994787870583,45.93241503937135,45.041124688291,45.42940902709961,25833200
2016-06-13,43.75271547094162,44.75872731221375,43.293832227031714,44.24689483642578,83217800
2016-06-14,44.03511533118868,44.21160608093672,43.74389953468294,43.97334289550781,42577100
2016-06-15,43.92919937402353,44.229238242173196,43.84977722167969,43.84977722167969,33757600
2016-06-16,43.69977239725467,44.53811683856947,43.69094584085892,44.4675178527832,31188600
2016-06-17,44.48517263125429,44.502822379697335,43.96451683439286,44.23808288574219,45710500
2016-06-20,44.6881525246848,44.855823499881545,44.14984682476187,44.18514633178711,35607900
2016-06-21,44.29983687005947,45.38527069960523,44.264537387876544,45.17347717285156,34097800
2016-06-22,45.07641618357447,45.411751221351814,44.961694530469344,44.99699401855469,28816800
2016-06-23,45.25291694425633,45.94124364945453,45.13819863201097,45.80887222290039,29028800
2016-06-24,43.95569314726396,44.95287867545238,43.69977684724593,43.97334289550781,133503000
2016-06-27,43.32914750101032,43.37327356358559,42.39373422210305,42.73789596557617,50216300
2016-06-28,43.170289971627945,43.6556495815704,42.94967319123407,43.629173278808594,38140700
2016-06-29,44.04393640188796,44.75873602280043,43.94686447439237,44.599891662597656,31304000
2016-06-30,44.75873808959109,45.27056732227707,44.56459422563507,45.155845642089844,28527800
2016-07-01,45.1205493082928,45.64120509590519,45.067600063904244,45.14702224731445,21400400
2016-07-05,44.8558100215691,45.25291757406786,44.7763878378003,45.155845642089844,24806400
2016-07-06,44.81167754915795,45.48235441966067,44.46751592423843,45.34115982055664,28167500
2016-07-07,45.376455945574065,45.54412684637214,45.067593812016746,45.34115982055664,19585200
2016-07-08,45.6500093063763,46.20596435909201,45.49116500560038,46.15301513671875,28391000
2016-07-11,46.32952862194406,46.62074441769915,46.30305568281915,46.40895080566406,22269200
2016-07-12,46.71781862514389,47.123756150038695,46.58545054718865,46.956085205078125,27317600
2016-07-13,47.26494361822331,47.52968310032959,46.9296051455046,47.22081756591797,25356800
2016-07-14,47.51204681905097,47.64441828079484,47.28260676722054,47.42380142211914,24545500
2016-07-15,47.60910556699988,47.65322825322457,46.956078365300854,47.38848876953125,32024400
2016-07-18,47.388498957857195,47.95327754218666,47.25612750437864,47.61793899536133,31433900
2016-07-19,47.39731027528523,47.564981189861676,46.70898696888313,46.850181579589844,53336500
2016-07-20,49.55053874397856,50.15943995069139,49.00340661074563,49.3387451171875,89893300
2016-07-21,49.400516892238514,49.621133707602034,49.20637301748807,49.24167251586914,32776700
2016-07-22,49.488766019413156,49.97412234368261,49.224023145861196,49.921173095703125,32157200
2016-07-25,49.83292648271779,50.07119304321335,49.64760580254653,50.0623664855957,25610600
2016-07-26,49.87705022615395,50.55655042422524,49.86822366834971,50.08884048461914,28079000
2016-07-27,49.95646097604872,50.12412850613799,49.51522744453985,49.58582305908203,32327500
2016-07-28,49.41816398570109,49.74467591231566,49.17107424300307,49.60348129272461,37550400
2016-07-29,49.647596329651286,50.08882986867406,49.46227905118446,50.01823425292969,30558700
2016-08-01,49.947639056296175,50.080010474573136,49.54170497755283,49.92999267578125,26003400
2016-08-02,50.16825584252778,50.2123818928501,49.691726142689724,49.92999267578125,35122000
2016-08-03,50.018234586127925,50.397695701522885,49.85056705206645,50.27415084838867,22075600
2016-08-04,50.12414243231856,50.75951997145098,50.00942073967618,50.644798278808594,26587700
2016-08-05,50.874218784021956,51.368398099899814,50.697724728489526,51.14778137207031,29335200
2016-08-08,51.23603820800781,51.26251114231531,50.98894514454081,51.23603820800781,19473500
2016-08-09,51.333116132255924,51.6243319282095,51.20074807019588,51.35959243774414,16920700
2016-08-10,51.32428566782813,51.4654802671564,51.02424672346244,51.200740814208984,15756900
2016-08-11,51.20956748115753,51.580205433527055,51.20956748115753,51.44783401489258,18162300
2016-08-12,51.20956820564663,51.35076281655996,50.84775680478468,51.13014602661133,21655200
2016-08-15,51.191918095248134,51.62432848167104,51.1477954108405,51.28899002075195,19283900
2016-08-16,51.15580470627499,51.16468289024174,50.85389564150118,51.00484848022461,20523500
2016-08-17,51.093637037842264,51.21795191247561,50.818365967349635,51.11139678955078,18856400
2016-08-18,50.987073444281265,51.23570655608602,50.853880400735875,51.146907806396484,14214300
2016-08-19,50.995956488562065,51.26234597068719,50.79172443935527,51.164669036865234,17271000
2016-08-22,51.14690324337093,51.28009966235926,50.844994296012935,51.20906066894531,15221900
2016-08-23,51.41330814463051,51.661937905264914,51.368907069665994,51.40442657470703,18732400
2016-08-24,51.32450619474964,51.53761982443498,51.25347057640535,51.45770263671875,18151500
2016-08-25,51.3955529470329,51.75961943765279,51.30675417656052,51.65306091308594,18552600
2016-08-26,51.750727917011204,52.1236759066363,51.22682712759634,51.52873611450195,20971200
2016-08-29,51.66194325327584,52.03488793283442,51.590904235839844,51.590904235839844,16417200
2016-08-30,51.48434376738615,51.67081608786195,51.15579681407263,51.40442657470703,16930200
2016-08-31,51.19131804225968,51.32451110965732,50.88052744367875,51.02260208129883,20860300
2016-09-01,50.62300085317467,51.34225539480647,50.62300085317467,51.138023376464844,26075400
2016-09-02,51.20906066894531,51.670803964159056,50.987068895515186,51.20906066894531,18900500
2016-09-06,51.306733560393134,51.32449330735136,50.80059262772267,51.15578079223633,16278400
2016-09-07,51.031478939745796,51.36002587378351,50.97819968531012,51.200191497802734,17493400
2016-09-08,51.17355436583689,51.31562899256459,50.77396841962578,50.9959602355957,20146100
2016-09-09,50.42766611639614,51.0758818689504,49.91264343261719,49.91264343261719,35113900
2016-09-12,49.726166249256536,50.80060581418395,49.379859561992845,50.658531188964844,29303000
2016-09-13,50.170143228288005,50.30333965373591,49.770557339270106,50.196781158447266,30130200
2016-09-14,50.072471753499926,50.285585379956665,49.75280300747791,49.957035064697266,24062500
2016-09-15,49.85935745549456,50.924915339056405,49.70840127668356,50.782840728759766,26847000
2016-09-16,51.173552919353824,51.173552919353824,50.39214080077592,50.836124420166016,44607000
2016-09-19,50.853884247373365,51.2801081161453,50.48093624511905,50.55197525024414,20937100
2016-09-20,50.92491903903422,50.92491903903422,50.39214005854395,50.44541931152344,17384000
2016-09-21,51.06699819461286,51.368907213655085,50.68517536999396,51.28899002075195,33707300
2016-09-22,51.431072916645945,51.50211193833992,51.173564931322765,51.34227752685547,19822200
2016-09-23,51.38666461226529,51.42218411577879,50.95156254986698,50.9959602355957,19955300
2016-09-26,50.68517541989918,50.738451290336094,50.463183593541515,50.52534103393555,21688700
2016-09-27,50.55197563837699,51.555379575852605,50.32998382664596,51.45770263671875,28065100
2016-09-28,51.39554306539206,51.555377434184805,51.209067376916465,51.52873611450195,20536400
2016-09-29,51.33339248853945,51.65305788149819,50.80061005895513,50.96932601928711,25463500
2016-09-30,51.120269875152594,51.29786398720573,50.91603783185558,51.146907806396484,29910800
2016-10-03,50.978205252012955,51.102520138611524,50.66741803551655,50.987083435058594,19189500
2016-10-04,50.85387792017892,51.1469053115462,50.58748845875617,50.827239990234375,20085900
2016-10-05,50.87164309375547,51.46657950812752,50.845001773644356,51.182430267333984,16726400
2016-10-06,51.271240234375,51.37779537614298,50.86277264749847,51.271240234375,16212600
2016-10-07,51.368913990005986,51.4843507032776,50.98708772769187,51.32451629638672,20089000
2016-10-10,51.422180046116516,51.848403892567326,51.38666054541411,51.53761672973633,18196500
2016-10-11,51.40441841905477,51.519855098460134,50.5164512578693,50.782840728759766,26497400
2016-10-12,50.71182632446289,50.85390099417376,50.08137018932885,50.71182632446289,22177500
2016-10-13,50.34774414188067,50.88052314107096,50.010315635819474,50.543094635009766,25313700
2016-10-14,50.720693908443586,51.271236102418094,50.720693908443586,50.987083435058594,27402500
2016-10-17,50.93380126037794,51.022596629154584,50.49869582378951,50.809486389160156,23830000
2016-10-18,51.08475480685523,51.45770281325246,50.97819968531012,51.200191497802734,19149500
2016-10-19,51.0314981301901,51.360045187778255,50.96934067030389,51.084774017333984,22878400
2016-10-20,51.058116229861064,51.075875981115814,50.31222361379265,50.836124420166016,49455600
2016-10-21,53.526658679266994,53.677614856067045,52.82516720564299,52.97611999511719,80032200
2016-10-24,53.224761391326226,54.16600799560547,53.21588320830803,54.16600799560547,54067000
2016-10-25,54.03279008271036,54.494533324810966,53.98839241059641,54.157108306884766,35137200
2016-10-26,53.9972786487176,54.34358526342072,53.69536970996927,53.83744430541992,29911600
2016-10-27,53.819697947609875,54.015051835204545,53.35795455068472,53.3668327331543,28479900
2016-10-28,53.28692399860385,53.739789284932094,52.90510111993909,53.1626091003418,33574700
2016-10-31,53.42011055184768,53.650980550431896,53.20699691772461,53.20699691772461,26434700
2016-11-01,53.25139334767438,53.29579102960865,52.61205588837762,53.10043716430664,24533000
2016-11-02,53.118206903468966,53.215883854488204,52.65646347240407,52.77190017700195,22147000
2016-11-03,52.86068732428508,52.95836426009071,52.48774271920118,52.5765380859375,21600400
2016-11-04,52.07928104768071,52.638697981464496,51.96384435566486,52.1325569152832,28697000
2016-11-07,53.08268338085516,53.7397806642522,53.08268338085516,53.65098190307617,31664800
2016-11-08,53.76641296402316,53.97064501233416,53.4112281185229,53.695377349853516,22935400
2016-11-09,53.278048011044554,53.801948951979575,52.567674715029376,53.42900085449219,49632500
2016-11-10,53.70424900115434,53.71313056892435,51.17354415880027,52.1236686706543,57822400
2016-11-11,51.706345611250235,52.49663612124045,51.51099168300022,52.407840728759766,38767800
2016-11-14,52.40783362491873,52.461112885581436,50.86276893896663,51.60866165161133,41328400
2016-11-15,52.145049393840154,53.182050035728494,52.136107822240476,52.62778854370117,35904100
2016-11-16,52.690354790688794,53.33401140169158,52.57414166608746,53.3250732421875,27332500
2016-11-17,54.00448269342768,54.48722512300378,53.61113890463019,54.2100944519043,32132700
2016-11-18,54.335253284889234,54.657081595830725,53.906150007037155,53.95084762573242,27686300
2016-11-21,54.08494430015537,54.50510942152287,54.013425381535484,54.40677261352539,19652600
2016-11-22,54.51404361495351,54.76435299149181,54.362071039257955,54.639198303222656,23206700
2016-11-23,54.540856942159095,54.62131400792066,53.86144437255747,53.995540618896484,21848900
2016-11-25,53.90615882209393,54.11177062988281,53.75418621163659,54.11177062988281,8409600
2016-11-28,53.941902115116555,54.54979919511794,53.82568559417855,54.18327331542969,20732600
2016-11-29,54.21904854587581,54.89846132169265,54.102831991121924,54.61239242553711,22366700
2016-11-30,54.40676580823704,54.69283462651516,53.83462817168081,53.870384216308594,34655400
2016-12-01,53.73629174492726,53.77205120000987,52.690349850121585,52.92278289794922,34542100
2016-12-02,52.81551094308794,53.16415712442485,52.56519815350003,52.96748352050781,25515700
2016-12-05,53.369770150680324,54.16539933414374,53.244615458028946,53.834632873535156,23552700
2016-12-06,54.022372674694616,54.04919056691334,53.45917306663071,53.59326934814453,19907000
2016-12-07,53.64689572154167,54.87163154123489,53.45916368852341,54.86268997192383,30809000
2016-12-08,54.80012165588415,55.05043448469028,54.38889806527345,54.540870666503906,21220800
2016-12-09,54.692848122477486,55.41696191566842,54.648150498006224,55.39908218383789,27349400
2016-12-12,55.26497885894166,55.694082137572266,55.175583621388924,55.57786560058594,20198100
2016-12-13,55.872879573737556,56.69532672416221,55.64044989520318,56.30198287963867,35718900
2016-12-14,56.319859442891094,56.72214483523941,55.89969432085955,56.033790588378906,30352700
2016-12-15,56.05167958768116,56.45396504655795,55.694091755299496,55.94440460205078,27669900
2016-12-16,56.275163463381254,56.275163463381254,55.53317000585286,55.69408416748047,42453100
2016-12-19,55.9265282335683,57.00822654678545,55.801370097558845,56.87413024902344,34338200
2016-12-20,56.936697539121795,57.03503435205555,56.34668007172918,56.80260467529297,26028400
2016-12-21,56.70426786235921,56.945639109503,56.42713715411045,56.80260467529297,17096300
2016-12-22,57.0707934872019,57.30322316263696,56.686387808043605,56.81154251098633,22176600
2016-12-23,56.72213677431891,56.80259384135463,56.141057577926624,56.53440475463867,12403800
2016-12-27,56.50757876271923,57.276389914899184,56.50757876271923,56.57015609741211,11763200
2016-12-28,56.67743896556394,56.67743896556394,56.16787867950302,56.3109130859375,14653300
2016-12-29,56.19469403865766,56.49864256494239,56.07847752296403,56.23045349121094,10250600
2016-12-30,56.284096281864095,56.310917579729846,55.452707662425794,55.55104446411133,25579900
2017-01-03,56.132136679456515,56.176834305951644,55.54211914317399,55.94440460205078,20694100
2017-01-04,55.85499832910808,56.09636957154949,55.53317000585286,55.69408416748047,21340000
2017-01-05,55.5957473564625,56.01591249073568,55.45271292503906,55.69408416748047,24876000
2017-01-06,55.69408777559102,56.45396101255154,55.46165808829878,56.17683029174805,19922900
2017-01-09,56.10531040703894,56.3913826937376,55.90864018583425,55.9980354309082,20382700
2017-01-10,56.078477475368686,56.38242600139544,55.6761921600084,55.980140686035156,18593000
2017-01-11,55.9712208008495,56.52547885506642,55.81030662217198,56.48971939086914,21517300
2017-01-12,56.37349585224855,56.67744442145673,55.38119307012158,55.97121047973633,20968200
2017-01-13,55.98015115604079,56.20364266079526,55.738779921680795,56.05167007446289,19422300
2017-01-17,56.03378115094017,56.05166087761202,55.45270196983704,55.89968490600586,20664000
2017-01-18,56.02485162237659,56.051672923252916,55.53317096896935,55.87287902832031,19670100
2017-01-19,55.640448387077825,56.301981353582576,55.6046889266695,55.69408416748047,18451700
2017-01-20,56.02484828845009,56.15894455422222,55.75665916711553,56.08742904663086,30213500
2017-01-23,56.05166231717769,56.427126356302075,55.935445795930455,56.28409194946289,23097600
2017-01-24,56.49864872859802,56.98139116010431,56.26621567185374,56.78471755981445,24672900
2017-01-25,57.16913616309945,57.303229039915585,56.7221530866252,56.927764892578125,23672700
2017-01-26,57.32110312051029,57.69656720849059,56.81153935649321,57.45519256591797,43554600
2017-01-27,58.4564418153219,58.92130799945653,58.00945877234166,58.80508804321289,44818000
2017-01-30,58.72462458605931,58.814019815678584,57.92899544773579,58.2239990234375,31651400
2017-01-31,57.982631014472474,58.241881953736225,57.446252818252454,57.794898986816406,25270500
2017-02-01,57.53564835896846,57.76808141274209,56.740019219178286,56.838356018066406,39671500
2017-02-02,56.54335501396287,56.68638945150283,56.09637197037423,56.47183609008789,45827000
2017-02-03,56.76685071223058,56.945644624862325,56.3824449936459,56.927764892578125,30301800
2017-02-06,56.766843590936894,56.90093986114114,56.44501527061455,56.891998291015625,19796400
2017-02-07,56.9813962916474,57.017152341112414,56.525471706318235,56.70426559448242,20277200
2017-02-08,56.829421596985924,57.04397494974745,56.51653484317729,56.623809814453125,18096400
2017-02-09,56.784720820369266,57.60717131499839,56.605926938040355,57.267459869384766,22644400
2017-02-10,57.43731673061848,57.48201775974394,57.19594549622184,57.21382522583008,18170700
2017-02-13,57.42834970728591,57.982610848852225,57.330012943130335,57.85745620727539,22920100
2017-02-14,57.929439403170555,58.20824678967365,57.578672648133846,58.07333755493164,23108400
2017-02-15,58.010384483421525,58.073341215366874,57.70459660304958,58.0373649597168,17005200
2017-02-16,58.22622439810727,58.67591721799762,57.95641282323379,58.028358459472656,20546300
2017-02-17,57.98339598172591,58.18126192953043,57.830502062701775,58.11830520629883,21248800
2017-02-21,58.109313494672236,58.415101354119514,57.96540848191915,58.00138473510742,20655900
2017-02-22,57.857487603688796,57.91144855353776,57.60566068870188,57.88446807861328,19292700
2017-02-23,57.93842395294554,58.21723818020108,57.73156908879952,58.11830520629883,20273100
2017-02-24,58.0373569268478,58.28019490343268,57.686597060019146,58.11830520629883,21796800
2017-02-27,58.04637031628876,58.04637031628876,57.60567311995956,57.76756286621094,15871500
2017-02-28,57.63262325431168,57.740545120472945,57.34481674405389,57.54268264770508,23239800
2017-03-01,57.67759048055138,58.45106257070086,57.57865752517643,58.406097412109375,26937500
2017-03-02,58.181257941500526,58.23521888292366,57.45275435433341,57.56967544555664,24539600
2017-03-03,57.55169132251269,57.81251056291931,57.218916149810404,57.78553009033203,18135900
2017-03-06,57.53369719903288,58.0643314026438,57.38979564209621,57.80350875854492,18750300
2017-03-07,57.73156669726004,58.262200933692164,57.73156669726004,57.92043685913086,18521000
2017-03-08,57.79452122540117,58.532017151200726,57.785525448005366,58.45106887817383,21510900
2017-03-09,58.63095213666238,58.63994105260012,57.9923891549198,58.21723556518555,19846800
2017-03-10,58.5590035005877,58.693912727998146,58.235224099509956,58.39711380004883,19538200
2017-03-13,58.469063896597326,58.630953590473595,58.073332008951326,58.19924545288086,20100000
2017-03-14,58.037361443319995,58.055353000939526,57.69559732800495,57.929439544677734,14280200
2017-03-15,58.055347474333274,58.388115779160515,57.78552902987565,58.23522186279297,24833800
2017-03-16,58.23522065934777,58.24421643711528,57.83049986279306,58.136287689208984,20674300
2017-03-17,58.37912352582106,58.67591556363708,58.17226181532607,58.34314727783203,49219700
2017-03-20,58.37912910521933,58.62196022514346,58.20824362638154,58.39711380004883,14598100
2017-03-21,58.63096241169901,58.909769813523624,57.677608799095495,57.74956130981445,26640500
2017-03-22,57.66860794875885,58.58597825441097,57.66860794875885,58.48704528808594,20680000
2017-03-23,58.4061039963709,58.67591556363708,58.253203226975614,58.34314727783203,19269200
2017-03-24,58.78383401070318,58.86477540817459,58.2442041089277,58.44207000732422,22617100
2017-03-27,58.12729070841671,58.657931797430365,57.87546383028187,58.55000305175781,18614700
2017-03-28,58.42408733775193,58.88277591178996,58.145279999497205,58.72088623046875,20080400
2017-03-29,58.567998364557276,58.9097624551291,58.415097582935985,58.882781982421875,13618400
2017-03-30,58.83781013922607,59.34147079116839,58.78384919364122,59.0986328125,15122800
2017-03-31,59.04467702288534,59.53034616086404,58.8647957522809,59.23354721069336,21040300
2017-04-03,59.18856631165477,59.30549083547557,58.63095161072909,58.95473098754883,20400900
2017-04-04,58.81082443486949,59.188564743897835,58.71189146891906,59.11661911010742,12997400
2017-04-05,59.629264848632374,59.67423000917682,58.85579272488894,58.963714599609375,21448600
2017-04-06,58.999694589383665,59.413411146191045,58.89177270781422,59.11661911010742,18103500
2017-04-07,59.224553025937524,59.32348601199085,58.85580841936799,59.071659088134766,14108500
2017-04-10,59.00869719382406,59.19756737018971,58.78385076551709,58.936744689941406,17952700
2017-04-11,58.99969892807998,59.008694706128175,58.32515967159636,58.89177703857422,18791500
2017-04-12,58.83780976620188,58.918758045834224,58.55900240009002,58.66693115234375,17108500
2017-04-13,58.72088714296148,59.23353666481706,58.41509246826172,58.41509246826172,17896500
2017-04-17,58.49604514567135,58.900765954854265,58.469064673294916,58.89177703857422,16689300
2017-04-18,58.75687583986938,59.09863997292896,58.60398190100871,58.81083679199219,15155600
2017-04-19,59.0446584091383,59.13459558520353,58.361123519862566,58.49603271484375,26992800
2017-04-20,58.87378327241025,59.13460593187172,58.58598014158516,58.909759521484375,22299500
2017-04-21,59.06264945568649,59.98901550620611,58.864783529989595,59.71920394897461,32522600
2017-04-24,60.69054661439541,60.85243630568799,60.348775676239995,60.735511779785156,29770000
2017-04-25,61.068273244801304,61.194186658483595,60.7984548659013,61.08625793457031,30242700
2017-04-26,61.23017936908293,61.437034235013854,60.81646277545284,61.005332946777344,26190800
2017-04-27,61.29312107350275,61.499975888745674,60.7804716307371,61.40104293823242,34971000
2017-04-28,61.976680558554754,62.18353545592807,60.87942875303584,61.57195281982422,39548800
2017-05-01,61.76981409131341,62.55228217047057,61.6079243805143,62.426368713378906,31954400
2017-05-02,62.6961637760888,62.6961637760888,62.17451852766223,62.32741928100586,23906100
2017-05-03,62.39937012473186,62.39937012473186,61.79678342277215,62.12955856323242,28928000
2017-05-04,62.08458467288013,62.12955669599556,61.733824850235294,61.88671875,21749400
2017-05-05,61.9676876025573,62.08460529501873,61.598936103474166,62.05762481689453,19128800
2017-05-08,62.03062350495112,62.10257599696254,61.53595869958177,62.00364303588867,18566100
2017-05-09,61.93170769114432,62.30944808613971,61.76981797017927,62.093597412109375,22858400
2017-05-10,62.04861121687295,62.5612607393113,61.98565449874079,62.3364143371582,17977800
2017-05-11,61.48201560958498,61.814790835416396,61.26616493265694,61.57195281982422,28789400
2017-05-12,61.70684644799664,61.70684644799664,61.194196931438896,61.49998474121094,18714100
2017-05-15,61.28413736125559,61.58993204897378,60.771487817575256,61.544960021972656,31530300
2017-05-16,61.71684002608651,62.81133388881503,61.65352242745265,62.78419876098633,34956000
2017-05-17,62.313820683338,62.50377344004336,60.9931918264108,61.038421630859375,30548800
2017-05-18,60.96607728993633,61.626388490810434,60.73089464937082,61.246482849121094,25201300
2017-05-19,61.05651711333207,61.599240329675,60.99319951977706,61.2283821105957,26961100
2017-05-22,61.409287953061074,61.9610585152852,61.05651751506206,61.915828704833984,16237600
2017-05-23,62.16002659621753,62.18716170806013,61.85247922610925,62.123844146728516,15425800
2017-05-24,62.2957246420686,62.304765080880195,61.91581227793341,62.205265045166016,14593900
2017-05-25,62.38617586267229,63.2093043464549,62.33190562669269,62.97412872314453,21854100
2017-05-26,63.13693907429628,63.5168444846779,62.883661899611155,63.28166198730469,19827900
2017-05-30,63.12789536348743,63.68871307373047,63.10980068513566,63.68871307373047,17072800
2017-05-31,63.797253876888504,63.98720659400026,63.14598347473517,63.173118591308594,30436400
2017-06-01,63.53496803279995,63.86965074053197,62.82037970078916,63.40833282470703,21603600
2017-06-02,63.715842491616804,65.00028849580546,63.534930229768094,64.90983581542969,34770300
2017-06-05,65.09979782746258,65.93197364772291,64.95506799727914,65.38020324707031,33316800
2017-06-06,65.3983120899,65.68776491185639,65.37117006503877,65.59730529785156,31511100
2017-06-07,65.70585631460955,65.82344415775582,65.0817208293024,65.47972106933594,22301800
2017-06-08,65.58827375720215,65.59731419894965,64.67468536036299,65.08172607421875,24588300
2017-06-09,65.16314212935835,65.19932460174434,62.04247117180117,63.607330322265625,49187400
2017-06-12,62.639456584939495,63.26359200691739,61.62636830451296,63.11886215209961,47761700
2017-06-13,63.335946167624336,64.05958159534876,63.28167592592961,63.90581130981445,25258600
2017-06-14,64.14100055597869,64.31285863965537,62.80227694524148,63.56208801269531,25510700
2017-06-15,62.657532846501375,63.50780333448326,62.23240450360848,63.22739791870117,26068700
2017-06-16,63.07364805601537,63.345006220042706,62.612330205738544,63.31787109375,48345100
2017-06-19,63.7701376122246,64.16813784255356,63.63445508814883,64.10482025146484,23798300
2017-06-20,64.05959805070576,64.10482786446906,63.20028679800832,63.23646926879883,21512200
2017-06-21,63.50781776533422,63.87868285856736,63.26359475110966,63.56208801269531,19891100
2017-06-22,63.80632902413,63.85155193776211,63.05555826660867,63.55305862426758,22965700
2017-06-23,63.39927278209626,64.44854361167035,63.2455024746552,64.41236114501953,27617300
2017-06-26,64.58421711133279,64.8646225623179,63.715858736357255,63.797264099121094,19607000
2017-06-27,63.41735963068722,63.48067721422823,62.57613636301443,62.603271484375,25215100
2017-06-28,62.60328012616749,63.17313845670011,62.22337457247909,63.136962890625,25806200
2017-06-29,62.75705204566988,62.85655210767872,61.5901933284663,61.95201110839844,28918700
2017-06-30,62.21430835925089,62.75703140005568,62.178125903050855,62.34999084472656,24161100
2017-07-03,62.71183428175859,62.95605733511826,61.526880782730025,61.66256332397461,16165500
2017-07-05,61.74396399120173,62.81132253313341,61.707781526938014,62.485687255859375,21176300
2017-07-06,61.75300325985304,62.21432104408894,61.61732764781244,62.02436828613281,21117600
2017-07-07,62.14194243972596,63.173118270872315,62.14194243972596,62.82939529418945,16878300
2017-07-10,62.82940147239545,63.543989513562344,62.594218938329504,63.299766540527344,15014500
2017-07-11,63.31784326744337,63.93293116379957,63.09170811291679,63.30879592895508,17460000
2017-07-12,63.941982491379804,64.47565817682981,63.81534734903242,64.35807037353516,17750900
2017-07-13,64.67466892072392,65.16312179385146,64.50280395579975,64.91889190673828,20269800
2017-07-14,65.34402092862116,66.27569678384131,65.09075062635917,65.83247375488281,25868100
2017-07-17,65.85059006781096,66.43853621931785,65.7782251287915,66.34808349609375,21803900
2017-07-18,66.11291198204393,66.38427709832492,65.7239658970636,66.30287170410156,26435300
2017-07-19,66.48375195150739,66.97220483479319,66.43852214892392,66.80938720703125,22416200
2017-07-20,67.09885018646904,67.20739758848772,66.28476192407888,67.1350326538086,42361000
2017-07-21,66.43850059824221,67.19831824836855,66.18523034856567,66.74604797363281,46717100
2017-07-24,66.5108935314992,66.70989364043305,66.14907577899218,66.57421112060547,21394800
2017-07-25,66.75511689181778,67.2164277523897,66.48375187881162,67.1078872680664,22018700
2017-07-26,67.2435806770565,67.27976314844368,66.76417500810268,66.98126983642578,16252200
2017-07-27,66.71893928993455,67.31593270049561,65.41639817438394,66.17621612548828,36844200
2017-07-28,65.7329900889694,66.31189575288457,65.61540224823972,66.06767272949219,18306700
2017-07-31,66.30283891189126,66.42947406323046,65.49779820647854,65.7601089477539,23600100
2017-08-01,66.12193136253806,66.41138414364436,65.57016092025754,65.65157318115234,22132300
2017-08-02,65.62445456797627,65.63349500949516,64.62041347134841,65.36213684082031,26499200
2017-08-03,65.29880147808683,65.52493667433886,64.99125402261285,65.26261901855469,18214400
2017-08-04,65.4887569564852,66.06766253103832,65.34402711229752,65.74202728271484,22579000
2017-08-07,65.8505873100945,65.9410400295306,65.36213434381945,65.48876953125,18705700
2017-08-08,65.20835466130028,66.14907809024764,64.90081404663856,65.84153747558594,22044600
2017-08-09,65.35306293813484,65.5882454429531,65.17215756587316,65.55206298828125,22213400
2017-08-10,65.03648477760677,65.29880243724406,64.53898457810526,64.59326171875,24734500
2017-08-11,64.77416760951988,65.76011377461576,64.47566748755374,65.57920837402344,21443700
2017-08-14,66.08573435431363,66.68273446579124,65.98623433573403,66.56513977050781,20096600
2017-08-15,66.91980228177401,66.91980228177401,66.41965842048833,66.58334350585938,19181400
2017-08-16,66.69246651455195,67.38358213430215,66.53787696238336,66.97437286376953,18150400
2017-08-17,66.91073002250401,67.17444533212961,65.83768463134766,65.83768463134766,22977500
2017-08-18,65.71946477363609,66.23779985880283,65.41028560677485,65.91952514648438,18761500
2017-08-21,65.90133127461155,65.91042681872739,65.2011200729065,65.61033630371094,17734800
2017-08-22,65.79219179002152,66.60152160027295,65.79219179002152,66.52877807617188,14343700
2017-08-23,66.34692188185839,66.5197025465449,65.95589670347753,66.12867736816406,13766500
2017-08-24,66.14685850025248,66.2559842210515,65.53758883599355,66.10139465332031,17098300
2017-08-25,66.2559644628173,66.7015488819335,65.91041019013655,66.21958923339844,12794300
2017-08-28,66.43784767136559,66.4651273647115,65.97407900875065,66.22869873046875,14569700
2017-08-29,65.70128851120805,66.52880980048839,65.51941920743198,66.42877960205078,11478400
2017-08-30,66.39235988005342,67.4835888474763,66.22867484115353,67.30171966552734,16897800
2017-08-31,67.3199418373323,68.16564719307308,67.11079285373006,67.99286651611328,27652800
2017-09-01,67.93830247436591,67.9655821714173,66.96528729828147,67.23809814453125,21736200
2017-09-05,66.69248000714688,67.1926309393099,66.36511668721192,66.9380111694336,21556000
2017-09-06,67.05623426095175,67.3290451573507,66.70158425835469,66.74705505371094,16535800
2017-09-07,67.00166300530357,67.83827276406929,66.92891252074968,67.60183715820312,17471200
2017-09-08,67.59274980113084,67.69277998477546,67.14715827839821,67.27447509765625,14703800
2017-09-11,67.57454084743607,68.14744210011246,67.57454084743607,67.98375701904297,17910400
2017-09-12,67.98375357577612,68.42024247794306,67.62910374106573,67.91100311279297,14394900
2017-09-13,68.13836272701602,68.41117357282718,67.79280833514082,68.39298248291016,13380800
2017-09-14,68.202022437584,68.64760704157305,67.76552644132134,67.99286651611328,15733900
2017-09-15,68.04743578849121,68.55667535788416,67.3563199886945,68.48392486572266,38578400
2017-09-18,68.41118149663941,69.08410620628317,68.23840081175527,68.34752655029297,23307000
2017-09-19,68.39295599058609,68.847635932237,68.21108678907186,68.60211181640625,16093300
2017-09-20,68.52027969869603,68.70215587491644,67.57454439595003,68.14744567871094,21587900
2017-09-21,68.30204525849106,68.42025958699966,67.3926850574065,67.4836196899414,19186100
2017-09-22,67.28356026366892,67.75643145996102,67.15625038879054,67.66549682617188,14111400
2017-09-25,67.37448404190587,67.51998498281928,66.31053442847673,66.61972045898438,24149200
2017-09-26,66.99255447880824,67.11986433317412,66.37418935565967,66.61972045898438,18019600
2017-09-27,66.88344610021191,67.4472449891613,66.53788478079876,67.15625,19565100
2017-09-28,66.87435554969838,67.26538074601072,66.66519963349342,67.17444610595703,10883800
2017-09-29,67.23807640888829,67.78369098714232,67.18351009455684,67.73822021484375,17079100
2017-10-02,67.93829332749755,68.21110413701746,67.5654592882119,67.84735870361328,15304800
2017-10-03,67.90194030137798,68.09290515536048,67.46545118880921,67.52910614013672,12190400
2017-10-04,67.37449096325325,67.9473923046203,67.02893659988536,67.92011260986328,13317700
2017-10-05,68.40207863322225,69.22050424003073,68.16564302728467,69.08409881591797,21195300
2017-10-06,68.81127577965106,69.13864596438974,68.69306146655474,69.11136627197266,13959800
2017-10-09,69.0840889644008,69.61151949556127,68.98405879684046,69.37508392333984,11386500
2017-10-10,69.4114591604406,69.68426303189572,69.23867851867874,69.37508392333984,13944500
2017-10-11,69.43875724921938,69.52969189712776,69.06591617356537,69.49331665039062,15388900
2017-10-12,69.55697370199984,70.28446478301338,69.44785489635619,70.12987518310547,16876500
2017-10-13,70.55724321151459,70.81186985426872,70.28443935822081,70.46630859375,15335700
2017-10-16,70.40266052095097,70.7573104212633,70.33900558853253,70.61181640625,12380100
2017-10-17,70.44813981597822,70.58454524131986,70.24807945052623,70.55725860595703,16824000
2017-10-18,70.62999120490329,70.79367628628815,70.35718736117279,70.57543182373047,13300700
2017-10-19,70.53907288574119,70.86644312413756,70.33901252473586,70.84825897216797,15092800
2017-10-20,71.22109480056241,71.81218035310987,71.13016016275546,71.66667938232422,22866400
2017-10-23,71.83035424161993,72.1486288973998,71.6212052983362,71.68486022949219,20627200
2017-10-24,71.74851818336712,72.02132206929987,71.3483974918915,71.71214294433594,17517200
2017-10-25,71.4575116258484,71.9303757808685,70.93917669494317,71.50297546386719,20410800
2017-10-26,72.02131427181274,72.22137459589075,71.61210501828351,71.62120056152344,32120700
2017-10-27,76.72271685076221,78.38684061989646,76.03160120769265,76.21347045898438,71066700
2017-10-30,76.11344371223024,76.68634506151024,75.57692454028536,76.28622436523438,31756700
2017-10-31,76.71361676419986,76.71361676419986,75.57691666626881,75.64057159423828,27086600
2017-11-01,76.0952516334107,76.16800210476632,75.36776079558811,75.64057159423828,22307400
2017-11-02,75.79515313920373,76.80454327461361,75.58600422847401,76.43170928955078,23992900
2017-11-03,76.45898280087916,76.87728752640457,75.8406177853491,76.51354217529297,17633500
2017-11-06,76.5681209158795,77.02280098530365,76.45900213945276,76.81365203857422,19860900
2017-11-07,77.08644729149444,77.20466853655076,76.3225881905144,76.63176727294922,17939700
2017-11-08,76.51357054486654,76.94097097055356,76.23167108871897,76.89550018310547,18034200
2017-11-09,76.48630022321571,76.63179427272169,75.38597502320137,76.46810913085938,21178400
2017-11-10,76.19531590233102,76.47721543267969,75.68607625063795,76.26806640625,19397800
2017-11-13,76.07704669936959,76.33166634168239,75.89517057067121,76.32257080078125,14196900
2017-11-14,75.93155852412568,76.47717312594737,75.45869438597782,76.43170928955078,18801300
2017-11-15,76.2854916729021,76.48655673872858,75.57262969239734,75.8376693725586,19383100
2017-11-16,75.9473354973416,76.23979187072446,75.80111079700515,76.03872680664062,20962800
2017-11-17,75.96560753364997,75.96560753364997,75.16134738751832,75.30757904052734,22079000
2017-11-20,75.30758360582203,75.4812249884105,75.17049316599262,75.4263916015625,16315000
2017-11-21,75.61831789496593,76.62363619866012,75.61831789496593,76.51396942138672,21237500
2017-11-22,76.6145105620485,76.67848518021991,75.89250731542234,75.95648193359375,20553100
2017-11-24,75.86506992278463,76.24891752710327,75.65486367887193,76.09355163574219,7425600
2017-11-27,76.13925813684499,76.75159454217378,76.13012388695623,76.65106201171875,18265200
2017-11-28,76.8338333886005,77.73861905763889,76.78813425500198,77.57411193847656,21926000
2017-11-29,77.41876199016056,77.61068583993806,76.02045467556005,76.16667938232422,27381100
2017-11-30,76.32203618538085,77.24509731968689,76.16666331553645,76.92522430419922,33054600
2017-12-01,76.40428932033316,77.51014005974442,76.05699959998627,77.00748443603516,29532100
2017-12-04,77.15372473993054,77.16286596336427,73.75391478447482,74.10121154785156,39094900
2017-12-05,74.33882475036785,75.56349065365859,74.0098174190722,74.56730651855469,26152300
2017-12-06,74.53075790837296,75.98389865270026,74.42108414602903,75.6548843383789,26162100
2017-12-07,75.43553831320183,75.67316129468448,74.94201687752708,75.38983917236328,23184500
2017-12-08,76.43171238201037,77.29994721429784,76.1575384660588,76.91609954833984,24489100
2017-12-11,77.03491871667569,78.02196169170824,76.87955277784019,77.89401245117188,22857900
2017-12-12,77.96710301532802,78.64341395388834,77.75690372925013,78.2138671875,23924100
2017-12-13,78.36008539013173,78.59770832113539,77.83914736970232,78.00365447998047,22062700
2017-12-14,78.07677852955825,78.4789086132223,77.25424289147685,77.40047454833984,19306000
2017-12-15,77.92143191087042,79.59391332078297,77.57413512621213,79.37457275390625,53936700
2017-12-18,79.62131828665615,79.96860801701183,78.80792386007128,78.94500732421875,22283800
2017-12-19,78.91759891959384,78.91759891959384,77.93055603781379,78.4423599243164,23524800
2017-12-20,78.78051306399004,78.87191135196471,77.41876364023433,78.15904235839844,23674900
2017-12-21,78.6434249928172,78.68911716143045,78.04937101916508,78.14076232910156,17990700
2017-12-22,78.04936219298102,78.25956148479362,77.61067419310079,78.14989471435547,14145800
2017-12-26,77.96710513209028,78.16817017481247,77.7112067041563,78.04936218261719,9891200
2017-12-27,78.27784636161158,78.5794439351101,77.88485748567064,78.33267974853516,14678000
2017-12-28,78.5063421849588,78.53375888333804,78.18646908268316,78.34183502197266,10594300
2017-12-29,78.25954956481254,78.64340412100749,78.14074159069753,78.17729949951172,18717400
2018-01-02,78.71653962973676,78.88104678877039,78.14076805947431,78.55203247070312,22483800
2018-01-03,78.65255524343243,79.06382657629845,78.57030516048502,78.91759490966797,26061400
2018-01-04,79.13695941751936,80.11486829584662,79.11868394000743,79.6122055053711,21912000
2018-01-05,80.1148552731523,80.80030061817499,79.90464896601935,80.59923553466797,23407100
2018-01-08,80.60837219134093,80.95566897238564,80.06001729349926,80.68148803710938,22113000
2018-01-09,81.01964453830931,81.09276038492972,80.29764124153238,80.62665557861328,19484300
2018-01-10,80.29762053595367,80.59921809595957,79.8863562070068,80.26106262207031,18652200
2018-01-11,80.5443722744686,80.5443722744686,79.73097792069636,80.4986801147461,17808900
2018-01-12,81.037918264908,82.0523779535648,80.8368531773961,81.88787078857422,24271500
2018-01-16,82.34482520663133,82.97543709777433,80.43472103303876,80.74545288085938,36599700
2018-01-17,81.41263287677727,82.5093426768711,81.11103524130267,82.38139343261719,25621200
2018-01-18,82.07066702145777,82.8657792391248,81.94271776866742,82.34484100341797,24159700
2018-01-19,82.38141301979259,82.8109600016511,81.94273178453764,82.25346374511719,36875000
2018-01-22,82.25342298392356,83.73398710780944,82.01580003183368,83.72484588623047,23601600
2018-01-23,83.9898910522461,84.35546323963982,83.6608767808627,83.9898910522461,23412800
2018-01-24,84.58393297588559,85.38818609579573,83.69742281345376,83.91676330566406,33277500
2018-01-25,84.5108456680247,85.21456651379141,84.01732416450702,84.38289642333984,26383200
2018-01-26,85.10490244067924,85.9639892578125,84.61138092136723,85.9639892578125,29172200
2018-01-29,86.95102119781802,87.23433635927987,85.65324642715453,85.83602905273438,31569900
2018-01-30,85.26940280390865,85.59841712384056,84.17268607989872,84.75759887695312,38635100
2018-01-31,85.6806492188202,87.18863003961326,85.46130870917857,86.83219909667969,48756300
2018-02-01,86.63115456125138,87.8009801864911,85.52530355699474,86.14677429199219,47227900
2018-02-02,85.58013105880019,85.88172866810588,83.62432766894977,83.8802261352539,47867800
2018-02-05,82.76524182612775,85.21456690708808,80.42559051513672,80.42559051513672,51031500
2018-02-06,79.41113233081234,83.6060617243607,77.9122923093065,83.4689712524414,67998600
2018-02-07,82.70124105573275,83.8710663413631,81.52227454898409,81.89698791503906,41107600
2018-02-08,81.98841821832637,82.14378418771751,77.4644808187755,77.69296264648438,55628700
2018-02-09,78.87190007275802,81.27552548675487,76.61449934773083,80.59008026123047,63499100
2018-02-12,81.10188960340845,82.05237463235815,80.36161087727021,81.45832061767578,35720300
2018-02-13,81.27552494818946,82.25342651788257,80.24278999208475,82.09806060791016,26407700
2018-02-14,81.27168802164068,83.54887064732105,81.1798673844781,83.38359069824219,34960900
2018-02-15,83.75084457049358,85.13735871896351,83.20909813821837,85.08226776123047,27823900
2018-02-16,84.88946127348312,85.85359536046568,84.29262370155219,84.47626495361328,30596900
2018-02-20,83.99876125199373,85.44954339950802,83.56719676929528,85.1373519897461,30911700
2018-02-21,85.37611824531966,85.72503940330421,84.00796508789062,84.00796508789062,26922500
2018-02-22,84.52217032615066,85.14656032843654,83.88859616053976,84.22834014892578,24392800
2018-02-23,85.94540976861359,86.376974385746,84.80681867618591,86.36779022216797,26329200
2018-02-26,86.67998800047926,87.64411500407954,86.54225356983231,87.61656951904297,30199800
2018-02-27,87.91038229593512,88.00220289636489,86.49632263183594,86.49632263183594,25869100
2018-02-28,87.08399675746891,87.88285081997239,85.9729512026658,86.10150146484375,31167300
2018-03-01,86.30352257804596,86.83609202436394,84.32934756529123,85.25675201416016,37135600
2018-03-02,84.09059172169235,85.53219688331046,83.42947218163206,85.44037628173828,32830400
2018-03-05,84.78845051661145,86.56061579560543,84.7149982242347,85.98213958740234,23901600
2018-03-06,86.6248979494578,86.7626323927048,85.33939516039193,85.68831634521484,22175800
2018-03-07,85.54140691434773,86.2576176308536,84.87110300977957,86.18415832519531,26716100
2018-03-08,86.56061619368148,87.32274064999186,86.10150608826042,86.70753479003906,25887800
2018-03-09,87.49720610274092,88.64498138427734,87.23092139676874,88.64498138427734,36937300
2018-03-12,88.60825426879894,89.2601898067012,88.18587379376923,88.85617065429688,26073700
2018-03-13,89.06736558738335,89.28773648916224,86.2851593089817,86.68917846679688,35387800
2018-03-14,87.34109302382151,87.60737767698272,85.85357403199566,86.1749496459961,32132000
2018-03-15,85.88112943987333,86.845263398787,85.2383781375734,86.47797393798828,27611000
2018-03-16,86.93709150172901,87.57984285939811,86.2392421666423,86.86363220214844,49081300
2018-03-19,86.07395804496848,86.22087663696011,84.57726166773998,85.29347229003906,33344100
2018-03-20,85.4403950569533,86.10150773682784,85.3944812433464,85.51384735107422,23075200
2018-03-21,85.33019606888861,86.35860512570227,84.66907646132722,84.91699981689453,24457100
2018-03-22,83.80597617828549,84.24672507032273,82.32764772017283,82.44701385498047,38604700
2018-03-23,82.18071635971292,83.06220700179819,79.95862492828141,80.05044555664062,44068900
2018-03-26,83.19993834157687,86.31270446338297,83.00711292758038,86.1106948852539,56396800
2018-03-27,87.17582556827018,87.35946680089926,81.27166956876013,82.15316009521484,56569000
2018-03-28,82.47454692259561,83.76924090597103,81.60224044129602,82.0797119140625,52501100
2018-03-29,82.80511240774645,84.74255792925136,81.17068128658278,83.80596923828125,45867500
2018-04-02,83.07137916092131,83.44784578442716,80.3534483225835,81.28084564208984,48515400
2018-04-03,82.25416904952918,82.68573367412152,80.702374634837,82.37353515625,37213800
2018-04-04,80.66563708906557,85.17410129388138,80.55545515686715,84.77926635742188,35560000
2018-04-05,84.8803009328017,85.45877729633112,83.92535082084876,84.82520294189453,29771900
2018-04-06,84.00795014011355,84.89862470659473,82.16233288954147,82.85099792480469,38026000
2018-04-09,83.59478622452741,85.55059315848733,83.20913533706472,83.34686279296875,31533900
2018-04-10,84.83436816834286,85.65158362878041,84.1457029822125,85.28429412841797,26812000
2018-04-11,84.4854364474892,85.66075709753153,83.99878089759328,84.34770202636719,24872100
2018-04-12,84.8711232442392,86.45964783186744,84.8711232442392,85.92707824707031,26758900
2018-04-13,86.35863916105396,86.47800530178309,84.88030362413843,85.46796417236328,23346100
2018-04-16,86.37698277745353,86.91873639376213,85.78013818525301,86.46880340576172,20288100
2018-04-17,87.23093677799399,88.6449970148405,87.12074780956995,88.21343231201172,26771000
2018-04-18,88.35114443672101,88.8102545142301,87.70838612493,88.55315399169922,21043300
2018-04-19,88.55316696474958,89.13164322519089,87.5431190418864,88.25015258789062,23552500
2018-04-20,88.06648722283886,88.25012842828629,86.35859739141857,87.23090362548828,31154400
2018-04-23,87.91041249743286,88.41543648149097,86.89118736994479,87.55230712890625,22331800
2018-04-24,88.36952755505756,88.58072132520986,84.85274881802547,85.50468444824219,34524800
2018-04-25,85.6699608475403,85.6699608475403,82.8969314872132,84.76091766357422,33729300
2018-04-26,85.89950188137296,87.36865278949124,85.48629859112886,86.55143737792969,42529000
2018-04-27,89.61830252127729,89.89377142158538,86.23007427809249,87.98387145996094,48272800
2018-04-30,88.45214385580131,88.51641898254026,85.53220365951428,85.87194061279297,41523600
2018-05-01,85.5872889165209,87.49718827721111,85.20163818180353,87.23090362548828,31408900
2018-05-02,87.22174750975215,87.38702744998581,85.56895511288063,85.86278533935547,27471000
2018-05-03,85.35775100621007,87.1666459646309,84.88945673140658,86.3769760131836,31142500
2018-05-04,85.6883392409735,87.57069412222621,85.3210496293307,87.37786865234375,22531300
2018-05-07,87.38698629688217,88.80104578507797,87.32271118403064,88.35111999511719,24242000
2018-05-08,88.01139242426565,88.29604541005533,87.28599772735515,87.97466278076172,23484600
2018-05-09,88.15832300367343,89.03981355141954,87.27683245592732,89.01226806640625,27327400
2018-05-10,89.48975075792475,89.9396767492296,89.11328407288417,89.9029541015625,22388100
2018-05-11,89.80194878981935,89.86622393106428,89.10409939525641,89.71012115478516,16778300
2018-05-14,89.91211015815817,90.61914355544552,89.35199533891722,90.01311492919922,19454100
2018-05-15,89.28775436695899,89.84786940045653,88.46135456299001,89.36121368408203,24594000
2018-05-16,89.7854199427847,89.82230879833322,89.10299370471166,89.59175872802734,17384700
2018-05-17,89.23209000394792,89.95140500746761,88.37444356840622,88.69721221923828,17246700
2018-05-18,88.54042871652265,89.38885107340639,88.54042871652265,88.86319732666016,17865800
2018-05-21,89.45340288589671,90.38482688597753,89.26896569427754,90.00672149658203,19422500
2018-05-22,90.0805242259945,90.53240039614269,89.63786499290967,89.9145278930664,15441200
2018-05-23,89.1859886709671,91.04883718574835,88.82633112287336,90.98428344726562,21251200
2018-05-24,91.04883611500317,91.24249732817387,89.27820624233009,90.66150665283203,26649300
2018-05-25,90.65228894889249,91.27938541111409,90.24651858044625,90.7076187133789,18363900
2018-05-29,90.22805492442178,91.18714387822328,89.66551933315677,90.38483428955078,28671000
2018-05-30,90.66149382620088,91.52836421227096,90.2926193975852,91.25170135498047,22158500
2018-05-31,91.5652475568824,92.21078480397527,90.93815121578005,91.15025329589844,34140900
2018-06-01,91.5560007203405,93.013078183685,91.45455817315661,92.94852447509766,28655600
2018-06-04,93.38195726824715,93.93527576211811,93.00385195867572,93.76005554199219,27281600
2018-06-05,94.06441138016856,94.36873910558559,93.63097620199797,94.23963165283203,23514400
2018-06-06,94.50707182187898,94.61773133385046,93.97219406125488,94.51628875732422,21122900
2018-06-07,94.66386125999459,94.70075011592704,92.57046265976503,93.03156280517578,28232200
2018-06-08,93.22520901582797,94.01830170113963,92.71800315901712,93.72319793701172,22165100
2018-06-11,93.1514656313899,93.68633652337824,92.83791383252562,93.1883544921875,23490900
2018-06-12,93.23444700062433,93.55721569180383,92.91167830944481,93.42810821533203,18325200
2018-06-13,93.80620002212194,94.07363890889046,92.7364444750479,93.0038833618164,29492900
2018-06-14,93.74165015380716,94.09208369098961,93.14221862676612,93.529541015625,25691800
2018-06-15,93.6125610509819,93.63100196252238,92.28459027349344,92.33992004394531,65738600
2018-06-18,92.2292158874813,93.24363439141673,91.68511427653354,93.0130844116211,23586000
2018-06-19,91.89722335370942,93.14219183744049,91.75889195866662,93.0130844116211,28653100
2018-06-20,93.48344939844003,94.54397414262168,93.2528993173866,93.94454956054688,26180800
2018-06-21,94.13819456458198,94.48862809450561,93.03155014469925,93.27132415771484,23198200
2018-06-22,92.5981216430664,92.93010722842186,91.87879960661444,92.5981216430664,38923100
2018-06-25,92.2200103689668,92.32145294323894,89.73007290333607,90.73526763916016,35433300
2018-06-26,91.13183087794368,92.29380519427043,91.0672771401383,91.3716049194336,26897200
2018-06-27,91.83269763923961,92.23846094302884,89.8223009210481,89.95140838623047,31298400
2018-06-28,89.80384621092799,91.39925553309246,89.69318669815428,90.95659637451172,26650700
2018-06-29,91.23326754466933,92.1370268510677,90.6799488228759,90.93816375732422,28053200
2018-07-02,90.46784220985514,92.27535383741453,90.3756235929466,92.229248046875,19564500
2018-07-03,92.66267194030688,92.80099633081876,91.24248289914642,91.34392547607422,14670300
2018-07-05,91.7588909096791,92.14621318270943,91.32545582688599,91.99866485595703,18977400
2018-07-06,92.11854375006754,93.5387323833538,91.91565865448,93.28974151611328,19234600
2018-07-09,93.74165681950791,94.29497556234107,93.37277531234263,93.92609405517578,18212000
2018-07-10,94.06441279774866,94.53473683176941,93.93530534304941,94.17507934570312,19293100
2018-07-11,93.28052421369026,94.37793734469871,93.23441140291526,94.04595184326172,19644600
2018-07-12,94.7745006692124,96.28691529800363,94.73761885694064,96.08403015136719,24335900
2018-07-13,96.25003959729743,97.38434192904685,95.99181762532447,97.22756958007812,24635200
2018-07-16,97.19988477364616,97.58720709846229,96.38834424260908,96.74800872802734,21786900
2018-07-17,96.47134759785804,98.21430512595954,96.20390873960068,97.70709228515625,25901700
2018-07-18,97.69787704999767,97.799319619923,96.5727918459736,96.9416732788086,29493900
2018-07-19,96.76645964390954,97.11689315940295,95.80737066716968,96.27769470214844,40171600
2018-07-20,99.67139191767527,99.78205143054332,97.8269916543689,98.00220489501953,56004000
2018-07-23,98.02988131638405,99.72672625944745,97.87310193956468,99.56995391845703,29707000
2018-07-24,100.12327905913658,100.35382911748734,98.91519900484398,99.2840805053711,26316600
2018-07-25,99.56071886993736,102.5025393493425,99.22872628134745,102.20743560791016,30702100
2018-07-26,102.12445062718776,102.36422465497036,100.98092432179509,101.09159088134766,31372100
2018-07-27,101.6080213200837,101.6080213200837,97.88233155768518,99.30252075195312,37005300
2018-07-30,98.85065311692796,99.16419784397677,96.60970609043389,97.17224884033203,34668300
2018-07-31,98.20510192005268,98.41721107173576,97.18145908732066,97.8270034790039,27655200
2018-08-01,97.78089402306915,98.16821644993259,97.21835129250712,98.01144409179688,23628700
2018-08-02,97.19988504772797,99.6805983562788,96.68344824402236,99.20105743408203,26104300
2018-08-03,99.41316493211374,99.64371493702511,98.50940581709695,99.63449096679688,18659600
2018-08-06,99.70827421498812,99.98493001480666,99.1918373908361,99.71749114990234,20265900
2018-08-07,100.1140454052042,100.61203432738317,99.75438791182417,100.40914916992188,16080200
2018-08-08,100.82413134078567,101.21145366621715,100.29847760317784,100.9716796875,15487500
2018-08-09,101.17458416518872,101.58957848106479,101.07314157925207,101.1376953125,13677200
2018-08-10,100.90713590116202,101.15613387475953,99.94804692769652,100.51981353759766,18183700
2018-08-13,100.74114003069124,101.05469173289815,99.68983244744965,99.79127502441406,18472500
2018-08-14,100.11404709364356,101.21146753524033,99.63450610632557,101.03624725341797,16788300
2018-08-15,100.43448859768287,100.89736301272248,98.8884897465473,99.66612243652344,29982800
2018-08-16,100.25860352870431,100.77702062586044,99.33285467640937,99.6476058959961,21384300
2018-08-17,99.38841325243581,99.88831856022277,98.76816311723704,99.59207916259766,18061500
2018-08-20,99.52730102067333,99.888342652895,98.57378045029787,98.93482208251953,17914200
2018-08-21,98.98107721125476,99.37914954698577,97.99052610553863,98.11087799072266,22881900
2018-08-22,97.99053179559597,99.36989584991643,97.92572964708171,99.11068725585938,18000600
2018-08-23,99.19400919547144,100.14752955879334,98.93480059917863,99.57356262207031,18167700
2018-08-24,99.67541154535068,100.49932774249895,99.57357857150937,100.35121154785156,17234000
2018-08-27,101.15658306539498,101.49911271414486,100.45301895976844,101.46208190917969,19662300
2018-08-28,101.77685019376133,102.29526738826925,101.63798642725969,102.07308959960938,19151500
2018-08-29,102.24896703287192,103.71165204508694,102.08233194207648,103.702392578125,20818000
2018-08-30,103.37838754442372,104.24859385116497,103.16546923292591,103.6375961303711,22798700
2018-08-31,103.39690871355248,104.40597173963764,103.2395260147658,103.98938751220703,23222700
2018-09-04,102.6192455400156,103.64682719767188,102.03602638144135,103.41539001464844,22634600
2018-09-05,102.767385151496,103.14693851960499,100.0734525203691,100.43449401855469,32872400
2018-09-06,100.21233191599471,100.89738421660626,99.52727961538318,100.66594696044922,23477600
2018-09-07,100.19379664135467,100.64741157986032,99.26804783294962,100.17527770996094,22498600
2018-09-10,100.75853272858626,101.49913486369903,100.31417709784292,101.25843811035156,20727900
2018-09-11,100.81407437425726,103.30433455097608,100.8048149060138,102.9803237915039,24301800
2018-09-12,103.15618149972654,103.54499427210938,102.30449436129682,103.41539001464844,18891100
2018-09-13,103.79496371253516,105.28541992761669,103.79496371253516,104.52630615234375,26055600
2018-09-14,104.94291185765987,105.28544154549142,104.09122443499749,104.9521713256836,19122300
2018-09-17,105.24840558990361,105.25765799457025,103.55428323253648,103.81349182128906,20736500
2018-09-18,103.85978572981045,105.25766167704629,103.4246825565088,104.80404663085938,22170900
2018-09-19,104.65595610949742,104.90590530068438,102.79519812921657,103.40618896484375,21728400
2018-09-20,103.94308924027172,105.35023157600118,103.61907852576292,105.1373062133789,23714500
2018-09-21,105.53538817732326,106.72960525950992,105.08177313557785,105.77608489990234,71229700
2018-09-24,104.63744188433824,106.36859561195264,103.88758721408115,106.15567016601562,27334500
2018-09-25,106.27597546466534,106.55369589409963,105.30393630438653,105.95195770263672,22668000
2018-09-26,105.97049126208778,106.51667979272784,105.29469137100475,105.51687622070312,19352000
2018-09-27,106.25748543097149,106.37783733973885,105.72054923330055,105.91496276855469,19091300
2018-09-28,105.71128694553958,106.06306904410987,105.23915294945213,105.87792205810547,21647800
2018-10-01,106.22969606685939,107.09064290573443,106.21118419483062,107.02584075927734,18883100
2018-10-02,106.73886987565925,107.23876815472856,105.94272511580095,106.60000610351562,20787200
2018-10-03,106.84994462819988,107.55351582436879,106.39632960963893,106.6185073852539,16648000
2018-10-04,106.10010043508444,106.2389642068008,103.34136512591644,104.41523742675781,34821700
2018-10-05,104.26713487620425,104.76704031583486,102.4248958570719,103.80426025390625,29068900
2018-10-08,103.36913178158373,103.71165437492729,101.22138742401492,102.61927032470703,29640600
2018-10-09,102.88774202520891,104.68369732317404,102.5729907592874,103.9245834350586,26198600
2018-10-10,102.98032686825242,103.22102360943941,97.93499714927592,98.27752685546875,61376300
2018-10-11,97.52766488098419,100.84184830679771,96.46305201859208,98.04608917236328,63904300
2018-10-12,100.91588617723222,102.98030219967032,99.16622138002909,101.4343032836914,47742100
2018-10-15,100.82333947559324,101.35101618847393,99.00886499536306,99.61060333251953,32068100
2018-10-16,101.40654032189832,103.13769339236036,100.86034477142793,102.75813293457031,31610200
2018-10-17,103.38763975361738,103.50798457067155,101.41579709503202,102.48966217041016,26548200
2018-10-18,101.92496842142594,102.32304079321209,99.82352119737652,100.44377136230469,32506200
2018-10-19,100.84181460176434,102.62851002461046,100.1752743519913,100.59186553955078,32785500
2018-10-22,101.20288821203226,102.3323032093066,100.20307751973317,101.4898681640625,26545600
2018-10-23,99.76797979330264,100.87888297770238,97.3054908009247,100.07347869873047,43770400
2018-10-24,100.36044012083705,100.43449466390994,94.04682593796849,94.72262573242188,63897800
2018-10-25,98.63856794461381,101.15659952585064,98.2682668976097,100.25862884521484,61646800
2018-10-26,97.84239898279905,100.67518822585262,96.98145226304115,99.01809692382812,55523100
2018-10-29,100.08272310110335,100.62891161079169,94.08386658454805,96.13903045654297,55162000
2018-10-30,95.9631519492038,96.62968534650538,92.6767399268155,96.0279541015625,65350900
2018-10-31,97.6109704168172,100.11048972768616,97.56468014469212,98.87924194335938,51062400
2018-11-01,99.10142921655735,99.35137832864301,97.69428683895909,98.05532836914062,33384200
2018-11-02,98.57376628196619,99.35139212793257,97.18514264596476,98.27752685546875,37680200
2018-11-05,98.47193690742945,99.7402086876284,98.0368336888862,99.52729034423828,27922100
2018-11-06,99.40693657716623,100.75852942597564,98.38861397194327,99.72169494628906,24340200
2018-11-07,101.3139663623149,103.90605915935069,101.27693555712673,103.6468505859375,37901700
2018-11-08,103.49874388972418,103.87829731751893,102.67482782195279,103.45245361328125,25644100
2018-11-09,102.61926070582862,103.17470861459252,100.68444896000531,101.4343032836914,32039200
2018-11-12,101.29547836528377,101.79538379364594,98.22199122502113,98.93482208251953,33621800
2018-11-13,99.56430307043802,100.66593952560729,98.72186813005159,98.99959564208984,35374600
2018-11-14,100.50578986370327,100.65455299662078,97.13080608657411,97.5956802368164,39495100
2018-11-15,97.61429096140353,100.22688901459387,96.61016799366831,99.74341583251953,38505200
2018-11-16,99.55743960394672,101.23098211874841,99.2971112412053,100.68243408203125,33502100
2018-11-19,100.66384697741442,100.93347484006408,96.27544088762545,97.27027130126953,44773900
2018-11-20,94.64839357218705,95.73619753931239,92.37050564913933,94.56471252441406,64052500
2018-11-21,96.32193828105675,97.09363119921817,95.05747981791106,95.86636352539062,28130600
2018-11-23,94.99239522284569,96.51718207787826,94.83433969244517,95.82917022705078,13823100
2018-11-26,97.42831809643602,99.13905143872118,97.233071818898,98.99029541015625,32336200
2018-11-27,98.80434430574573,99.78988228323944,97.95827707912099,99.61322784423828,29124500
2018-11-28,100.31053915106988,103.50887543367779,100.28264783823118,103.31362915039062,46788500
2018-11-29,102.57915409117757,103.31365626013557,101.37047819928856,102.44898986816406,28123200
2018-11-30,102.92312279397312,103.17415878002096,101.67726361212803,103.09977722167969,33665600
2018-12-03,105.06155129439023,105.45204385341853,102.9510259071901,104.2154769897461,34732800
2018-12-04,104.07602283185734,104.72684377860173,100.60805868970606,100.89627838134766,45197000
2018-12-06,98.38594196009211,101.56567870478928,97.62354881498786,101.51919555664062,49107400
2018-12-07,100.76610863944614,101.76093894231765,96.9727413263663,97.45620727539062,45044900
2018-12-10,97.43762469565718,100.39422457394883,96.59155033765839,100.0316162109375,40801500
2018-12-11,102.08635871972184,103.15556351188069,99.89215232454038,100.96135711669922,42381900
2018-12-12,103.09981183461493,103.45311371522365,101.37977850765998,101.4169692993164,36183000
2018-12-13,101.88182763790101,103.08120388112394,100.99856243424438,101.76095581054688,31333400
2018-12-14,100.64524176683051,101.58428942674672,98.08843423926668,98.5811996459961,47043100
2018-12-17,98.00476612466221,98.36736737353206,94.5646933545878,95.66179656982422,56957300
2018-12-18,96.46137832785277,97.1679889648928,95.3177848901882,96.66592407226562,49319200
2018-12-19,96.36841071902464,99.37149369355274,94.22998683591966,96.40560150146484,68198200
2018-12-20,95.810543686343,96.98202117461754,91.84051536250094,94.37873077392578,70334200
2018-12-21,94.49030848146617,95.76406608889972,90.61326012960724,91.32917022705078,111242100
2018-12-24,90.81782939712777,91.08745730037397,87.37776294989673,87.51721954345703,43935200
2018-12-26,88.4562494970154,93.61635521285486,87.35914625893676,93.4954833984375,51634800
2018-12-27,92.32399825580859,94.08122177031775,89.62772708170264,94.0719223022461,49498500
2018-12-28,94.91800216091694,95.21552843167096,92.52854927290323,93.33743286132812,38196300
2018-12-31,94.17420378303974,95.20622493748444,93.38391916665485,94.43453216552734,33173800
2019-01-02,92.55646189075033,94.60190566229775,91.9893147635324,94.01616668701172,35329300
2019-01-03,93.06779726525407,93.15147829530453,90.37152595462861,90.55747985839844,42579100
2019-01-04,92.71448358198734,95.30848168577683,91.97998171660622,94.76922607421875,44060600
2019-01-07,94.49962882604429,96.0151161967689,93.88599855752062,94.89012145996094,35656100
2019-01-08,95.80125495145272,96.66592105732857,94.56468814855425,95.57811737060547,31514400
2019-01-09,96.56364641282622,97.51198643405203,95.98719998836931,96.94483947753906,32280800
2019-01-10,95.9686052996386,96.46137068481697,95.18761316407223,96.32190704345703,30067600
2019-01-11,95.94071859951318,96.17315564847533,94.49960605858148,95.57811737060547,28314200
2019-01-14,94.7413499397321,95.6432068947515,94.14631161561098,94.88081359863281,28437100
2019-01-15,95.308517619586,97.67007958394521,94.72277154386,97.63288879394531,31587600
2019-01-16,97.86531766738658,98.79506605881,97.58639031259263,97.97688293457031,29853900
2019-01-17,97.62357343374724,99.13906063913635,97.40043582348393,98.6648941040039,28393000
2019-01-18,99.91077423677292,100.31986585189952,98.46966829939026,100.1432113647461,37427600
2019-01-22,99.25064412722521,99.57605465649982,97.4934201757248,98.25581359863281,32371300
2019-01-23,98.66488426369519,99.52025092890877,97.93967468918868,99.21343231201172,25874300
2019-01-24,99.35291039420565,99.48307459723334,97.93968891359495,98.73927307128906,23164800
2019-01-25,99.70620300614567,100.30124133456077,98.73926394911703,99.64112091064453,31225600
2019-01-28,98.79505553930674,98.99960129858704,97.30745969010901,97.69795227050781,29476700
2019-01-29,97.51198916446779,97.59567019147491,94.99237238070398,95.70828247070312,31490500
2019-01-30,97.27026439936245,98.9066162109375,97.00063655584451,98.9066162109375,49471900
2019-01-31,96.50786622773542,97.8281069724671,95.93141978872971,97.0936050415039,55636400
2019-02-01,96.48931130947297,96.7868305861738,95.15977049003067,95.55956268310547,35535700
2019-02-04,95.64321878073363,98.36738182859409,95.55023826763384,98.31159210205078,31315100
2019-02-05,98.60911054865613,99.73410523309047,98.51613712968302,99.6876220703125,27325400
2019-02-06,99.48305652702877,99.48305652702877,98.1163255500754,98.5811996459961,20609800
2019-02-07,97.80022879631407,98.17212245241596,96.96345388325122,97.87460327148438,29760700
2019-02-08,97.05642899278847,98.34877862254439,96.93556426178561,98.24650573730469,21461100
2019-02-11,98.7392915962264,99.09260057937354,97.5957048702985,97.85603332519531,18914100
2019-02-12,98.68347951708743,99.61322777490315,98.06984935550553,99.38079071044922,25056600
2019-02-13,99.94794032771897,100.20826871176546,99.21343833363552,99.30641174316406,18394900
2019-02-14,98.84154336476908,99.75269985547057,98.23721262089163,99.39009857177734,21784700
2019-02-15,100.32913566309254,100.69173690806221,99.81777129535784,100.61735534667969,26606900
2019-02-19,100.21757525667516,101.0264588728598,100.20827578704078,100.57087707519531,18038500
2019-02-20,100.71092850433887,100.78562773150345,99.24499000885827,100.04798889160156,21607700
2019-02-21,99.81455889616514,102.22355553828099,99.78654846697711,102.15819549560547,29063200
2019-02-22,102.75577972149443,103.8295508821607,102.54102121513476,103.61479949951172,27763200
2019-02-25,104.35244798722077,104.74460829718721,103.88558844000987,104.19371032714844,23750600
2019-02-26,103.88556930150195,105.7343287785877,103.8015308941562,104.91265869140625,21536700
2019-02-27,104.28709406616387,104.9126841865116,103.53077671109773,104.73527526855469,21487100
2019-02-28,104.61387714846452,105.39819768558682,104.32442653934233,104.60453796386719,29083900
2019-03-01,105.40753527734225,105.52891618043107,104.26839697984079,105.07139587402344,23501200
2019-03-04,105.52890374515972,105.7436622200831,103.4560538339007,104.81928253173828,26608000
2019-03-05,104.80998090807147,104.94070102705761,103.8575904520707,104.29643249511719,19538300
2019-03-06,104.4551427119049,105.19278154580101,104.04430408955507,104.34309387207031,17687000
2019-03-07,104.01630809281515,104.15636738111408,102.58771902433112,103.07324981689453,25339000
2019-03-08,101.92479087367776,103.37205135351937,101.58865139315834,103.18531036376953,22818400
2019-03-11,103.63349257025385,105.4635813572427,103.62416050727646,105.3515396118164,26491600
2019-03-12,105.34215631558904,106.43460561833128,105.18342582689164,106.0891342163086,26132700
2019-03-13,106.56534903527819,107.3776871460494,106.2385488034889,106.91082763671875,35513800
2019-03-14,106.94816848581128,107.5644192832843,106.75208836281031,106.9948501586914,30763400
2019-03-15,107.69515973815429,109.47856667436342,106.99487039908587,108.22738647460938,54681100
2019-03-18,108.47013571090957,109.81469336525524,108.35809398885458,109.77734375,31207600
2019-03-19,110.26288233080987,110.58968970657254,109.23579277134337,109.85205078125,37588700
2019-03-20,109.60925571018512,110.87911392162641,108.97432660446448,109.73063659667969,28113300
2019-03-21,109.37583763921738,112.81192367292404,109.32914884205992,112.25169372558594,29854400
2019-03-22,111.57940993658055,111.66344121924405,109.2824622688819,109.29180145263672,33624500
2019-03-25,108.83430004258565,110.18819706189802,108.61020944493492,109.86139678955078,27067100
2019-03-26,110.7577501196485,110.84178141009679,109.10506350372624,110.09481048583984,26097700
2019-03-27,110.06680135675205,110.37493035940187,107.86322378266242,109.0303726196289,22733400
2019-03-28,109.65596248224365,109.78668257335133,108.43278573872087,109.17976379394531,18334800
2019-03-29,110.24419889516015,110.47762863849061,109.20777026487609,110.12281799316406,25399800
2019-04-01,111.06585029498783,111.21524872490306,110.2721907262635,111.13121032714844,22789100
2019-04-02,111.16858236821993,111.5607497640314,110.66437325107148,111.28997039794922,18142300
2019-04-03,111.91557035980969,112.4477899545563,111.25263066275419,112.01828002929688,22860700
2019-04-04,112.13965001368894,112.2610380423641,110.53365220050554,111.44869995117188,20112800
2019-04-05,111.47669069423328,112.26101821682053,111.4580194520402,111.94355010986328,15826200
2019-04-08,111.86886241905232,112.06494253897311,110.77641298361789,111.98091125488281,15116200
2019-04-09,110.76708936583132,111.616777128605,110.72040768712434,111.37400817871094,17612000
2019-04-10,111.82219437496948,112.37308518992687,111.61677504610032,112.22369384765625,16477200
2019-04-11,112.55049604077544,112.83994666899973,111.97158766061578,112.35441589355469,14209100
2019-04-12,112.64387606843596,112.96134427920695,112.39177503598953,112.9333267211914,19745100
2019-04-15,112.92399320725777,113.52157287709714,112.57851456662405,113.02670288085938,15792600
2019-04-16,113.57756627796037,113.58690546158695,112.13963831899072,112.76522827148438,14071800
2019-04-17,113.20408942101066,113.77365858018123,112.55048897132835,113.69895935058594,19300900
2019-04-18,114.0911432658111,115.33298430004031,113.2601338064279,115.19293212890625,27991000
2019-04-22,114.49262119943018,115.78115079698999,114.44593240204404,115.55706024169922,15648700
2019-04-23,115.87452996111688,117.25643725712153,115.6224289579656,117.12571716308594,24025500
2019-04-24,117.45251231709337,117.50853317676774,116.26668521344186,116.72421264648438,31257000
2019-04-25,121.43947796338145,122.66264744389186,120.29100770462844,120.58979034423828,38033900
2019-04-26,121.1033680636145,121.86902458741034,120.46844589527736,121.28077697753906,23654900
2019-04-29,121.29009784726212,121.55153803920774,120.77656377214015,121.1687240600586,16324200
2019-04-30,121.20607948555262,122.03708895163885,120.8139191557907,121.9437255859375,24166500
2019-05-01,121.87833307601908,121.99037479054327,119.23590674493316,119.40397644042969,26821700
2019-05-02,119.49735202590337,119.51602327010687,117.2003971848161,117.84466552734375,27350200
2019-05-03,118.91846315626768,120.85125425227024,118.81575348708921,120.35638427734375,24911100
2019-05-06,118.01272682060132,120.03889504870183,117.75128667809928,119.65606689453125,24239800
2019-05-07,118.07808403943346,118.75036274623537,115.98655582560157,117.20038604736328,36017700
2019-05-08,117.1257105133336,117.99406944510429,116.48144214094266,117.19107055664062,28419000
2019-05-09,116.05192550913333,117.45250389018918,115.37964674643291,117.18172454833984,27235800
2019-05-10,116.63085444706323,119.45068295223957,115.61309693903331,118.70370483398438,30915100
2019-05-13,115.883853211928,117.22841070708623,114.88477427419512,115.17422485351562,33944900
2019-05-14,115.65976210557545,117.53653195573655,115.50102447938211,116.46276092529297,25266300
2019-05-15,116.45342063378926,118.74949757134115,115.92859753228628,118.10284423828125,24722700
2019-05-16,118.78696658735679,121.25174214664068,118.51518489849643,120.83000183105469,30112200
2019-05-17,120.24896077205302,122.26389625246225,119.88346297609567,120.0240478515625,25770500
2019-05-20,118.57142389284797,119.57420124620299,117.85917576435249,118.29027557373047,23706900
2019-05-21,119.42424539109133,119.51796148842769,118.62764783861242,118.92754364013672,15293300
2019-05-22,118.66514770463229,120.18337437526199,118.57142444774058,119.64917755126953,15396500
2019-05-23,118.27151745917153,118.35586695240113,116.90324240857545,118.25277709960938,23603800
2019-05-24,118.93692628093338,119.4148805580818,118.05597916997831,118.30901336669922,14123400
2019-05-28,119.00253044579348,119.95844616765655,118.13095707435339,118.23404693603516,23128400
2019-05-29,117.50302759255034,117.512401346859,116.24721621821418,117.0906753540039,22763100
2019-05-30,117.3905963502271,117.85918406517283,116.94074899784351,117.83106994628906,16829600
2019-05-31,116.42528506567169,116.79078284308702,115.57245215164943,115.90983581542969,26646800
2019-06-03,116.0691636522864,116.55649882987035,111.53323846907796,112.31108856201172,37983600
2019-06-04,113.66062169109387,115.5349723315145,113.07020381339026,115.42251586914062,29382600
2019-06-05,117.10005529871479,117.96226204134769,116.40654755253824,117.92477416992188,24926100
2019-06-06,118.49643468357351,119.93031159686221,117.70920379681775,119.78973388671875,21459000
2019-06-07,121.07370939416305,123.94146423706631,120.20212871240324,123.14485931396484,33885600
2019-06-10,124.08199321343226,125.6564550166469,123.70712884608348,124.26943969726562,26477100
2019-06-11,125.4690283624345,125.80641202798061,123.032366966806,123.80085754394531,23913700
2019-06-12,123.14482274128426,123.6790195005128,122.49818382770798,123.22917938232422,17092500
2019-06-13,123.68840668222651,124.64432960504739,123.29479472580894,124.0070571899414,17200800
2019-06-14,123.9507644121969,125.38464106515393,123.36972046921346,124.12882995605469,17821700
2019-06-17,124.2975739366343,125.32845826384839,124.20385067954152,124.50375366210938,14517800
2019-06-18,125.75955606159542,126.7435929887133,125.17851195041506,126.66861724853516,25934500
2019-06-19,126.51867568242288,127.39024191749101,125.40343469764089,127.16532897949219,23744400
2019-06-20,128.8147638765865,129.0115770148908,127.19345433785757,128.34617614746094,33042600
2019-06-21,127.99941611139504,129.07716208670809,127.88695964097253,128.3649139404297,36727900
2019-06-24,128.39302778100793,129.70506760031128,128.39302778100793,129.1240234375,20628800
2019-06-25,128.62732685681965,128.94596306872478,124.39128993916533,125.04730987548828,33327400
2019-06-26,125.90944939344566,127.2121218895899,125.20656824156595,125.51582336425781,23657700
2019-06-27,125.71267166577739,126.24686835522608,125.12224675641993,125.72203826904297,16557500
2019-06-28,126.11570683080618,126.14382095021743,124.79428601782725,125.54402923583984,30043000
2019-07-01,128.04624979980656,128.11184462651903,126.49053556434735,127.15592193603516,22613500
2019-07-02,127.56829797474049,128.00877151222136,126.83730238065739,127.99940490722656,15237800
2019-07-03,128.2055880472187,129.08653514574118,127.72761947665488,128.82412719726562,13629300
2019-07-05,127.39957206497895,128.70224474580462,127.1933924205183,128.44920349121094,18141100
2019-07-08,127.83066923510313,128.48670320065781,126.86538009169759,128.35549926757812,16779700
2019-07-09,127.45587872047578,128.36494017595115,127.26844646474328,127.8869857788086,19953100
2019-07-10,128.51486878999233,129.87377027700444,128.4117789226928,129.18963623046875,24204400
2019-07-11,129.51758494581438,130.4735074705669,129.20831547309575,129.70501708984375,22327900
2019-07-12,130.1267671874992,130.38917506913216,129.33952924244326,130.17361450195312,18936800
2019-07-15,130.6796970595003,130.7734059885652,129.76126947378492,130.17361450195312,16651500
2019-07-16,130.22988113504934,130.31422347687305,127.94317120009755,128.46798706054688,22726100
2019-07-17,129.04903133042646,129.26457763766572,127.66201594012202,127.70887756347656,20211000
2019-07-18,127.03411124542008,128.03688135247504,126.20939242828342,127.84944915771484,30381800
2019-07-19,131.41068585511186,131.83241176501352,127.87753193407447,128.03684997558594,48992400
2019-07-22,128.77720046299356,130.4453705635421,128.70222475845554,129.7331085205078,25074900
2019-07-23,130.97958170013536,131.1951422608094,129.3582728446531,130.5391082763672,18034600
2019-07-24,130.17363715097406,131.8980504876533,130.1267898283691,131.87930297851562,20738300
2019-07-25,131.60751178192618,131.77621076081525,130.56726099610725,131.38259887695312,18356900
2019-07-26,131.55129645220575,132.77899384607088,131.48570161521116,132.46035766601562,19037600
2019-07-29,132.6103038536368,132.61967045850167,130.61411590508914,132.16983032226562,16605900
2019-07-30,131.33576438198668,132.34791556389962,131.01712816735542,131.53257751464844,16846500
2019-07-31,131.51380685724666,131.66375833191734,126.59363670837297,127.70887756347656,38598800
2019-08-01,128.3930100907393,132.08548288794373,128.32740095873314,129.38641357421875,40557500
2019-08-02,129.41455750603876,129.630118160732,126.76234920406252,128.29931640625,30791600
2019-08-05,124.92549428107579,125.51590510906743,122.56380806862033,123.90397644042969,42749600
2019-08-06,125.39407908758956,127.15595922377649,124.8411489996416,126.22816467285156,32696700
2019-08-07,125.38467816692935,127.12782481183912,123.54782257131453,126.78107452392578,33414500
2019-08-08,128.0181810044305,130.2580299121431,127.39026082555365,130.164306640625,27496500
2019-08-09,129.90187801239043,130.62350704802847,127.88695669618893,129.0584259033203,23466700
2019-08-12,128.45868470438205,129.1990472420587,126.74365139539674,127.25908660888672,20484300
2019-08-13,127.50271694270506,130.07994931115306,126.51867990562891,129.89251708984375,25154600
2019-08-14,128.2187436929065,128.74530707742247,125.68934554077875,125.9808349609375,32527300
2019-08-15,126.3663544421308,126.5450129432444,124.35412196496414,125.69873809814453,28074400
2019-08-16,126.82716264781403,128.3128324428672,126.67671180451653,128.00253295898438,24449100
2019-08-19,129.61982927691545,130.27803370860318,128.71713866504334,130.14639282226562,24355700
2019-08-20,129.95834106503386,130.42848915399998,129.04625262461713,129.06504821777344,21170800
2019-08-21,130.27801550755848,131.16189605567308,129.7608498307065,130.50367736816406,14970300
2019-08-22,130.38146604791604,130.88921964983857,128.152954442496,129.5540008544922,18697000
2019-08-23,128.99919850326498,130.08994520499255,124.87130002220518,125.42607116699219,38508600
2019-08-26,126.93056238926536,127.46652364919785,125.90562884346755,127.36309051513672,20312600
2019-08-27,128.24694397904213,128.55724331572108,126.62023625746028,127.63575744628906,23102100
2019-08-28,126.82712782998844,127.65457854540064,125.57653244049504,127.46652221679688,17393300
2019-08-29,129.05563475990274,130.17458937149848,128.73593754166947,129.87368774414062,20168700
2019-08-30,130.84217159134928,130.8703793211406,128.13412909694497,129.6291961669922,23940100
2019-09-03,128.45384520849603,129.00861643990203,127.59817235124179,127.9178695678711,18869300
2019-09-04,129.1027100821979,129.46942513693125,128.33166007862297,129.4130096435547,17995900
2019-09-05,130.8045807436743,131.99876071400755,130.47547139548067,131.68846130371094,26101800
2019-09-06,131.6696957628376,131.81073447517457,129.94895173340873,130.79522705078125,20824500
2019-09-09,131.2558990380951,131.40634982304044,128.31278267690072,129.3094940185547,25773900
2019-09-10,128.63249675645295,128.71711995370117,126.4792108635026,127.95548248291016,28903400
2019-09-11,127.79564125963964,128.13414841594962,127.02459160168607,127.99309539794922,24726100
2019-09-12,129.61979338208826,130.15575457526327,128.69829308513042,129.3094940185547,27010000
2019-09-13,129.5539574876609,129.81723917056854,128.41620757533343,129.12142944335938,23363100
2019-09-16,127.72043417682957,128.53848727703578,127.56058554505258,128.19058227539062,16731400
2019-09-17,128.7829811338564,129.30954473993194,128.28461091976826,129.1873016357422,17814200
2019-09-18,129.1590699993063,130.3908555672847,128.37862253191844,130.24981689453125,23982100
2019-09-19,131.9235357890367,133.86994110897095,131.7072717196615,132.64756774902344,35772100
2019-09-20,132.59115619014355,133.19294515787774,129.99594395699876,131.11489868164062,39167300
2019-09-23,130.91743266067522,131.29355974001268,130.17460499412792,130.8328094482422,17139300
2019-09-24,131.97999659316466,132.29029611118222,128.7077693042816,129.17791748046875,29773200
2019-09-25,129.2906913175235,131.60382563520815,127.90845514252489,131.03964233398438,21382000
2019-09-26,131.1148718343039,131.81068166677636,130.17457586801976,131.20889282226562,17456600
2019-09-27,131.78250355348266,131.97997206380526,128.49146693183386,129.50698852539062,22477700
2019-09-30,129.80788392497303,130.9080286779575,129.55399995189035,130.7293701171875,17280900
2019-10-01,131.32174631835753,131.87651752973946,128.82055544794514,128.88638305664062,21466600
2019-10-02,128.11532677437685,128.22815770024698,125.60473823932058,126.61084747314453,30521700
2019-10-03,126.89291379067359,128.58544907955732,125.266206093918,128.1435089111328,24132900
2019-10-04,128.5854867279905,129.99593082372718,128.27518730519495,129.87368774414062,22897700
2019-10-07,128.9521900639223,129.9300915696498,128.83935913766322,128.93338012695312,15303700
2019-10-08,128.89574385932883,129.53513808600636,127.5229057435586,127.5699234008789,25550500
2019-10-09,129.25311191688624,130.41906993166458,128.79236164950365,129.98654174804688,19749900
2019-10-10,130.2216457076383,131.3311885054453,129.99596942011559,130.79522705078125,17654600
2019-10-11,131.75426290595945,132.6099356573228,131.17128401274712,131.3405303955078,25446000
2019-10-14,131.3499636331216,131.91413268071037,131.1901150189158,131.21832275390625,13304300
2019-10-15,131.69783511683093,133.32454292812406,131.4627611531502,133.11769104003906,19695700
2019-10-16,132.384249696872,132.57232034976445,131.19948206164202,132.02694702148438,20751600
2019-10-17,132.53472821026696,132.97666851103372,130.71996368191864,131.34996032714844,21460600
2019-10-18,131.4157723400958,131.64144855997057,128.40682781399516,129.20608520507812,32273500
2019-10-21,130.183925286159,130.23094293655703,128.82989730222198,130.1651153564453,20078200
2019-10-22,130.67297118276886,131.65087297103523,128.1247620288819,128.2281951904297,27431000
2019-10-23,128.70772698140436,129.2436882651704,127.51354698919103,129.04623413085938,29844600
2019-10-24,131.06787151199163,132.03637533761412,130.39085717884856,131.5850372314453,37029300
2019-10-25,131.02086970885873,132.71340574673843,130.8892288141226,132.327880859375,25959700
2019-10-28,135.77875297709673,136.97293305797643,134.94189001044404,135.581298828125,35280100
2019-10-29,135.47784493684978,135.8727675221011,134.13321424031946,134.30247497558594,20589500
2019-10-30,134.95130744674947,136.34294173117877,134.26488092694217,135.97622680664062,18496600
2019-10-31,136.2489397898705,136.27714753346163,134.45298460750348,134.81028747558594,24605100
2019-11-01,135.6471274246712,135.79757826321975,134.43415161485487,135.13937377929688,33128400
2019-11-04,136.18309684484328,136.34294547297444,135.5531001288743,135.91981506347656,16912000
2019-11-05,136.31473569655643,136.3617533741931,135.31802406089378,135.83518981933594,18250200
2019-11-06,135.75051959568236,135.8915725946518,134.65037507305217,135.4590301513672,16575800
2019-11-07,135.2521569170413,136.2300726740913,135.18634366580756,135.64707946777344,17786700
2019-11-08,135.38383922982865,137.27384372374954,135.17697292355092,137.24563598632812,16732700
2019-11-11,136.66261055386926,137.67813190624193,136.0890294478378,137.3866424560547,14362600
2019-11-12,137.5464801197768,138.75946983921307,137.33961387844312,138.28932189941406,18641600
2019-11-13,137.9790381385209,138.6560523962027,137.54649567197717,138.51499938964844,16919200
2019-11-14,138.2423436805433,139.54935475220276,138.2235337402069,139.22024536132812,19729800
2019-11-15,140.03825856613946,141.03498425138966,139.41767418945162,141.01617431640625,23485700
2019-11-18,141.11025085197898,141.56158898894984,140.08531713883045,141.36412048339844,21534000
2019-11-19,141.87183715065657,142.29496739782812,141.2324285356486,141.4110870361328,23935700
2019-11-20,141.81684690437555,142.31689851081478,140.07138836760183,141.16583251953125,25696800
2019-11-21,140.95824054627357,141.33564743404634,140.10910024283606,141.03372192382812,18576100
2019-11-22,141.59038518125598,141.80738512836697,140.4110157347403,141.1374969482422,15901800
2019-11-25,141.5243190678164,142.79804369806604,141.44883770338845,142.684814453125,22420900
2019-11-26,142.8075110918125,143.80761423990813,142.76977759795693,143.4396514892578,24620100
2019-11-27,143.72268660917013,143.88307913372716,142.9584574759159,143.7132568359375,15184400
2019-11-29,143.50568823109214,143.69438447402376,142.73201491949175,142.8263702392578,11977300
2019-12-02,143.23204122740458,143.25091516735534,139.9392513375931,141.09974670410156,27418400
2019-12-03,139.15616707862256,140.98653639491616,138.3636198568316,140.87332153320312,24066000
2019-12-04,141.65645044887273,141.6941839441331,140.76956214592752,141.38284301757812,17574700
2019-12-05,141.5715117276472,141.82625956002167,141.03371234781216,141.45828247070312,17869100
2019-12-06,142.45834859511993,143.28861459987806,141.77903088430307,143.17539978027344,16403500
2019-12-09,142.53390295623964,143.60948748325697,142.38294018837007,142.80751037597656,16687400
2019-12-10,142.74143296312153,143.30753604199774,142.24138148197392,142.59048461914062,16476100
2019-12-11,142.97730264471568,143.2886578892875,141.83568114455122,143.12826538085938,18856600
2019-12-12,143.0810993922765,144.76996454781232,142.48670696472038,144.58126831054688,24612100
2019-12-13,144.3548081725415,146.13801405057367,144.19441566883052,145.79835510253906,23845400
2019-12-16,146.34560064764008,147.0909558246872,146.07199326271393,146.7418670654297,24144200
2019-12-17,146.66637698018368,146.91169503134057,145.72288145197845,145.94932556152344,25425600
2019-12-18,145.5813627016825,146.69468051322278,145.46813344875017,145.64739990234375,24129200
2019-12-19,145.2983438565174,146.96833534617673,145.0624699216854,146.91172790527344,24958900
2019-12-20,148.4590633343229,149.5346479229728,147.45894573733023,148.5156707763672,53477500
2019-12-23,149.18554470269504,149.18554470269504,148.38358194606292,148.5156707763672,17718200
2019-12-24,148.58167612271507,148.79869046613936,148.24201714670278,148.48733520507812,8989200
2019-12-26,148.65712631495333,149.76101415631032,148.50616360247804,149.70440673828125,14520600
2019-12-27,150.44039207525785,150.53474740740432,149.27989635218842,149.97808837890625,18412800
2019-12-30,150.00635768627643,150.03466140010673,147.8740486003987,148.68545532226562,16348400
2019-12-31,147.91184715927704,148.855343001136,147.60992157951225,148.78929138183594,18369400
2020-01-02,149.8082523011168,151.64806611302345,149.38368209784642,151.54428100585938,22622100
2020-01-03,149.3742199369989,150.9121078685936,149.12890188419777,149.65725708007812,21116200
2020-01-06,148.20428443592868,150.11014950002246,147.66648505583996,150.04409790039062,20813700
2020-01-07,150.31771277402052,150.64792756722025,148.4307217388253,148.676025390625,21634100
2020-01-08,149.94976152661232,151.71410823807295,149.02513979117086,151.04421997070312,27746500
2020-01-09,152.69536992623378,153.05390296792817,151.93114056607862,152.93124389648438,21385000
2020-01-10,153.61998638373208,153.99737892867375,152.0726395183041,152.22360229492188,20725900
2020-01-13,152.61986801825498,154.08228931660122,152.1481201411499,154.05398559570312,21626500
2020-01-14,154.15774765402992,154.3558880672922,152.5821117076889,152.9689483642578,23477400
2020-01-15,153.43125473603405,154.6766758779403,153.38409147181704,153.95960998535156,21417900
2020-01-16,155.06350048050558,156.84670650655414,154.76157499203615,156.78065490722656,23865400
2020-01-17,157.96006852492908,158.00724619527017,156.08250665954205,157.6581573486328,34371700
2020-01-21,157.26184806350182,158.68653570911525,157.02597415095403,157.09202575683594,29517200
2020-01-22,157.94115889124797,158.02608443731478,156.31834529508856,156.33721923828125,24138800
2020-01-23,156.79956995767952,157.37510297393763,155.93155554566133,157.29962158203125,19680800
2020-01-24,158.04494334885658,158.06381729197344,155.15784910579725,155.71450805664062,24918100
2020-01-27,152.04428863143318,154.1482938867752,151.14797081779244,153.11044311523438,32078100
2020-01-28,154.52572901855586,156.3938465269941,153.8558551144735,156.11080932617188,24899900
2020-01-29,158.3563171642766,159.21490171910187,156.32780713805184,158.54501342773438,34754500
2020-01-30,164.2153941915774,164.2153941915774,161.13958965642146,163.01715087890625,51597500
2020-01-31,162.47936804687262,162.6586201005581,159.99797024964954,160.61123657226562,36142700
2020-02-03,160.79998959563173,164.6400245866179,160.77168587207294,164.5268096923828,30107000
2020-02-04,167.1308156372182,170.43305034843976,166.3477125352507,169.9424285888672,36433300
2020-02-05,173.63148935041767,173.79188187042314,168.32904883087167,169.73484802246094,39186300
2020-02-06,170.74435770665008,173.43332526106448,169.8857734675525,173.25405883789062,27751400
2020-02-07,172.51822133747615,175.1411386397219,172.16911808448666,173.49945068359375,33529100
2020-02-10,173.20696469078302,178.16974753059193,172.8956093420017,178.03765869140625,35844300
2020-02-11,179.877456797595,179.9246344638434,173.1314680255405,174.0183563232422,53159900
2020-02-12,175.0939384809837,175.3486863579393,171.5747034556138,174.27310180664062,47062900
2020-02-13,172.73518298540432,175.70718848393082,172.5370425670888,173.32958984375,35295800
2020-02-14,172.89560617688272,174.93356056981418,172.32950293553395,174.876953125,23149500
2020-02-18,175.12223737437887,177.09413993131065,175.0184522715613,176.65069580078125,27792200
2020-02-19,177.91841645341376,178.0319405494964,176.41416443662806,177.18048095703125,29997500
2020-02-20,176.86829430160537,177.15211900829618,171.33377748279395,174.4747314453125,36862400
2020-02-21,173.29212079528097,173.60432649349278,167.69137259385064,168.9591064453125,48572600
2020-02-24,158.7226499557371,165.137022880226,154.42747102791503,161.6743927001953,68311100
2020-02-25,164.80582317915167,165.41130898909978,158.60904554607492,159.00640869140625,68073300
2020-02-26,160.5579939912632,163.9165403125389,159.13888503210237,160.99317932128906,56206100
2020-02-27,154.51257654493847,158.0224976383526,149.4605381321256,149.64974975585938,93174900
2020-02-28,144.19096386419696,154.88158975850237,143.80307053825447,153.27325439453125,97012700
2020-03-02,156.39530284705862,163.59491791994847,153.5570842548959,163.471923828125,71030800
2020-03-03,164.42741969774957,165.56270392318126,153.50973388064168,155.63839721679688,71677000
2020-03-04,159.40378432160293,161.49459677203134,156.6885460281868,161.35269165039062,49814400
2020-03-05,157.09537542343918,161.65543835111438,156.75478867248188,157.3035125732422,47817300
2020-03-06,153.84085795286106,154.3138942279223,147.58731781911428,152.85694885253906,72821100
2020-03-09,142.85699458779993,149.24298606771814,141.9109217759602,142.4974822998047,70419300
2020-03-10,149.63080416702533,152.34602715258907,144.35171879840118,152.24195861816406,65354400
2020-03-11,148.65639265874228,149.19564653551825,142.9988681016077,145.3451385498047,56371600
2020-03-12,137.46436615258762,145.19377837676913,131.1067564557763,131.5608673095703,93226400
2020-03-13,139.54570541900762,153.1786147486316,133.1407900163618,150.26470947265625,92727400
2020-03-16,132.45020301671514,141.29599020684492,127.71983862326103,128.1171875,87905900
2020-03-17,132.4501447695368,139.54568823933343,127.71978245633906,138.6658477783203,81059800
2020-03-18,130.55802937295286,138.12661078587766,127.73873683869692,132.82859802246094,81593200
2020-03-19,135.0707696064013,142.05277456804424,131.50407237825715,135.01400756835938,85922700
2020-03-20,138.12660739420775,139.16729308730046,128.53343126632095,129.94308471679688,84866200
2020-03-23,129.62141109096703,132.98944191639754,125.37355404915603,128.64695739746094,78975200
2020-03-24,135.99795327111457,141.53248444816953,133.65169697152206,140.34042358398438,82516700
2020-03-25,140.87966835078421,146.00737989282055,136.650722853414,138.99697875976562,75638200
2020-03-26,140.39719406044296,148.211764422316,140.36881303206195,147.69142150878906,64568100
2020-03-27,143.56651157981065,146.53717885318503,141.15402365454713,141.62705993652344,57042300
2020-03-30,144.21931847637944,151.93927483997578,141.92035440787237,151.58921813964844,63420300
2020-03-31,150.80392828591675,155.89380219803508,148.11708625034143,149.205078125,77927200
2020-04-01,144.74913922915178,149.24298505489344,142.6867074425819,143.90713500976562,57969900
2020-04-02,143.67059624516327,147.0953746911042,142.2514872401482,146.88723754882812,49630700
2020-04-03,146.73587914437556,148.8929237102213,143.9828041677828,145.53436279296875,41243300
2020-04-06,151.67435061344497,157.521071752868,149.08210675823807,156.35740661621094,67111700
2020-04-07,160.4444662227108,160.8323594955276,154.4558242809488,154.67343139648438,62769000
2020-04-08,156.73587906377395,157.6819518638952,154.68290281982192,156.22500610351562,48318200
2020-04-09,157.38866118857393,158.34418945652004,154.52206194881128,156.2344512939453,51385100
2020-04-13,155.48702424689822,156.64123387476542,153.54757269607734,156.58445739746094,41905300
2020-04-14,159.8863304526695,164.38017701864692,158.9402574914111,164.33287048339844,52874300
2020-04-15,161.9676706393669,164.20987313253696,160.11337591909282,162.6110076904297,40940800
2020-04-16,164.9004763113015,167.71976894625868,163.57596585517592,167.49270629882812,50479600
2020-04-17,169.82007244079958,170.2931088542837,166.38582345940864,168.96861267089844,52765600
2020-04-20,167.1048327083939,169.11050229797053,165.5532739920201,165.61949157714844,36669600
2020-04-21,164.1435824529207,164.3044130492384,157.1521070976366,158.7698974609375,56203700
2020-04-22,162.1473821076544,164.6166321676054,161.60812823309527,164.1625213623047,34620200
2020-04-23,164.72071913449065,165.61948531645297,161.69328936770626,162.17578125,32790800
2020-04-24,162.78128221888915,165.14646419797546,161.50409261173763,165.1370086669922,34277600
2020-04-27,167.0669739854221,167.36025421154562,163.95440116620728,164.66395568847656,33194400
2020-04-28,166.12090220980403,166.19658975824308,160.25525434705176,160.65260314941406,34392700
2020-04-29,163.87875072530952,168.09822782237123,162.6110164897566,167.86170959472656,51286600
2020-04-30,170.29306052505186,170.67148377407221,166.72636293755244,169.54566955566406,53875900
2020-05-01,166.3195642920733,169.00640698439105,164.62608627101295,165.15589904785156,39370500
2020-05-04,165.08019570399185,169.34697748159672,164.42740336931547,169.1956024169922,30372900
2020-05-05,170.87962012199586,173.74621880637977,170.1984467280906,171.01206970214844,36839200
2020-05-06,172.26093581532623,174.26660551621677,171.83520594582544,172.6961212158203,32139300
2020-05-07,174.23818268876548,174.5976948832184,172.7339307739573,173.6989288330078,28316000
2020-05-08,175.00451254481112,175.02343803963055,173.47187949066208,174.72068786621094,30877800
2020-05-11,173.27320482134522,177.39808226581636,172.98939456730636,176.66961669921875,30892700
2020-05-12,176.72638460773848,176.95343281849526,172.46905742496284,172.667724609375,32038200
2020-05-13,172.70553973085677,174.1246484970332,167.0196347020538,170.05653381347656,44711500
2020-05-14,167.96573220384843,170.9458697177753,166.2060364945341,170.79449462890625,41873900
2020-05-15,169.40376544975464,176.9723466073332,167.4548581114258,173.2826690673828,46610400
2020-05-18,175.7329910015149,176.15872079777952,174.0395273458231,174.93829345703125,35264500
2020-05-19,175.0517906256059,176.53713135528739,173.59484535150193,173.727294921875,26799100
2020-05-20,175.3306623912089,176.31732647585,174.50529134965993,176.13706970214844,31261300
2020-05-21,175.89039384126738,177.09525661913764,173.88862010567996,174.0214385986328,29119500
2020-05-22,173.79372643034782,174.99858898917685,173.17705787964485,174.09730529785156,20826900
2020-05-26,176.7821291861761,176.93392584079226,171.81091179456547,172.25680541992188,36073600
2020-05-27,170.95709263901247,172.65528721071786,167.54175424409405,172.48451232910156,39517100
2020-05-28,171.46936892156205,174.70444993172222,171.1278337019524,172.0955047607422,33810200
2020-05-29,173.3573758881158,174.81839403748958,171.15638127339568,173.8507080078125,42130400
2020-06-01,173.1770609318364,173.61347275196593,172.15246956934172,173.4521942138672,22622400
2020-06-02,174.79938657870247,175.51091732461305,172.04814015163353,175.425537109375,30794600
2020-06-03,175.3401517572159,176.40269967428475,174.1637490803685,175.85244750976562,27311000
2020-06-04,174.84678806804004,176.3077911894076,172.94937314484073,173.53756713867188,28761800
2020-06-05,173.25292594446876,178.10082092307346,172.67421390089706,177.59800720214844,39893600
2020-06-08,176.40269198638714,178.87881938074497,174.9796305982764,178.6985626220703,33211600
2020-06-09,178.3570358813876,180.91854360786243,177.65498701810736,180.06471252441406,29783900
2020-06-10,181.32646446997757,188.33741213662907,181.2126097291226,186.7435760498047,43872300
2020-06-11,183.22386200368558,185.7189525839172,176.52599017788074,176.71572875976562,52854700
2020-06-12,180.7667054997271,181.88618778329942,175.68163314772607,178.11033630371094,43373600
2020-06-15,175.11242934147475,181.03236926005948,174.57165912641244,179.24879455566406,32770200
2020-06-16,182.99619824445867,185.54822386322215,181.63955340017736,183.64132690429688,42556700
2020-06-17,185.0264655273721,186.25030659316172,183.75520065647348,184.27699279785156,25687800
2020-06-18,184.04928125447887,186.41156847786314,184.04928125447887,186.2502899169922,23061600
2020-06-19,188.40383036169425,189.06792275669048,184.4002833111231,185.14027404785156,44441100
2020-06-22,185.74745201555635,190.46252987916642,185.21617808322773,190.28228759765625,32818900
2020-06-23,191.72428822727903,193.48888469214174,191.09813782578294,191.55352783203125,30917400
2020-06-24,191.2594563290366,192.82481806531447,186.47796195893972,187.6923065185547,36740600
2020-06-25,187.65434572459228,190.32021147388468,185.44385552035675,190.06405639648438,27803900
2020-06-26,189.48535016501688,189.63714684348795,184.88412734837098,186.25975036621094,54675800
2020-06-29,185.73795493775134,188.3469005872741,183.6223412461814,188.2615203857422,26701600
2020-06-30,187.73024356126592,193.9158059998674,187.59742509113957,193.0714569091797,34310300
2020-07-01,192.72045793900065,195.7658156516249,191.4207331819274,194.200439453125,32061200
2020-07-02,195.13013735746952,197.35012374670447,194.4850232532677,195.68038940429688,29315800
2020-07-06,198.1186215112085,200.3006520149216,197.41657263446234,199.8927001953125,31897600
2020-07-07,199.65548237749698,203.65902902311808,197.32167012883755,197.56832885742188,33600700
2020-07-08,199.29500916856912,202.32137420232715,197.985788069965,201.91343688964844,33600000
2020-07-09,205.2339234935537,205.28136177031627,200.6232038291473,203.3270263671875,33121700
2020-07-10,202.66288887882965,203.09930069264342,200.2531782297019,202.7103271484375,26177600
2020-07-13,203.4788109385705,204.73111197415724,195.9081280111182,196.4488983154297,38135600
2020-07-14,195.55710644975017,198.13759233564966,191.66739941517432,197.66323852539062,37591800
2020-07-15,198.8111496204807,200.49036601836565,194.51350562552136,197.36911010742188,32179400
2020-07-16,194.86454776238327,195.1491629558851,191.9330445644137,193.46046447753906,29940700
2020-07-17,193.9822422543224,194.52299805350623,191.06022113744223,192.4738006591797,31635300
2020-07-20,194.4849863182894,201.41055214094592,192.59705367872192,200.7464599609375,36884800
2020-07-21,202.70086709030062,202.96650405732726,197.35963872790919,198.04270935058594,37990400
2020-07-22,198.469647456198,201.41064710941038,197.70119653727062,200.88885498046875,49605700
2020-07-23,196.56269764115507,200.10137235400663,191.78120401670046,192.1511993408203,67457000
2020-07-24,190.13997095622724,192.4548197616395,187.37922843127433,190.97483825683594,39827000
2020-07-27,191.1361444923465,193.5079137797622,190.55743220717181,193.39407348632812,30160900
2020-07-28,193.1663548161839,194.20044262484834,191.3922762383716,191.6579132080078,23251400
2020-07-29,192.11329538850467,194.15301100588138,191.6484234376394,193.59327697753906,19632600
2020-07-30,190.69020608720186,193.97274038237816,189.33356132079433,193.4414520263672,25079600
2020-07-31,193.91580993255508,194.5799167727827,188.80227701479487,194.49452209472656,51044000
2020-08-03,200.6706491934441,206.47673546623366,199.64604317892886,205.4331512451172,78983000
2020-08-04,203.1846749362755,203.75390520262886,199.52266356225743,202.3498077392578,49280100
2020-08-05,203.8772504737923,203.9721270209977,200.7180670128789,202.01779174804688,28806400
2020-08-06,201.44854240090544,205.2718323790918,200.6990698627939,205.25286865234375,32656800
2020-08-07,203.82982184764134,204.6362145752695,200.11087553199408,201.5813751220703,27820400
2020-08-10,200.8129066386174,201.01214157502835,195.76579047102226,197.56832885742188,36716500
2020-08-11,196.53426409900342,196.99912154458283,192.7204556060686,192.94815063476562,36446500
2020-08-12,194.76017573811987,199.49423184687646,194.2478800065006,198.46014404296875,28013100
2020-08-13,198.6973032856729,200.50933810472836,197.47346249067883,197.99525451660156,22588900
2020-08-14,198.05219433177936,198.83962338076026,196.8663098259881,198.1850128173828,17958900
2020-08-17,198.84911796083807,200.35755956457717,198.20398926781266,199.49423217773438,20184800
2020-08-18,199.73140051485709,201.46753707867512,198.47911406909904,200.6421661376953,21336200
2020-08-19,201.1271806773052,201.7072917926525,198.9969334890695,199.4248809814453,27627600
2020-08-20,199.27269804095937,204.4651687103095,198.6735774141608,204.0657501220703,26981500
2020-08-21,203.3810516231777,205.65394317773766,202.42054594494113,202.58221435546875,36249300
2020-08-24,204.26546784718295,204.95970892133417,202.02110524249252,203.21937561035156,25460100
2020-08-25,202.65826085369224,205.99626818352706,202.65826085369224,205.86312866210938,23043700
2020-08-26,207.20406525203634,211.20777061562723,206.70954075787597,210.31382751464844,39600800
2020-08-27,211.96861762099113,219.82388085382107,208.64961882382028,215.47781372070312,57602200
2020-08-28,216.99939288185305,219.33886163691153,215.47780004695665,217.69363403320312,26292900
2020-08-31,215.87720527831104,217.49390391341316,213.3190105239383,214.47923278808594,28774200
2020-09-01,214.46015592483965,216.3050995469102,213.43307345963177,216.13392639160156,25725500
2020-09-02,216.7996706686181,221.45006436765206,216.21005476958462,220.29934692382812,34080800
2020-09-03,218.03597815421034,218.07401180492377,204.42715773754352,206.65249633789062,58400300
2020-09-04,204.56026377733428,207.66052094752746,195.1358430166028,203.7519073486328,59664100
2020-09-08,196.3816830611181,199.73871502955402,192.2923763469673,192.72984313964844,52924300
2020-09-09,197.42779993984246,204.31303742314904,196.57189039154144,200.93698120117188,45679000
2020-09-10,202.94358877314926,204.21794102341093,194.1087966874438,195.3070526123047,35461500
2020-09-11,197.04743247994756,198.40737165023347,191.37947383553248,194.0327606201172,33620100
2020-09-14,194.2324234935453,198.94937969662053,194.0327069253546,195.3450927734375,30375800
2020-09-15,198.20761161974576,199.50097346192692,196.79061501339825,198.5499725341797,21823900
2020-09-16,200.29982997066608,200.3283588403451,194.61284794037527,195.0027618408203,26328100
2020-09-17,190.2477423026266,194.31802519389234,190.1621557000872,192.9676055908203,34011300
2020-09-18,192.86300660159972,193.67134874869507,186.63394712032712,190.5710906982422,55225300
2020-09-21,187.52783180228184,192.77735976991562,186.75752355111499,192.6156768798828,39839700
2020-09-22,195.01224432710944,197.9032952203945,192.17826567778008,197.25660705566406,33517100
2020-09-23,197.71312246720584,197.90333429570353,190.2287484696022,190.7613067626953,30803800
2020-09-24,190.05754700595773,195.49727363931507,189.4393876774126,193.23388671875,31202500
2020-09-25,193.576230870522,198.79721638343335,192.6157107003386,197.6370086669922,29437300
2020-09-28,200.54705579518048,202.15424948857515,197.8652265411116,199.1776123046875,32004900
2020-09-29,199.09203395936672,199.7767557329698,196.67648367162218,197.10443115234375,24221900
2020-09-30,197.55142430549373,201.59317836396667,196.41973084734164,200.02403259277344,33829100
2020-10-01,203.02916650629612,203.5046669074444,200.96549650664707,202.0496368408203,27158400
2020-10-02,197.80816211628797,200.65165967071292,195.46869381405818,196.08685302734375,33154800
2020-10-05,197.06638251862154,200.10007732438478,196.83813710773543,200.07154846191406,21331600
2020-10-06,198.58803404418717,199.88138146216883,194.7840300775394,195.82061767578125,28554300
2020-10-07,196.9142313045831,199.81478676432883,196.5908945021514,199.5485076904297,25681100
2020-10-08,200.1952485151334,200.84193684825738,198.11256816878637,200.26182556152344,19925800
2020-10-09,200.87990330448932,205.28304183581028,200.87990330448932,205.23548889160156,26458000
2020-10-12,208.0694469196966,212.8910276692759,206.18646950494053,210.5515594482422,40461400
2020-10-13,211.80692392954865,214.17492142049753,209.6291237184592,211.9400634765625,28950800
2020-10-14,212.07318132071637,213.23340347358484,208.39281281758815,210.0380401611328,23421700
2020-10-15,206.46229072714527,209.56254827996327,205.4256887702465,208.8968505859375,22733100
2020-10-16,209.36283171619485,211.3979729585716,208.57351377899946,208.8968505859375,26057900
2020-10-19,209.61960631820077,211.40749256575168,203.24790350407042,203.72340393066406,27625800
2020-10-20,205.22596854936802,206.71903220871076,202.64875008429092,204.13230895996094,22753500
2020-10-21,202.67728971744506,206.29109572858354,202.67728971744506,204.2749786376953,22724900
2020-10-22,203.44762839667925,205.47326508493126,201.32690031910607,204.360595703125,22351500
2020-10-23,204.49370487394282,205.68245589725836,202.71533798662145,205.63490295410156,18879600
2020-10-26,203.3715320530445,205.73951481810852,197.90327731407123,199.7862548828125,37111600
2020-10-27,201.22223864415398,204.15132259991532,200.02398296225496,202.8009033203125,36700300
2020-10-28,197.49437094383575,198.60704034441673,192.19730305331996,192.74887084960938,51195600
2020-10-29,194.0707438227818,197.1995301279508,193.40503164153142,194.6888885498047,31432600
2020-10-30,193.52870897396457,194.27999340032028,189.8388203460364,192.54917907714844,36953700
2020-11-02,194.2799692800792,195.22146540382536,190.3142972315909,192.416015625,30842200
2020-11-03,193.8995281333996,197.9222569481105,193.1672535464271,196.3150634765625,27512000
2020-11-04,203.53322651784097,207.62253348770093,202.0116191998531,205.78709411621094,42311800
2020-11-05,211.16021747082223,213.13830093445856,210.31382731432063,212.34896850585938,36080100
2020-11-06,211.3694213150768,213.36652869305155,207.3466922086578,212.7578887939453,25231900
2020-11-09,213.44264528742468,216.94232164998468,207.20408167686315,207.6890869140625,44395000
2020-11-10,203.98968301620297,205.89168472264777,199.44390009868965,200.67068481445312,44045100
2020-11-11,201.9830874003012,207.3562368625371,201.80239490141182,205.9392547607422,29440800
2020-11-12,206.56688136453027,208.37377700320786,203.95162927579585,204.88360595703125,21593900
2020-11-13,205.7585855069091,206.7666442870984,203.6663861220281,205.90122985839844,18621100
2020-11-16,204.34155952810386,207.07094198920106,204.00871791849252,206.58592224121094,24953300
2020-11-17,205.51130105759668,207.01386971538886,203.59027516934893,203.95166015625,24154100
2020-11-18,203.71329634478465,205.1626063829174,201.1198002972269,201.26283264160156,28372800
2020-11-19,201.54884251164967,203.12209614163268,200.16626953783916,202.54046630859375,24792700
2020-11-20,202.33070459277454,203.3700058661989,200.23302815996874,200.60488891601562,22843100
2020-11-23,201.13884979714734,202.4165237769286,198.4786172840736,200.33792114257812,25683500
2020-11-24,199.84208903643668,204.28535867251247,199.14604498028865,203.9134979248047,33979700
2020-11-25,205.10538362416776,205.27700496539273,202.57863910648877,203.9230499267578,21012900
2020-11-27,204.85747104569143,206.21142601667475,204.08513140142963,205.21978759765625,14512200
2020-11-30,204.14235782857054,204.77165061209422,201.03396893960857,204.11375427246094,33064800
2020-12-01,204.53325969211036,207.21258045120723,203.427221673315,206.15420532226562,30904500
2020-12-02,204.88605516495122,205.4486111007541,202.9027930641658,205.35325622558594,23724500
2020-12-03,204.6286658546097,206.3163486829987,203.71330826404346,204.27587890625,25120900
2020-12-04,204.25675542958834,205.36280800618596,203.26511706811746,204.39024353027344,24666000
2020-12-07,204.39978258353827,205.51536487958126,203.08397540183014,204.32350158691406,24620000
2020-12-08,204.01838653803915,206.8597844758541,202.9886149356049,205.9635009765625,23284100
2020-12-09,205.15302377307995,205.21976054394176,201.3867391289371,201.9492950439453,32440600
2020-12-10,201.92071460477283,203.16978500107612,200.57628932591146,200.72885131835938,26733300
2020-12-11,200.2807335257904,203.39865232991232,199.38444989929366,203.3414306640625,30979400
2020-12-14,203.18884003318382,206.1541961965847,202.9790709503109,204.2376708984375,28798400
2020-12-15,205.1625220248385,205.4008946183352,202.36880221262936,204.1708984375,27000600
2020-12-16,204.76209463274458,209.87280453825505,204.73349108031036,209.08140563964844,35023300
2020-12-17,209.64397264344512,210.6165371249153,207.78466889145207,209.21490478515625,32515800
2020-12-18,208.42352294921875,209.47236851032108,205.97305948244417,208.42352294921875,63354900
2020-12-21,207.4318862354392,213.5818977933264,207.1744396955976,212.2374725341797,37181900
2020-12-22,212.332795115494,215.13605942545968,211.53186661239238,213.524658203125,22612200
2020-12-23,212.73330101406674,213.16236889979098,210.53073992478457,210.74050903320312,18699600
2020-12-24,211.12187050307205,213.2100170826922,210.91210142344104,212.3900146484375,10550600
2020-12-28,214.0109334484269,215.5174501395018,212.64744905756308,214.49722290039062,17933500
2020-12-29,215.7844577615069,216.61398993703023,213.18143246826625,213.72491455078125,17403200
2020-12-30,214.75467591016954,215.13608086568783,211.16955662296598,211.36978149414062,20272300
2020-12-31,211.3888944378769,212.62843531139845,209.46283906668538,212.07540893554688,20942100
2021-01-04,212.1802596114298,212.6284013521997,204.81931110024084,207.56536865234375,37130100
2021-01-05,207.15536108460975,208.35676854372653,205.66791808676217,207.76559448242188,23823000
2021-01-06,202.30207594833803,206.42116185748517,202.08277720892175,202.37835693359375,35930700
2021-01-07,204.08516111409094,209.1386651817966,203.7705219584249,208.1374969482422,27694500
2021-01-08,208.50934079732144,210.32098186986488,206.93608695061204,209.40562438964844,22956200
2021-01-11,208.3090962965024,208.728634495914,206.65001738495062,207.3746795654297,23031300
2021-01-12,206.4307490700466,207.00284934438994,203.39865544372427,204.9337615966797,23249300
2021-01-13,204.06606184414557,206.67861677106026,203.98023663300623,206.2781524658203,20087100
2021-01-14,205.86816670165965,207.34608009721836,202.84560313156365,203.11257934570312,29480800
2021-01-15,203.58929700017367,204.53324329007845,202.16859090795862,202.75975036621094,31746500
2021-01-19,203.80862770514977,206.88839845005378,202.74072282622367,206.37351989746094,30480900
2021-01-20,207.5748754055162,215.2886099273774,207.18394081538668,213.9060516357422,37777300
2021-01-21,214.24937409587324,215.77496515454496,212.07541629419055,214.50682067871094,30709400
2021-01-22,216.51867230319704,219.3696147654963,215.2982053575905,215.44122314453125,30172700
2021-01-25,218.46381685028754,219.09312429718162,213.7917175486898,218.85475158691406,33152100
2021-01-26,221.07633334716795,223.2884239961353,219.3791212258297,221.52447509765625,49169600
2021-01-27,226.9307862882382,229.25730592090014,219.43634881456967,222.06797790527344,69870600
2021-01-28,224.65198380438494,231.35502343691428,224.15616447968532,227.81756591796875,49111200
2021-01-29,225.01422690362025,226.94981144239858,220.59003159368262,221.17166137695312,42503100
2021-02-01,224.12752469767685,231.22149793113354,221.61983946645995,228.50404357910156,33314200
2021-02-02,230.07727012950718,231.04029033688266,227.5886592390331,228.37051391601562,25916300
2021-02-03,228.42770082356768,233.69095732653204,228.13210657998295,231.6981658935547,27158100
2021-02-04,231.37405012765626,231.9270764637122,229.19054833968426,230.7542724609375,25296100
2021-02-05,230.96402835930283,231.96519641817662,229.2382126683199,230.9354248046875,18054800
2021-02-08,231.84126833297145,232.34661726281524,229.6101034862142,231.19290161132812,22211900
2021-02-09,230.62076272671874,233.37634993048727,230.1535616523339,232.43240356445312,23565000
2021-02-10,233.60518321229108,234.4823927666235,229.6863364956225,231.52658081054688,22186700
2021-02-11,233.39543288023918,233.74821975404504,230.88774789305762,233.11892700195312,15751100
2021-02-12,232.5849755201089,233.89126765033635,231.44078960935016,233.59568786621094,16561100
2021-02-16,233.63379055190723,234.68263598664956,231.6219248900733,232.3656463623047,26728500
2021-02-17,230.6263097281633,233.48380348312867,230.26314413417265,233.37867736816406,21653500
2021-02-18,231.08502464867303,233.12062720680663,230.18667690425352,232.98683166503906,16925600
2021-02-19,232.94866305919183,233.05378919300554,229.5368541021117,230.29185485839844,25262600
2021-02-22,226.899124179311,227.38651912425996,222.1015730817524,224.11807250976562,36446900
2021-02-23,220.12329302100676,224.4238826563991,218.59418865093036,222.93301391601562,30228700
2021-02-24,219.81750035690945,224.77751683776836,218.85226200566777,224.1563262939453,26339700
2021-02-25,221.7957036132135,224.19447125073808,217.78182361080445,218.84263610839844,39542200
2021-02-26,221.27016465567323,224.9399984847322,219.3683426651767,222.08250427246094,37819200
2021-03-01,225.44649207075136,226.94692722517456,222.8183535831064,226.44041442871094,25324000
2021-03-02,226.50729480119938,226.78445210469692,223.10505255325617,223.50643920898438,22812500
2021-03-03,221.87223909617876,223.22931252952912,217.18936527759203,217.47607421875,34029500
2021-03-04,216.69236649103152,222.18756397333465,214.32225342526553,216.68280029296875,44727800
2021-03-05,219.34920613150112,222.9330311039714,216.42480728718476,221.3370361328125,41872800
2021-03-08,221.1171965727587,223.02856970876766,217.06509485729632,217.31356811523438,35267400
2021-03-09,222.56032845718752,224.9495452618804,221.40394110736247,223.42044067382812,33080500
2021-03-10,226.49777489668543,226.49777489668543,221.75756188333716,222.1207275390625,29746800
2021-03-11,224.5481556095097,228.5715884889649,223.92695049895786,226.6219940185547,29907600
2021-03-12,223.64023105792842,225.37003616967326,222.89479662640136,225.30313110351562,22653700
2021-03-15,224.54811636957217,224.76792019114268,221.5376950120986,224.40475463867188,26034900
2021-03-16,225.80964526868732,229.42213971544066,225.4847153006478,227.17628479003906,28092200
2021-03-17,225.68540440109052,227.97906119030745,222.8948010361049,226.5359649658203,29562100
2021-03-18,222.25450809258342,223.81228216044187,220.1233307246963,220.4960479736328,34833000
2021-03-19,220.78274914550676,222.16849196675588,219.18675408019257,220.14244079589844,46430700
2021-03-22,220.06598722171685,226.40218032029384,219.94174328047853,225.5325164794922,30127000
2021-03-23,226.96606993241753,230.368312705393,226.56468321474753,227.0520782470703,31638400
2021-03-24,227.31009164866788,227.45343882328078,224.8922054193831,225.0260009765625,25620100
2021-03-25,224.87307416129178,226.4403997014099,221.30836700029914,222.0442352294922,34061900
2021-03-26,221.28923500414234,226.22058135679828,221.28923500414234,226.00076293945312,25479900
2021-03-29,226.10590310307379,226.3066037177728,221.60462710644518,224.81573486328125,25227500
2021-03-30,223.1815048432536,223.48733157452293,220.85919325598945,221.57595825195312,24792000
2021-03-31,222.58898590552727,228.504688728598,222.092024753779,225.32225036621094,43623500
2021-04-01,227.9026180384794,232.07896442554832,227.50123135762215,231.61068725585938,30338000
2021-04-05,232.0025025067712,238.88345854528154,231.9451636368873,238.03289794921875,36910600
2021-04-06,236.63758894050287,238.34826175018762,235.93994171916324,236.8765106201172,22931900
2021-04-07,236.82871391899718,239.8104516951834,236.23619284363235,238.8260955810547,22719800
2021-04-08,241.56893863766072,242.87822479030498,240.8330557729979,242.0276641845703,23625200
2021-04-09,241.66449426976965,244.6462467282904,241.25355598314442,244.512451171875,24326800
2021-04-12,243.42297254578972,246.25181167284637,243.3369496576039,244.56979370117188,27148700
2021-04-13,245.8600157483126,247.70448442455188,245.44904822488058,247.03549194335938,23837500
2021-04-14,246.0702236664277,247.3603773878888,243.85302350789357,244.2639617919922,23070900
2021-04-15,246.50025159947802,248.41162490695785,246.30913176787533,248.0006866455078,25627500
2021-04-16,247.97204879271342,249.43424839254266,246.1849191890606,249.18576049804688,24878600
2021-04-19,248.66014101635673,249.89298510599394,246.39516805614227,247.27438354492188,23209300
2021-04-20,246.39518455013285,248.66972386310928,245.45860096089334,246.81568908691406,19722900
2021-04-21,247.4655258324469,249.12841142074208,245.8504129148692,249.0328369140625,24030400
2021-04-22,248.6792536850278,250.1796889584141,244.31177259860783,245.77398681640625,25606200
2021-04-23,246.45247560871377,249.9216227814362,245.86949159186986,249.5775604248047,21462600
2021-04-26,250.06496430244533,250.8103986988795,248.64100057258497,249.95982360839844,19763300
2021-04-27,249.98853524607762,251.52720612882962,248.5932407126178,250.36126708984375,31014200
2021-04-28,244.73223532354257,245.1718722009615,241.74094589292326,243.27960205078125,46903100
2021-04-29,244.13972189863736,244.7513607810362,237.96597962533752,241.3204345703125,40589000
2021-04-30,238.6732026105505,241.86519270079532,238.53940705534927,241.00506591796875,30945100
2021-05-03,242.1710003473486,243.0789143649509,239.99203587034623,240.69924926757812,19626600
2021-05-04,239.84867666254803,240.07804670537047,234.8695428631059,236.80958557128906,32756100
2021-05-05,238.0233052697771,238.44380971230865,234.9268899795364,235.54808044433594,21901300
2021-05-06,235.52898404785154,238.787879191213,233.84698070738517,238.66363525390625,26491100
2021-05-07,240.97638418935017,243.03111924686715,240.03981535072342,241.2726593017578,27032900
2021-05-10,239.75310967237866,240.5750007899498,236.16928466831055,236.22662353515625,29299900
2021-05-11,233.71320928311397,235.67237013483188,231.8209535068911,235.31875610351562,33641600
2021-05-12,231.43864370631172,233.5507177051827,227.52033703130473,228.40911865234375,36684400
2021-05-13,231.08502287042182,234.7166348681072,230.7218572958672,232.26051330566406,29624300
2021-05-14,234.69754869490393,238.1380121702755,234.61154038910965,237.15365600585938,23901100
2021-05-17,235.62456255687053,235.6627836091261,232.7288329763286,234.3152618408203,24970200
2021-05-18,235.35699284135924,235.49078841035117,232.13631840202916,232.308349609375,20168000
2021-05-19,229.23346982489758,232.98841024168715,228.5533736882799,232.88304138183594,25739800
2021-05-20,233.68766653903634,237.50965162562568,233.59187135815804,236.10154724121094,21800700
2021-05-21,237.14570923286777,237.87370305685576,234.434868777639,234.8467559814453,21863100
2021-05-24,237.35642839759134,240.5845394923802,237.08821938185093,240.2205352783203,21411500
2021-05-25,241.16882349619877,242.10755492818512,240.25882769668084,241.1209259033203,17704300
2021-05-26,240.84314887956268,242.28957737809495,240.19178833380082,240.900634765625,17771600
2021-05-27,240.59409080987143,240.89103543425676,238.75493718013217,238.81240844726562,24426200
2021-05-28,240.43125068294205,241.46577734023427,239.05188180655244,239.1668243408203,18270200
2021-06-01,240.65155203751777,240.70902330225366,236.56135779002153,236.98281860351562,23213300
2021-06-02,237.68209245529417,238.77409033945722,235.48850839860341,236.8870391845703,19406700
2021-06-03,234.89461014755204,235.96744603006286,232.7680857259376,235.36398315429688,25307700
2021-06-04,237.32767135182317,241.05387621610285,237.0881979939227,240.23008728027344,25281100
2021-06-07,239.45419127909673,243.39113379101272,239.29135115284882,243.1229248046875,23079200
2021-06-08,244.41613686309023,245.23035227753448,241.87771002860302,241.93519592285156,22455000
2021-06-09,243.12296920395218,244.77054734442802,242.54824182099543,242.9122314453125,17937600
2021-06-10,243.58275563871968,246.61927657838774,242.98886628752862,246.40853881835938,24563600
2021-06-11,247.1269244072011,247.60587113723255,245.80502675510013,247.03115844726562,18999700
2021-06-14,247.04071732809936,249.00441645938554,245.98702867626147,248.9469451904297,19150500
2021-06-15,248.83197177770197,249.0427095066787,246.82997796871686,247.48133850097656,18038900
2021-06-16,248.47758277634668,249.60789015749845,243.70727695625772,246.5426483154297,27220000
2021-06-17,245.2877556852528,250.7285828649351,245.23028442320287,249.91436767578125,27565500
2021-06-18,248.6978770009707,251.25543610006036,247.8549261016525,248.50628662109375,37202200
2021-06-21,248.87985524946583,252.42404307695548,247.05986374534035,251.571533203125,26696100
2021-06-22,251.65782131019196,254.59856183633937,251.35128832586642,254.33035278320312,24694100
2021-06-23,254.79010263405425,255.59472972906184,253.29579099581272,254.1004180908203,19518700
2021-06-24,254.9529803706691,256.57182299669046,254.2920314058393,255.46066284179688,21446900
2021-06-25,255.01995762348398,255.996998318781,253.61185322675826,253.8608856201172,25611100
2021-06-28,254.98171212816092,257.5775957253318,254.71350307641555,257.4051818847656,19590000
2021-06-29,257.5488508865929,260.2117939597386,256.69634077251254,259.9723205566406,19937800
2021-06-30,259.2921062333321,259.93387829121355,258.2480061790663,259.4932556152344,21656500
2021-07-01,258.2576211651032,260.39373393462904,258.24806210942415,260.1638488769531,16725300
2021-07-02,261.33255398887786,266.2944361062581,261.0260210034365,265.95916748046875,26458000
2021-07-06,266.32307429273305,267.60664781291035,262.75012174305823,265.9686584472656,31565600
2021-07-07,267.6354450424523,268.871135874846,265.48018461117033,268.14312744140625,23260000
2021-07-08,265.24067677167557,266.9936380649696,263.2961543378193,265.7388000488281,24618600
2021-07-09,264.1103833296634,266.3422622068924,263.72723179599774,266.2369079589844,23916700
2021-07-12,267.4055564436705,267.9898574546222,264.93417481129705,265.6430358886719,18931700
2021-07-13,265.83459322837217,270.94018194655666,265.7100916289199,269.14892578125,26120100
2021-07-14,270.4612354852631,271.71607363125577,268.7370096462592,270.614501953125,23113700
2021-07-15,270.1259963441455,270.6145314366444,268.0473543610004,269.19683837890625,22604200
2021-07-16,270.19307657220435,272.1375995678222,267.6929588734984,268.92864990234375,26186800
2021-07-19,267.18523908688275,268.5646081282036,262.89389472063215,265.3460998535156,32935600
2021-07-20,266.32308625199624,269.13929503242093,264.6276255505508,267.55877685546875,26259700
2021-07-21,267.1564446467367,269.66612050122745,265.6142504127117,269.5511779785156,24364300
2021-07-22,271.8884415525597,274.35982273487036,271.4861427208434,274.09161376953125,23384100
2021-07-23,275.2698801509867,277.7795567148543,274.43651739318557,277.4730529785156,22768100
2021-07-26,276.8311148392192,277.4920634381682,274.57050108185837,276.8789978027344,23176100
2021-07-27,277.2431201263009,277.3867983107101,271.03598869909524,274.4748229980469,33604100
2021-07-28,276.8215975375424,277.9327573622619,271.87886420658435,274.1682434082031,33566900
2021-07-29,274.187400760919,276.467191757566,274.0341343071643,274.43646240234375,18168300
2021-07-30,273.16248327798326,274.58973513938895,271.9555281974139,272.9134216308594,20944800
2021-08-02,274.3023749668568,274.69511481884285,271.79269861607827,272.8272399902344,16267400
2021-08-03,273.401963651149,275.13574847156286,272.041742078418,275.0303649902344,17879000
2021-08-04,274.1682781399353,275.48058755485204,272.6643783324015,274.4460754394531,16191300
2021-08-05,274.8005217895427,277.4347292005121,274.0533659477351,277.329345703125,13900200
2021-08-06,276.3618996973653,277.31020503372423,275.50936033763736,277.2718811035156,16589300
2021-08-09,277.549613584763,279.2738100175353,275.6912980438974,276.18939208984375,16117600
2021-08-10,276.6396738152466,277.07073764983113,273.19128006894726,274.3790588378906,18616600
2021-08-11,275.1165861447633,276.50554342388034,273.82342406292844,274.8675537109375,13955900
2021-08-12,274.56096197787616,277.7603221003754,274.2831647350226,277.6070556640625,14561300
2021-08-13,277.29106807216334,280.5670480291717,277.11862499606184,280.5191650390625,18249000
2021-08-16,280.84480121005765,282.40617231232227,277.8082659137247,282.1954345703125,22507600
2021-08-17,280.0784603423911,281.074648413446,278.8235931164337,280.7393798828125,20075300
2021-08-18,280.2787552513025,282.9467958439038,278.58001926830815,279.0215148925781,21813000
2021-08-19,277.0636542331081,285.490058075922,277.01567958739867,284.8182373046875,29850500
2021-08-20,287.6494504032282,293.5229764433976,286.0562996654451,292.1025695800781,40817600
2021-08-23,291.03721689599007,293.10062411767575,289.6936049345583,292.3808288574219,22830200
2021-08-24,292.7359564242879,293.34058919776106,289.8375910575891,290.4326171875,18175800
2021-08-25,292.0449832645035,292.32331236094075,288.3212662286274,289.84722900390625,20006100
2021-08-26,288.8683063071112,290.2503159413958,286.9104837323351,287.0448303222656,17666100
2021-08-27,286.94883316309097,288.7531250293206,284.87581884584097,287.6494445800781,22605700
2021-08-30,288.99302872534867,291.968188686325,288.9354474406273,291.3635559082031,16348100
2021-08-31,292.16018861273085,292.2369539074186,289.3577720955228,289.72247314453125,26285300
2021-09-01,290.67253231019225,292.899106136523,289.34810427058954,289.6744079589844,18983800
2021-09-02,290.0296430024722,291.14290105479273,288.0909748362211,289.02191162109375,16285600
2021-09-03,288.8682245483262,290.4134002707851,288.16764257283074,289.01220703125,14747900
2021-09-07,288.8875018649386,288.96426715610795,286.1906707011484,288.0909118652344,17180400
2021-09-08,287.70695333346833,288.5035138411293,285.4899863493566,288.11962890625,15046800
2021-09-09,288.705194927188,289.97204208683576,285.0390293387629,285.2789611816406,19927000
2021-09-10,286.40178494786,287.84137565254247,283.48420625224344,283.8009033203125,19633400
2021-09-13,285.56686392320825,286.51701392472955,282.2366088163071,285.0294189453125,23652900
2021-09-14,287.49592696697243,289.2522444456008,286.0947332155957,287.7166748046875,21853400
2021-09-15,291.0468344930602,293.0238698725536,289.6648251982723,292.54400634765625,28356300
2021-09-16,291.52675443497674,293.0143199346179,288.647572728406,292.9279479980469,19550800
2021-09-17,291.92024060405146,292.2369376988319,287.4670922568032,287.79339599609375,41372500
2021-09-20,284.39590711591853,286.68966885034547,277.8601681732073,282.4476623535156,38278700
2021-09-21,283.78181431814966,285.5573159726547,282.2270605228024,282.9276428222656,22364100
2021-09-22,284.7799171748866,288.12935637243464,282.64932121103874,286.5553894042969,26626300
2021-09-23,286.8144515647207,288.7818804171432,285.54760475520084,287.495849609375,18604600
2021-09-24,286.2195130742343,287.7262628330811,284.9718498809772,287.2944030761719,14999000
2021-09-27,284.21366203503686,284.53035916304015,281.142522901756,282.322998046875,23571700
2021-09-28,278.1289850116234,279.069528394677,271.3629186493173,272.1018981933594,43186200
2021-09-29,273.61826695321446,275.2209951886973,271.6124403531808,272.56256103515625,26353700
2021-09-30,274.20369075422246,276.23830803362955,270.27840943903544,270.56634521484375,32343600
2021-10-01,270.7582465838053,278.301717984921,269.96168585473896,277.4571533203125,30086300
2021-10-04,275.8257051627655,276.1616156789927,268.9636587108174,271.7084655761719,31350700
2021-10-05,272.61043272876907,278.70470481503094,272.61043272876907,277.1307678222656,24993000
2021-10-06,274.2708756099428,281.8047410195279,274.0117597743309,281.3056640625,28002600
2021-10-07,283.2922219400396,284.69344451263237,282.0829857802922,282.97552490234375,20430500
2021-10-08,284.29034626701986,284.69344451263237,281.929425938561,282.97552490234375,17685700
2021-10-11,281.1233746309737,285.96998648788195,280.96020807919734,282.380615234375,19298600
2021-10-12,283.44585132765303,283.54182991335233,280.57627613312303,281.0849304199219,17974100
2021-10-13,283.03309702338566,285.30764535887187,281.67027177746104,284.376708984375,23416300
2021-10-14,287.1599913093113,291.05648172385895,285.83556297646015,290.55743408203125,27262900
2021-10-15,290.16390256494424,292.1889420783388,288.4171921254101,291.9585876464844,25384800
2021-10-18,291.3444250695116,295.7975445356027,290.49986035476513,294.91461181640625,22729300
2021-10-19,295.9319655865493,296.843689092521,294.8474688799696,295.8168029785156,17682100
2021-10-20,296.7573440456716,297.22763045586345,293.782182817939,295.02984619140625,16537100
2021-10-21,294.7994554629315,298.49438223529035,294.0220493838015,298.244873046875,16918100
2021-10-22,297.8993420062516,298.56155617287357,295.40404521926826,296.70928955078125,17449300
2021-10-25,296.90120994069343,296.9396072317386,294.1180067552253,295.72076416015625,17554500
2021-10-26,298.4751735047065,299.81878579139044,296.1718339720267,297.6210021972656,28107300
2021-10-27,303.27377289207794,312.96702275678115,303.27377289207794,310.155029296875,52588700
2021-10-28,311.2682928158976,311.7865536762648,308.4179020167002,311.2875061035156,26297900
2021-10-29,311.07645205149026,318.62950212965984,310.8557042019177,318.2648010253906,34766000
2021-11-01,318.01528656238753,318.14005582207426,313.22625576663637,316.1054382324219,27073200
2021-11-02,317.00752073679007,320.02107850414706,316.71000761817237,319.7139587402344,26487100
2021-11-03,320.45300210646246,321.4127295936268,317.3338877731784,320.5489807128906,21500100
2021-11-04,319.483574923038,322.98657305209764,316.2396925724103,322.8905944824219,23992200
2021-11-05,324.8772834386426,325.1460058993081,320.95200246852335,322.52593994140625,22570100
2021-11-08,323.7159701176598,324.05188049254014,320.9711644072854,323.41845703125,20897000
2021-11-09,323.53360684587807,325.07878279395607,321.0575236753706,322.42034912109375,21307400
2021-11-10,321.0959739152807,321.1535552109362,316.63324777065986,317.477783203125,25500900
2021-11-11,317.9096735712425,320.3281758647958,317.19948472941286,319.0421447753906,16849800
2021-11-12,320.4721987193662,323.64889419343916,320.34742946636004,323.159423828125,23831000
2021-11-15,323.9463532471072,324.27265700662844,320.57770113283607,322.5355529785156,16723000
2021-11-16,322.16120369996304,326.9502621097972,321.998066485535,325.83697509765625,20886800
2021-11-17,325.8851370775491,329.0099576589885,324.9813404697,326.0581970214844,19053400
2021-11-18,325.15438659772514,329.2599387046323,324.1352167372241,328.1253662109375,22463500
2021-11-19,329.442570826056,331.8078109454933,329.0195159309197,329.8944396972656,21963400
2021-11-22,331.34626493417426,336.20177166262135,326.4715391090011,326.7407531738281,31031100
2021-11-23,324.06790589930085,326.3754890891575,320.7123388682241,324.67364501953125,30427600
2021-11-24,323.3275835286007,325.13517671876446,321.0488729392215,324.8948059082031,21661300
2021-11-26,321.4718586551738,324.91395501030433,315.4818087833129,316.9817199707031,24217200
2021-11-29,322.03918406869917,325.9716468199308,321.84687569261206,323.6640930175781,28563500
2021-11-30,322.40448405275345,324.7697239982536,316.31828027928486,317.8566589355469,42885600
2021-12-01,322.2218403334276,326.2119893836903,316.7029366546509,317.3663330078125,33337600
2021-12-02,317.5779018588186,320.6450357362237,315.17419376318077,316.7991027832031,30766000
2021-12-03,319.2027012508651,319.88537524190724,305.78040807041685,310.568603515625,41779300
2021-12-06,311.4724773249387,314.8376683407075,306.93427569570224,313.6261901855469,30032600
2021-12-07,318.86626463105284,322.8660084465521,317.38557246325246,322.0199279785156,31021900
2021-12-08,322.394924443513,322.5776085960502,318.05862588929494,322.0680236816406,24761000
2021-12-09,321.52965193034566,323.52952439611107,319.3278468338982,320.2701110839844,22214200
2021-12-10,322.0776255201496,329.7887095654795,321.894941380308,329.346435546875,38095700
2021-12-13,327.55805926915104,330.54828700278097,326.0196804228618,326.3273620605469,28899400
2021-12-14,320.38543259627,321.75075164875943,311.6263053995195,315.6933898925781,44438700
2021-12-15,315.9529787432078,322.2795546002779,312.0012968945024,321.7603454589844,35381100
2021-12-16,322.77952611826163,323.7891011125143,310.5783016127801,312.3858947753906,35034800
2021-12-17,308.52073257010983,312.40513289702955,305.03054387453375,311.3282470703125,47750300
2021-12-20,307.722635580741,310.3667139438823,305.3381764176737,307.5880432128906,28326500
2021-12-21,310.8379051743816,315.10689283678283,307.4823089268054,314.683837890625,24740600
2021-12-22,315.6549198284857,320.7603932246783,313.2031494286014,320.3662109375,24831500
2021-12-23,319.93357863165926,323.43339204336854,319.9143595281961,321.7988586425781,19617800
2021-12-27,322.539101111183,329.28873101360773,322.51025779288784,329.2598876953125,19947000
2021-12-28,329.93289096293216,330.5674732743384,327.21190693909,328.1060791015625,15661500
2021-12-29,328.1541872836197,331.0386367329647,326.5965892757154,328.7791748046875,15042000
2021-12-30,328.7406955115323,329.9137060860202,325.76971620596595,326.2504577636719,15994500
2021-12-31,325.47170904487376,326.28894634545765,322.914160041901,323.3660583496094,18000800
2022-01-03,322.433341000755,324.98126516990294,317.0778734645708,321.8564453125,28865100
2022-01-04,321.93336411107276,322.28913749513237,313.55885476913005,316.3375549316406,32674300
2022-01-05,313.30880899330907,313.5107415320477,303.80938242850283,304.1939697265625,40054300
2022-01-06,301.0883900628225,306.42463822029214,299.4923247910214,301.790283203125,39646100
2022-01-07,302.0498713577004,304.30936222208857,298.1462528184306,301.9441223144531,32720000
2022-01-10,297.56939515988586,302.597962334878,292.95428801782003,302.165283203125,44289500
2022-01-11,301.3095522143525,304.41512357671206,297.95398587837894,302.8479309082031,29386800
2022-01-12,307.35733034753923,310.9532679259109,304.86706317706137,306.01123046875,34372200
2022-01-13,308.1265127840826,308.52072440499325,292.2908837943043,293.06005859375,45366000
2022-01-14,292.5312389014695,298.8481900342401,292.05049734205875,298.2520751953125,39846400
2022-01-18,292.3581471597959,297.8674260520063,290.1178753051929,290.9928283691406,42333200
2022-01-19,294.4927403274308,301.8192386810755,291.04101865902453,291.646728515625,45933900
2022-01-20,297.16558676731063,299.6462002381442,289.541032877528,289.9833068847656,35380700
2022-01-21,291.0313814474847,292.3966712973026,284.22406327473504,284.6278991699219,57984400
2022-01-24,280.94540441346044,285.666261131879,265.4174271692936,284.95477294921875,85731500
2022-01-25,280.2915581603582,283.6279058744891,274.1861636133682,277.3782653808594,72848600
2022-01-26,296.1272067657119,296.6175725961171,281.74342604783857,285.28167724609375,90428900
2022-01-27,291.0024967310887,295.4637633356451,286.45467082104994,288.2911071777344,53481300
2022-01-28,288.66604220399256,296.5982766943393,283.1086718195925,296.3867492675781,49743700
2022-01-31,297.05023502997614,300.34811523788875,294.5695920371354,299.0020446777344,46444500
2022-02-01,298.45396439636784,298.6654918462446,293.37733494145994,296.8675231933594,40950400
2022-02-02,297.703977220742,302.9825093458668,296.9828649919706,301.3864440917969,36636000
2022-02-03,297.5694324128608,299.2424331685659,288.4064984985747,289.6468200683594,43730000
2022-02-04,288.6468494123292,296.9059861831538,288.41610284488047,294.1561584472656,35096500
2022-02-07,294.37728012769503,295.9829403994106,288.3487625883948,289.35833740234375,28533300
2022-02-08,289.64680820459523,293.79079836630905,288.3968918064597,292.8293151855469,32421200
2022-02-09,297.9348214827328,299.91547470681274,295.55036170966486,299.22320556640625,31284700
2022-02-10,292.3293725846551,297.2136945346378,289.11802208324127,290.7333068847656,45386200
2022-02-11,291.51204526354115,292.5696824760353,282.8875412205064,283.67596435546875,39175600
2022-02-14,282.45487744042305,285.3297318388345,280.128104788829,283.63751220703125,36359500
2022-02-15,288.4545460706531,289.2140965718555,285.57969173022536,288.8968200683594,27058300
2022-02-16,287.4709649658661,289.8796435333353,282.95228162106866,288.5596923828125,29982100
2022-02-17,285.53430336959343,285.958233038907,279.40664080865434,280.1099853515625,32461600
2022-02-18,282.34522991631013,283.12563925409984,275.85144328731116,277.4122619628906,34264000
2022-02-22,274.58928762159644,280.8903974019096,274.1075520292779,277.2099304199219,41736100
2022-02-23,279.58007749575995,281.04457259903455,269.86830032930663,270.0320739746094,37811200
2022-02-24,262.55554816759064,284.3781651371424,261.6016916782459,283.8289794921875,56989700
2022-02-25,284.35889947396316,286.7579333141939,280.99636504653614,286.4496154785156,32546700
2022-02-28,283.5591579767434,288.2127395416602,282.29701327303695,287.8755187988281,34627500
2022-03-01,285.5728272162815,289.0124260885947,281.4780750548052,284.1758117675781,31217800
2022-03-02,284.57084383733564,290.4576682481348,282.9715074955346,289.22442626953125,31873000
2022-03-03,291.82571437942323,292.05693798602465,283.3086057674911,285.1103210449219,27314500
2022-03-04,283.53992798121607,284.8598787290603,276.68001821827283,279.271728515625,32356500
2022-03-07,277.9902652976739,279.1078951009538,268.3555560309153,268.7216796875,43157200
2022-03-08,267.6523109324147,273.5872975701551,260.13724667838545,265.7735595703125,48159500
2022-03-09,273.0862941142346,279.0212805569592,270.52345705468474,277.9614562988281,35204500
2022-03-10,272.68152651187194,276.13076883711994,270.33065513796623,275.15765380859375,30628000
2022-03-11,277.441127086034,278.9345249185214,269.22271985726513,269.83935546875,27209300
2022-03-14,270.0994498709781,274.9746106570879,265.7445716446683,266.3419189453125,30660700
2022-03-15,270.1091142008014,277.3062441058317,268.5482958074122,276.66070556640625,34245100
2022-03-16,278.54913550581284,283.80970925762125,272.8550467725236,283.63629150390625,37826300
2022-03-17,282.5763907730324,284.8116209329349,278.7995718773374,284.4358825683594,30816600
2022-03-18,284.5804958303675,290.0048436231841,282.0369470428673,289.4556579589844,43390600
2022-03-21,287.9719290179041,289.17626805109586,284.1276588300462,288.2320556640625,28351200
2022-03-22,288.84863696836237,293.8586986740922,287.85626286698505,292.9530334472656,27599700
2022-03-23,289.5326860173236,292.1533283713497,286.84459363513463,288.5499267578125,25715400
2022-03-24,288.212858625541,293.0880217250497,287.42280499368326,292.9916687011719,24484500
2022-03-25,294.0803119983577,294.3404386258809,288.35729097039587,292.5869140625,22566500
2022-03-28,293.2131286444829,299.44678744893827,293.2131286444829,299.3504638671875,29578200
2022-03-29,302.44319069026733,304.28342386238455,297.7607062548544,303.8883972167969,30393400
2022-03-30,302.2987264531988,304.40873068688376,300.1983369373926,302.3950500488281,28163600
2022-03-31,302.43362184596117,303.6283461991608,296.64317958234875,297.0478210449219,33422100
2022-04-01,298.0691183624966,298.801365976558,294.3790361342476,298.1173095703125,27110500
2022-04-04,298.7627341145734,303.59934819649135,298.39661041143324,303.4644775390625,24289600
2022-04-05,301.82660661689823,303.3681663887453,298.5508104784777,299.52392578125,23156700
2022-04-06,294.04184715459763,295.78572808522017,285.87159886872877,288.5596923828125,40110400
2022-04-07,285.8233566950077,292.5580106672026,285.5246829888432,290.3612976074219,31411200
2022-04-08,289.4652859924413,290.1204393434208,285.4572423231668,286.1220397949219,24361900
2022-04-11,281.13124798929533,281.921271966205,274.5892708132743,274.83978271484375,34569300
2022-04-12,278.6743994842394,280.1196062790801,270.2440265143357,271.7566833496094,30966700
2022-04-13,272.40219747053607,278.0384799408657,271.0244114373308,277.1135559082031,21907200
2022-04-14,277.5663736108414,277.7783384197441,269.11674301597424,269.60809326171875,28221600
2022-04-18,268.7217442498862,272.14205510022083,268.17255863306326,270.2729187011719,20778000
2022-04-19,269.1745633932946,275.7165404624221,268.2399952405621,274.8782958984375,22297700
2022-04-20,278.82852699073885,279.11758595882566,274.94573968215394,275.8995666503906,22906700
2022-04-21,278.0384980731543,282.5860831842899,269.82973426697856,270.5523376464844,29454600
2022-04-22,271.39059991716476,272.8550951713469,263.393799558569,264.0200500488281,29405800
2022-04-25,263.3070829372568,270.84140624661075,260.8791164146194,270.4656677246094,35678900
2022-04-26,267.3632511079873,268.19182220528097,260.13721729425794,260.34918212890625,46518400
2022-04-27,271.7951847238902,280.3411680957989,268.96257753012264,272.874267578125,63477700
2022-04-28,274.7723864290521,280.3508935706538,271.178627842334,279.0502014160156,33646600
2022-04-29,278.0674307607547,279.29105809866707,266.3998077256145,267.3825378417969,37073900
2022-05-02,267.56559909941353,274.53150699101036,266.1300363109666,274.07867431640625,35151100
2022-05-03,273.58726807497914,273.7510711128351,269.9164452309345,271.4869079589844,25978600
2022-05-04,272.26732383050563,280.25450833918546,266.62139669213593,279.38739013671875,33599300
2022-05-05,275.10958168100854,275.88999102064156,264.318692205309,267.21875,43260400
2022-05-06,264.77152276793004,269.04933732325316,261.36082642726797,264.6944580078125,37780300
2022-05-09,260.19500872248045,262.4109805408289,253.70122277240785,254.91517639160156,47726000
2022-05-10,261.7654605643178,263.75020864058513,255.38728670730274,259.65545654296875,39336400
2022-05-11,255.97503719293763,261.4475468907718,249.82808585226212,251.0324249267578,48975900
2022-05-12,248.27687299785254,250.38687708360916,240.88705133910193,246.02235412597656,51033800
2022-05-13,247.94928292003297,253.43143559809596,246.02234080198772,251.58155822753906,34925100
2022-05-16,250.46399981871846,256.10995712688276,246.43669669823026,251.94775390625,32550900
2022-05-17,256.3893394840578,258.52824699584437,252.87267503794862,257.07342529296875,28828800
2022-05-18,253.98308927658698,254.56252427185584,244.10382723032592,245.36891174316406,31356000
2022-05-19,245.19505877898175,248.83582357923467,243.24432488041336,244.46112060546875,32692300
2022-05-20,248.42060269458278,249.67605030957378,237.99088889238988,243.90106201171875,39199300
2022-05-23,246.73060439189265,252.5345479716084,244.7412185194128,251.71368408203125,33175400
2022-05-24,249.04828011075938,252.37031292551026,244.80877669553468,250.7189483642578,29043900
2022-05-25,249.289783654333,255.5089636207459,248.31440168457397,253.51959228515625,28547900
2022-05-26,253.2781100641193,257.9521680064266,252.46691284814418,256.7836608886719,25002100
2022-05-27,259.2752549960121,263.96861721941957,258.3867839504424,263.8720397949219,26910800
2022-05-31,263.1864174502178,265.34961052088613,259.70983610714705,262.5490417480469,37827700
2022-06-01,265.76485697863757,268.1694785962378,260.7817625947678,263.0801696777344,25292200
2022-06-02,255.38340607068776,265.2336837998182,252.63111175251524,265.16607666015625,44008200
2022-06-03,261.0424863281772,264.074846353105,259.20763325124227,260.7624206542969,28059000
2022-06-06,262.732495427998,264.77980709613064,258.0584370323219,259.5359802246094,22400300
2022-06-07,257.49830250093424,263.76578441208926,256.8222901054273,263.1573791503906,22860700
2022-06-08,262.3944559964506,263.64023679590827,260.36644828068603,261.1390380859375,17372300
2022-06-09,258.5992099165968,263.36017868447857,255.5572129915601,255.71173095703125,26439700
2022-06-10,251.6460439882833,251.6460439882833,243.87204872141055,244.3162841796875,31422800
2022-06-13,236.70644141538565,240.48239119497188,233.24917940412797,233.9541473388672,46135800
2022-06-14,235.49932172717016,237.31487111467933,233.22988499278367,236.10772705078125,28651500
2022-06-15,239.79671901174797,246.5470730031909,237.9715180249655,243.12843322753906,33111700
2022-06-16,237.54664093367091,238.93727329741498,234.68813195099327,236.57127380371094,33169200
2022-06-17,236.3105209841857,241.9116724347951,235.66349352878527,239.1593780517578,43084800
2022-06-21,241.67988876042264,246.01595545881753,240.95560233610817,245.04058837890625,29928300
2022-06-22,243.253984977507,248.35297445153836,241.78609384504884,244.45147705078125,25939900
2022-06-23,246.80786429478658,250.47757061654244,244.93437427025984,249.98504638671875,25861400
2022-06-24,252.8338959418169,258.79237173531016,252.74698510975713,258.52197265625,33923200
2022-06-27,259.0144557779908,259.1013666061605,254.2534870945373,255.8083038330078,24615100
2022-06-28,254.92954092954665,257.75907974566,247.53215803754682,247.68667602539062,27295500
2022-06-29,248.75859390135693,252.98843151702386,246.99133318160082,251.33706665039062,20069800
2022-06-30,248.23707094153858,250.6320551562228,244.22935890804,248.0246124267578,31730900
2022-07-01,247.599724121051,250.86381660731956,245.88073757874744,250.68032836914062,22837700
2022-07-05,247.37760464946805,253.9637892662612,246.00629085879652,253.83824157714844,22941000
2022-07-06,254.70738716056056,258.8020102285566,253.4036657301254,257.0830383300781,23824400
2022-07-07,256.0304226841945,259.8353431316474,255.9338452648158,259.1979675292969,20859900
2022-07-08,255.71173945693104,258.9082544536916,254.26316663768768,258.48333740234375,19658800
2022-07-11,256.5421992795978,257.3920332460969,253.19116684927542,255.44129943847656,19455200
2022-07-12,256.7643979233419,256.8223384857245,243.3988864910708,244.97300720214844,35868500
2022-07-13,241.61229886642806,244.85710267048802,239.60360939385333,244.05555725097656,29497400
2022-07-14,241.97925680708025,246.39256746391416,237.5079908622042,245.36891174316406,25102800
2022-07-15,246.952711238918,251.44328137226535,246.0352846750309,247.91842651367188,29774100
2022-07-18,250.84453005870418,251.89715611893087,244.6156697955208,245.53309631347656,20975000
2022-07-19,248.74893867803232,250.81558360506327,244.98265483156152,250.63209533691406,25012600
2022-07-20,250.98936645500257,255.78897202237206,250.03331786878604,253.27810668945312,22788300
2022-07-21,250.88311489570913,255.8082674233356,248.21773199272175,255.7599639892578,22404700
2022-07-22,256.14630415666,256.23321499283503,250.18785755232344,251.43360900878906,21881300
2022-07-25,252.05166965931448,252.53452726402583,248.0053205741304,249.9560546875,21056000
2022-07-26,250.9507414709721,250.97007463688564,241.01355313399756,243.26365661621094,39348000
2022-07-27,252.2061678876976,260.79136010238045,249.97536828625238,259.5262756347656,45994000
2022-07-28,260.50171243898495,268.3143459872542,258.68616288804407,266.9333801269531,33459300
2022-07-29,268.1791152582621,272.33167871252647,267.1457929503217,271.1148681640625,32152800
2022-08-01,268.29499686655436,271.63636311853617,266.38287021128184,268.4784851074219,21539600
2022-08-02,266.537425174636,268.3626412541174,263.0415404728972,265.39788818359375,22754200
2022-08-03,267.2713876591738,273.7802996377368,267.12650678074345,272.7856140136719,23518900
2022-08-04,272.1385611722735,274.0699917823572,270.5644699809408,273.9251403808594,18098700
2022-08-05,269.5794114121241,273.9251301220604,269.1255240569013,273.21051025390625,16774600
2022-08-08,274.3113883534034,276.11730051736697,269.74357435929414,270.70928955078125,18739200
2022-08-09,270.05259210657965,273.37462502798235,268.0921621074516,272.6213684082031,23405200
2022-08-10,278.29016718582943,279.8739248174104,277.1023268586765,279.2462158203125,24687800
2022-08-11,280.8783020655473,281.2259454287706,276.6871011826993,277.1795959472656,20065900
2022-08-12,278.58952057102715,281.90191650390625,277.10231096943915,281.90191650390625,22619700
2022-08-15,281.02306896793766,284.09403563819063,280.16356845958603,283.40838623046875,18085700
2022-08-16,281.97918336040345,283.9589172842201,280.46303283251734,282.67449951171875,18102900
2022-08-17,280.4002359720042,283.8938831580585,280.1389500408416,281.9293212890625,18253400
2022-08-18,280.8357509194147,282.5003080383182,279.76151632304703,280.81640625,17186200
2022-08-19,279.5873182545467,279.9260419302894,276.35498651754625,276.92596435546875,20570000
2022-08-22,272.98719375507784,273.3549492553272,268.2838690742468,268.7967834472656,25061100
2022-08-23,267.5289306640625,269.87090517738073,266.5224469010499,267.5289306640625,17527400
2022-08-24,266.53214693938304,268.29348622669727,266.24179973569437,266.89990234375,18137000
2022-08-25,268.3902150863817,270.02574005918285,265.670798197986,269.8612365722656,16583400
2022-08-26,270.0838799821935,271.3032734990673,259.3417106465169,259.4481506347656,27549300
2022-08-29,257.28036854850586,258.78039270297364,255.34483826720634,256.68035888671875,20338500
2022-08-30,258.0738909142503,258.4416167849743,252.25761414315465,254.49314880371094,22767100
2022-08-31,256.835171011409,258.4996984815058,252.90601788695525,253.04151916503906,24791800
2022-09-01,250.52533262450333,252.48023691824085,247.17687383626492,252.00601196289062,23263400
2022-09-02,253.26411708214042,256.20610147316614,246.26716536821394,247.805908203125,22855400
2022-09-06,247.9414362596074,249.51886860124202,243.81874738590238,245.08651733398438,21328200
2022-09-07,246.48975437812405,250.48661397846638,245.0574662441124,249.77047729492188,24126700
2022-09-08,249.20922275197296,252.0350805590205,246.57688549508825,250.1866455078125,20319900
2022-09-09,252.10286874013727,256.68040938822054,251.8996462900946,255.93521118164062,22084700
2022-09-12,257.21261449388913,258.828795252262,256.61260484004885,258.0545654296875,18747700
2022-09-13,250.49629269213037,252.00600375133774,243.47999634028216,243.8671112060547,33353300
2022-09-14,245.35746095813147,246.03489350941175,241.8057651557058,244.08969116210938,23913000
2022-09-15,241.71865662350373,243.29610345654862,236.15400813965698,237.4701690673828,31530900
2022-09-16,236.38629220933913,237.3927761581187,234.2572119949683,236.850830078125,39791800
2022-09-19,234.6539876734692,237.2379185278828,233.08621305250247,236.63790893554688,26826900
2022-09-20,234.26685715668725,235.66042621279018,231.91518076360506,234.6345977783203,26660300
2022-09-21,236.39595324962926,239.67667590576733,231.19904532157508,231.2474365234375,28625600
2022-09-22,230.2022859976419,235.99920442354707,229.91196827312697,233.2120361328125,31061200
2022-09-23,231.8184154017902,233.35717293349165,227.6183189581972,230.25064086914062,34176000
2022-09-26,229.40869154061323,233.6668515472966,229.26351793341072,229.79579162597656,27694200
2022-09-27,232.24421970145121,234.0055589313427,226.94087211261905,228.789306640625,27018700
2022-09-28,229.17642964868273,234.5184966384645,227.16347665591098,233.2991180419922,29029700
2022-09-29,231.18936994540456,232.21519843693235,226.85378707356358,229.84417724609375,27484200
2022-09-30,230.60870866268925,232.7861798495217,225.22793778149074,225.3924560546875,35694800
2022-10-03,227.82154744014306,233.8216870981845,227.09572373714803,232.979736328125,28880400
2022-10-04,237.18956825525868,242.2896949710186,237.08311349306132,240.85740661621094,34888400
2022-10-05,238.06052054576585,242.5025584054372,236.23144526431753,241.1670379638672,20347100
2022-10-06,239.93799895986987,242.27031644163847,238.14764234917035,238.83474731445312,20239900
2022-10-07,233.13458913635256,233.54106344265196,225.65376961113512,226.6892852783203,37769600
2022-10-10,225.5376480865996,226.99896799750226,219.42136587622,221.86013793945312,29743600
2022-10-11,220.28268877269275,221.67627288848584,216.88583856563983,218.14393615722656,30474000
2022-10-12,218.13423774935973,220.5149462849339,216.74066847271945,218.47296142578125,21903900
2022-10-13,212.76314712814823,228.48932881951694,212.0663551272384,226.6892852783203,42551800
2022-10-14,227.9473631652827,229.5925754900993,220.97945807089755,221.19236755371094,30198600
2022-10-17,228.21834487388986,231.2571263231049,227.5602570081076,229.8732147216797,28142300
2022-10-18,235.39917762563184,236.06692311030656,227.78285659055385,230.8119659423828,26329600
2022-10-19,229.39900168382854,231.88616474151667,226.73764801989628,228.8570556640625,19985700
2022-10-20,228.16997903446602,233.53139112693572,227.29898159472276,228.5377197265625,21811000
2022-10-21,227.17319562442967,235.16693041205536,226.94092667336207,234.31529235839844,26299700
2022-10-24,235.90240190553322,239.85088505869388,233.52170816579923,239.2799072265625,24911200
2022-10-25,239.28954649822887,242.94769667923924,237.90564976408078,242.5799560546875,34775500
2022-10-26,223.71826021026072,230.61843021635175,222.64404034026404,223.86343383789062,82543200
2022-10-27,223.592409520333,226.15699552057893,218.50197115457948,219.44070434570312,40424600
2022-10-28,218.9471714496145,228.97321801422746,218.763293726381,228.26673889160156,40647700
2022-10-31,226.22473999169745,227.34735093033876,223.69887276321543,224.6472930908203,28357300
2022-11-01,227.03767812320683,228.1409296481597,220.0020223387947,220.81494140625,30592300
2022-11-02,222.06337802281334,223.8440621960301,212.94701812750728,213.00509643554688,38407000
2022-11-03,212.99537134996444,213.3050632032554,207.0823272743383,207.3436279296875,36633900
2022-11-04,210.5372801806807,214.447044310669,206.5500783111964,214.2534942626953,36789100
2022-11-07,214.83414923285227,221.04719851693054,214.14702961237924,220.52459716796875,33498000
2022-11-08,221.3278675751174,224.18277156558537,218.56005889650208,221.4923858642578,28192500
2022-11-09,220.04072724111327,221.26012061364744,217.098728086194,217.27291870117188,27852900
2022-11-10,227.84092326094827,235.48627617138314,227.42479136911933,235.14755249023438,46268000
2022-11-11,235.15725212322295,239.99607772936167,234.1314086905055,239.14443969726562,34620200
2022-11-14,234.18949089813225,236.0475981897714,231.4991049977139,233.763671875,31123300
2022-11-15,237.74114480461608,239.03794631342942,232.29262332719875,234.1700897216797,31390100
2022-11-16,235.6258570860806,236.60606394497793,233.32579470204732,234.59713745117188,24093300
2022-11-17,230.76368475624398,236.0722794395261,230.6181168177236,234.54859924316406,23123500
2022-11-18,236.32460928740483,236.54783321127658,231.97680729240216,234.10218811035156,27613500
2022-11-21,234.30595375905,237.45035420758848,234.0730450796648,234.9076690673828,26394700
2022-11-22,236.40221710449453,238.0714650543678,233.6072093349116,237.7997283935547,19665700
2022-11-23,237.8773882479825,240.95384732065142,237.06217820148206,240.27450561523438,19508500
2022-11-25,240.01245273021934,241.36143645953254,239.44956540890726,240.18714904785156,9200800
2022-11-28,238.81875468278062,239.37192761122702,233.69455635778226,234.626220703125,24778200
2022-11-29,234.27682232337006,235.6258059533278,231.18096449697632,233.2384033203125,17956300
2022-11-30,233.47133933183883,247.79580032500542,232.78228328422537,247.6114044189453,47594200
2022-12-01,246.37890225412923,248.56251016658027,243.51595261951238,247.17471313476562,26041500
2022-12-02,242.44839236600893,248.50425481236772,242.32222362886404,247.4949493408203,21528500
2022-12-05,244.57378861196725,246.3303923254423,240.74034652754588,242.81719970703125,23435300
2022-12-06,243.41890331596056,244.42820886485632,236.58662873937655,237.8870849609375,22463700
2022-12-07,237.60567377568205,238.89643054089544,235.06298823693052,237.15924072265625,20481500
2022-12-08,237.61534962771674,241.40027877672188,235.88787438426903,240.0998077392578,22611800
2022-12-09,237.4794974313884,240.98297573692605,236.95543802882835,238.17825317382812,20609700
2022-12-12,240.14830210772652,245.08810406106682,239.87656546489097,245.05899047851562,30665100
2022-12-13,253.96815091092603,256.13235956018696,245.60251141247596,249.3389129638672,42196900
2022-12-14,249.54267939230644,254.84155883572362,246.80588411276605,249.63002014160156,35410900
2022-12-15,246.2333179219407,246.6991500991899,240.04157204816326,241.66229248046875,35560400
2022-12-16,241.21588885198315,242.4678175315528,236.32459886583192,237.46978759765625,86102000
2022-12-19,237.63473277219197,237.9744109828848,231.66621136200337,233.3548583984375,29696400
2022-12-20,232.33586378495446,235.74230142731602,231.38478542376703,234.66505432128906,25150800
2022-12-21,234.5583283609848,238.37235667490168,233.02494847536323,237.21746826171875,23690600
2022-12-22,234.14099458820857,234.84946471293264,226.96905623748663,231.16159057617188,28651700
2022-12-23,229.14296825844733,231.821522034393,227.03700146219919,231.68565368652344,21207000
2022-12-27,231.65652750812146,231.8797366085177,228.87121912390276,229.96788024902344,16688600
2022-12-28,229.8999205275325,232.6464155156222,227.26018028486453,227.60955810546875,17457100
2022-12-29,228.69652150065144,234.7815128184782,228.69652150065144,233.8983612060547,19770700
2022-12-30,231.1809912077217,232.87935283490333,229.6767250905103,232.7434844970703,21938500
2023-01-03,235.90728230837536,238.49849510687616,230.39487805775428,232.51055908203125,25740000
2023-01-04,225.4259564644858,225.99854338319813,219.2924526600918,222.3397979736328,50623400
2023-01-05,220.49584400645332,220.83552222933494,215.21636361108918,215.75013732910156,39585600
2023-01-06,216.4198034707522,219.09835714227594,212.87751216247153,218.2928466796875,43613600
2023-01-09,219.76798480761224,224.41665135349578,219.7291716302323,220.418212890625,27369800
2023-01-10,221.0393352972296,224.48458614807703,220.62203068917864,222.09718322753906,27033900
2023-01-11,224.4651718383663,228.98766979827053,224.2904903213458,228.81298828125,28669300
2023-01-12,228.3180220940589,232.821105949786,226.6681880812586,231.4721221923828,27269500
2023-01-13,230.00670447846073,232.3067667845128,227.98807845959973,232.1708984375,21333300
2023-01-17,230.948051370512,233.80130107166906,230.0940134168222,233.25782775878906,29831300
2023-01-18,234.4418366169308,235.22793302598163,228.57035512507287,228.85179138183594,30028700
2023-01-19,226.8817052615486,228.57036731781892,223.8731729886452,225.08628845214844,28623000
2023-01-20,227.92982862321074,233.63632824749806,227.59015038517927,233.1316680908203,35389800
2023-01-23,233.98568794215404,237.93558370839386,232.5784623295547,235.42201232910156,31934000
2023-01-24,235.34441276702486,236.75162381980027,233.34520074340116,234.89797973632812,40234400
2023-01-25,227.56102470477651,236.12077368624207,224.08666058005855,233.51014709472656,66526600
2023-01-26,236.4604658112775,240.98296392015405,234.85915928502237,240.68211364746094,33454500
2023-01-27,241.64289751902396,242.458107545592,239.5466304719591,240.83738708496094,26498900
2023-01-30,237.2950768809861,238.35292478678218,235.05324194345323,235.54820251464844,25867400
2023-01-31,236.26637885801222,240.63359478813643,235.78113264355397,240.4977264404297,26541100
2023-02-01,240.68207771157887,247.6502049501311,238.22673350670416,245.2919158935547,31259900
2023-02-02,251.182852423541,256.8796381260482,249.65917223320272,256.79229736328125,39940400
2023-02-03,251.88160340231477,256.4041014975154,249.51359959938435,250.72671508789062,29077300
2023-02-06,249.8435718125182,250.67818108032117,247.2620584126065,249.19332885742188,22518000
2023-02-07,252.84238703481986,260.8392350360664,252.40565360237943,259.6649475097656,50841400
2023-02-08,265.13852274513965,268.59347315321855,258.35476105655573,258.85943603515625,54686000
2023-02-09,265.72080730740066,265.8955184484022,255.0453909060254,255.84120178222656,42375100
2023-02-10,253.81283739078765,256.29729518565995,252.96851387057905,255.33651733398438,25818500
2023-02-13,259.74256046553177,266.4971782446964,259.26699912258107,263.31396484375,44630900
2023-02-14,264.62416219078045,266.856282749665,261.33417890703004,264.138916015625,37047900
2023-02-15,261.0547258535999,263.3994740205076,258.972656227329,262.02764892578125,28922400
2023-02-16,256.8711498021807,259.5175018592182,254.80855755164183,255.05178833007812,29603600
2023-02-17,252.3665906841138,253.04761918379606,249.0683664238048,251.0725860595703,30000100
2023-02-21,247.58951047821205,248.5721724856299,244.77776281168238,245.82852172851562,28397400
2023-02-22,247.2100644145277,247.45329522642257,243.5616022361045,244.69992065429688,22491100
2023-02-23,248.64024584758673,249.88558633204974,243.69779430491118,247.87164306640625,29219100
2023-02-24,243.19187704458037,244.2037105882477,241.38223939221282,242.47190856933594,24990900
2023-02-27,245.62418557007777,245.97443849874284,242.63730436651332,243.38645935058594,21190000
2023-02-28,242.32595921726772,244.68043129479227,241.99515408663171,242.66647338867188,22491000
2023-03-01,243.97020688018864,244.13560203633548,239.1347775749903,239.60179138183594,27565300
2023-03-02,239.8742028427946,244.592871158647,238.95965271701235,244.31072998046875,24808200
2023-03-03,245.36148024067188,248.69859936512998,244.58313878749726,248.37753295898438,30760100
2023-03-06,249.48670630896015,253.07679554061426,249.04889380779935,249.914794921875,24109800
2023-03-07,249.36016545686795,250.71254274610072,246.5289706683779,247.2683868408203,21473200
2023-03-08,247.16143306521994,247.64789472400852,244.01889490622264,246.8306427001953,17340200
2023-03-09,248.8931916251687,252.53191447494493,244.76799238551584,245.4879608154297,26653400
2023-03-10,244.28156241943404,245.9452528022764,240.89579379056408,241.85897827148438,28333900
2023-03-13,240.701198918384,250.9266314715002,239.07641892091627,247.04466247558594,33339700
2023-03-14,249.79803486123274,254.00107026600773,248.93213379575317,253.72865295410156,33620300
2023-03-15,252.94053423822598,259.2645337884642,252.19136451987217,258.252685546875,46028000
2023-03-16,258.0289586598438,269.07164313641664,256.1512239726221,268.7214050292969,54768800
2023-03-17,270.7256489942692,275.65834759698896,268.8381754027799,271.86395263671875,69527400
2023-03-20,269.4802718017387,269.96673338942173,262.5433248107774,264.85888671875,43466600
2023-03-21,267.43716494158167,267.5539109885018,262.2222805461307,266.366943359375,34558700
2023-03-22,265.9971973475459,273.43034485869043,264.81022985408475,264.9172668457031,34873300
2023-03-23,270.41426299778846,273.44977847868375,267.7484630649204,270.141845703125,36610900
2023-03-24,269.7332324450906,273.03145651581804,267.8263111878216,272.97308349609375,28172000
2023-03-27,272.90495366822654,273.83895161321755,268.05978551317787,268.8965148925781,26840200
2023-03-28,268.32248351379377,268.6630125541161,264.68373074732534,267.77764892578125,21878600
2023-03-29,271.4065938576128,273.52758857930763,270.8714980799914,272.9146423339844,25087000
2023-03-30,276.53394388967973,276.7576972006701,273.8584053599599,276.3587951660156,25053400
2023-03-31,276.0474774481902,281.43744995850153,275.33723290766795,280.49371337890625,32766000
2023-04-03,278.761931454292,280.46454697415277,276.26154151333856,279.4527282714844,24883300
2023-04-04,279.45268618193273,282.5854994542806,277.9349286652677,279.4040222167969,25824300
2023-04-05,278.11011480832366,279.3749031470758,275.2594568336865,276.6409912109375,22064800
2023-04-06,275.5415966022882,284.171421432575,274.39355424617895,283.7044372558594,29770300
2023-04-10,281.37908101323706,281.7585352734682,277.00092706983764,281.5542297363281,23103000
2023-04-11,278.0128548411792,278.2366379066347,274.0141540154808,275.1719055175781,27276600
2023-04-12,277.07878271017614,279.2386732168352,274.32539366289427,275.81396484375,27403400
2023-04-13,275.9112355229667,282.0503774003979,275.50262448189994,281.99200439453125,24222700
2023-04-14,279.22891147364464,280.6688482565068,276.00853859815146,278.3922119140625,20987900
2023-04-17,282.0796326398558,283.70442754241606,278.4117226515916,280.980224609375,23836200
2023-04-18,283.6751635426458,283.86002128619106,279.2386370800672,280.5617980957031,20161800
2023-04-19,278.2462970182061,281.2234396408052,276.8355761901663,280.63970947265625,17150300
2023-04-20,277.52633742538336,281.20398586251105,277.3609274204324,278.363037109375,23244400
2023-04-21,277.2928905031584,278.51875372091774,275.39567811455214,278.0225830078125,21676400
2023-04-24,274.4519370721957,277.2345132199959,271.173190218911,274.1405944824219,26611000
2023-04-25,271.9417767926592,273.9751827450711,267.9138604386518,267.9625244140625,45772200
2023-04-26,288.66631890750085,291.45860367890464,284.80381270160626,287.372314453125,64599200
2023-04-27,287.9560567732343,296.936147852177,287.2555509397699,296.5761413574219,46462600
2023-04-28,295.77839869337646,300.56516432614853,295.0973405603856,298.9403991699219,36469600
2023-05-01,298.65820207273595,300.2440714597597,296.887474923344,297.286376953125,21294100
2023-05-02,299.42684782678805,300.8083821173536,295.681087639922,297.1404724121094,26404400
2023-05-03,298.3176355367741,300.25374274084976,295.8561416167109,296.1577453613281,22360800
2023-05-04,297.94798558856564,299.42684782678805,295.1848873161754,297.1404724121094,22519900
2023-05-05,297.44211220444237,303.52288282414327,296.03136154416666,302.2386169433594,28197100
2023-05-08,301.73263089775384,301.80074263730194,297.80201345372643,300.2926940917969,21318600
2023-05-09,299.66033160181695,301.6451031506541,298.0160890953245,298.6874084472656,21340800
2023-05-10,300.26351860842567,304.5249264836218,299.33925948976275,303.8536071777344,30078000
2023-05-11,301.7034562423544,302.6958271056149,297.9674351385275,301.7131652832031,31680200
2023-05-12,302.1412397708911,302.2385380136494,298.2982115576061,300.6040344238281,19774700
2023-05-15,300.7305114762556,301.5088380158988,299.2613882145806,301.08074951171875,16336500
2023-05-16,301.4407853698495,305.21573217875385,301.4407853698495,303.299072265625,26730300
2023-05-17,304.49841357542465,306.5850053814175,302.9870680194989,306.1657409667969,24315000
2023-05-18,306.6824666262682,311.07995152372933,305.8926785291236,310.5729064941406,27276000
2023-05-19,308.8372836549044,310.7971433987786,308.476519967082,310.3973693847656,27546700
2023-05-22,310.65094892902596,314.5413890695808,310.0756729757329,313.16656494140625,24115700
2023-05-23,312.04526511786804,314.66815212283035,307.3845270869392,307.394287109375,30797200
2023-05-24,306.8774578305602,308.60328539686515,304.8103271006574,306.0194091796875,23384900
2023-05-25,315.175173290878,318.7438600972789,312.0160206042334,317.788330078125,43301700
2023-05-26,315.935693050292,325.0816668912498,315.7992015223041,324.58441162109375,36630600
2023-05-30,326.86597805939425,327.36323325803346,322.27347175530826,322.9462585449219,29503100
2023-05-31,323.99940574363865,327.5583326539221,319.16313582793106,320.19671630859375,45950600
2023-06-01,317.7980281716673,325.2084138620462,316.61822604492374,324.2821044921875,26773900
2023-06-02,325.9104976467162,329.07941048845686,324.2529005654924,327.03179931640625,25873800
2023-06-05,326.8562514071327,330.1129147289543,326.31022580563945,327.55828857421875,21307100
2023-06-06,326.9635018339944,327.00251216553283,323.8823700342451,325.35467529296875,20396200
2023-06-07,323.37532887108034,326.1444673202271,314.45362725824225,315.3116760253906,40717100
2023-06-08,315.8576718437754,318.49031851672504,315.2823959646681,317.1447448730469,23277700
2023-06-09,316.8814888323344,321.75673881470783,316.3159729270914,318.6365966796875,22529000
2023-06-12,320.3819407440362,323.8141360540533,317.0472861489783,323.57037353515625,24260300
2023-06-13,326.1249647437929,328.572349691123,322.14677395783576,325.949462890625,22951300
2023-06-14,325.9982505458626,330.58099797009817,324.50642506625707,328.92340087890625,26003800
2023-06-15,329.0598905688736,341.1114945004108,328.78687775426107,339.4149169921875,38899100
2023-06-16,342.5545684921727,342.70082003895476,333.41835487715986,333.7888488769531,46552000
2023-06-20,330.84423422142726,333.54511218147553,327.48029960440283,329.61566162109375,26375400
2023-06-21,327.9775589781728,329.30364243212927,323.78485594149885,325.2376708984375,25117800
2023-06-22,325.783726576518,331.6340270315193,325.0231887076145,331.2342529296875,23556800
2023-06-23,326.0176878258627,329.52787360599757,325.13041855453594,326.6612243652344,23146900
2023-06-26,325.39371033432894,327.72406452687306,320.29418775939905,320.4014587402344,21520600
2023-06-27,323.58003605093296,327.76300833110724,321.0839107605563,326.2224426269531,24354100
2023-06-28,326.3102386492254,329.5474118113246,325.48144019271336,327.4705505371094,20259500
2023-06-29,326.35897729326905,327.72404134255896,324.3211263632283,326.69049072265625,16997000
2023-06-30,329.32309010858233,334.17884912203095,328.7868245882197,332.0434875488281,26832800
2023-07-03,330.72726202126387,332.39458944231734,328.1726353949494,329.55718994140625,12508700
2023-07-05,326.7295145394102,333.12584042536054,326.3785108077479,329.7131652832031,18172400
2023-07-06,328.8843301211992,334.43236661409844,327.1292521462773,332.7552795410156,28161200
2023-07-07,330.85400764917136,333.2623825906087,328.591884271755,328.806396484375,21214800
2023-07-10,326.25171917261997,326.86600540201454,319.4166095021663,323.5508117675781,32791400
2023-07-11,322.80007207810127,324.55515029230673,318.84137119543414,324.1748962402344,26698200
2023-07-12,328.2017988317313,333.12578887236407,327.29500957576835,328.7868347167969,29995300
2023-07-13,331.0879653631058,335.16366709536976,330.5614300476907,334.1106262207031,20567200
2023-07-14,338.91759393807007,342.66178201390807,335.71943143019837,336.626220703125,28352700
2023-07-17,337.0552945851425,338.33260777182664,333.66213945063294,337.10406494140625,20363900
2023-07-18,337.20147590350757,357.6287821253503,333.63281964458815,350.5206604003906,64738600
2023-07-19,352.72436118966306,353.4166384044317,343.6466474604791,346.22076416015625,39732900
2023-07-20,344.74842283159865,349.03863672095343,336.7530012262202,338.215576171875,33778400
2023-07-21,340.4387369530099,341.56003861838775,331.35126286647005,335.1929626464844,69405400
2023-07-24,337.2210384138867,338.2643490243122,333.76935318489967,336.4994812011719,26678100
2023-07-25,338.4496147386664,343.11038262849917,336.4605340248674,342.22308349609375,41637700
2023-07-26,332.92103651777114,336.0704583718103,324.7988542780453,329.34259033203125,58383700
2023-07-27,331.9850967113134,332.81386556115655,320.84025051529886,322.4685974121094,39635300
2023-07-28,325.3450162475602,331.5268310003181,324.8574911431833,329.927734375,28484900
2023-07-31,328.5138989953868,329.27443689751834,325.0426931980882,327.5388488769531,25446000
2023-08-01,326.827001708787,330.0934250583603,325.37418677597503,327.94830322265625,18311900
2023-08-02,325.3059183538415,325.3059183538415,318.2172862001048,319.328857421875,27761300
2023-08-03,317.8663510212776,321.6495503895118,317.81761041591994,318.5098876953125,18253700
2023-08-04,323.5995783751702,326.7782506968959,319.0753323772253,319.60186767578125,23741500
2023-08-07,320.1771409046875,322.84876819218033,319.3483425125627,321.87371826171875,17741500
2023-08-08,318.80233812895545,320.54768595225426,314.9411484793251,317.9150390625,22327600
2023-08-09,318.324602002666,318.9486185830014,313.0398174565163,314.1903991699219,22373300
2023-08-10,317.8857952635295,320.0699275319088,313.16655676040074,314.8728942871094,20113700
2023-08-11,312.2695059957332,314.36585743355505,311.2456856962181,313.00079345703125,24355500
2023-08-14,313.3713539974467,315.97472100192863,312.09401103937836,315.9552307128906,18836100
2023-08-15,314.9411305404492,316.97898134379494,312.8935197157339,313.8295593261719,16966300
2023-08-16,313.45831419457073,316.9954936708588,312.48119971164607,313.0674743652344,20698900
2023-08-17,313.2042327148122,314.50378164094593,308.9733110073384,309.62799072265625,21257200
2023-08-18,307.29270464284144,311.0936940527994,304.4199858602723,309.2371826171875,24755000
2023-08-21,310.65393646381676,315.3831660095472,309.784320258957,314.5135498046875,24040000
2023-08-22,318.0507277854862,318.61744100027846,314.1031773769701,315.0802917480469,16084600
2023-08-23,316.409231948521,321.66611285256477,316.0574552143243,319.5164489746094,21166400
2023-08-24,325.2325153533981,325.35954498918005,312.63749714645934,312.64727783203125,23281400
2023-08-25,314.1129268105896,317.91388582994176,311.50401857895207,315.58837890625,21684100
2023-08-28,318.20709765634393,318.68587419815776,314.3572643100924,316.2919616699219,14808500
2023-08-29,314.51357886440167,321.45109687018396,314.51357886440167,320.8941345214844,19284600
2023-08-30,321.14822344769897,322.262118428765,318.97902814860515,321.2654724121094,15222100
2023-08-31,321.66608035944125,323.3369376753796,319.30145033255354,320.259033203125,26411000
2023-09-01,323.7277442108601,324.3921747944003,319.30141751711045,321.1383972167969,14942000
2023-09-05,321.47067530997464,327.18680118433525,321.13845995330405,325.9165344238281,18553900
2023-09-06,325.7504285755841,326.8056990885685,322.6236503266788,325.2618713378906,17535800
2023-09-07,323.7082248346301,325.45723807010125,321.49993683780025,322.35980224609375,18381000
2023-09-08,322.5357246617766,328.46681688735,321.9201377501079,326.62005615234375,19530100
2023-09-11,329.5220626550476,330.67508035139593,327.7534879124914,330.2060546875,16583300
2023-09-12,328.1345774558951,329.08237965274225,323.8939043767627,324.17724609375,17565500
2023-09-13,323.7277859536388,329.141008354495,323.59100543664357,328.36907958984375,16544400
2023-09-14,331.388322477558,333.05917964974554,328.86738060055865,330.9486389160156,20267000
2023-09-15,329.2093670251741,329.6783628105359,322.10572689470496,322.6626892089844,37679800
2023-09-18,320.2981230556272,322.8386267343985,318.8910757818205,321.529296875,16834200
2023-09-19,318.7054676141424,321.8517776748913,317.08345387408724,321.1286926269531,16505900
2023-09-20,321.96898600781554,322.04714204193704,313.1749561204339,313.4289855957031,21436500
2023-09-21,311.9535360525413,317.9041588491349,307.79101939102566,312.21734619140625,35560400
2023-09-22,313.96639594173394,314.0934255806642,308.9147015377864,309.7550354003906,21447900
2023-09-25,309.34464808220946,310.39994834578414,307.7910397456029,310.2729187011719,17836000
2023-09-26,307.9180528712019,308.6508886408052,302.92498298833925,304.9964904785156,26297600
2023-09-27,305.1527855104158,307.10701412032984,302.6025314876758,305.631591796875,19410100
2023-09-28,303.8728115871533,308.2600757204857,302.3680768122536,306.4621887207031,19683600
2023-09-29,310.4780935014134,312.1587314237549,307.77149741019485,308.52386474609375,24147300
2023-10-02,309.0417936543712,314.5234218740504,307.96696166824097,314.4354553222656,20570000
2023-10-03,313.48763043750324,314.03484198855955,304.0877937628594,306.2179260253906,21033500
2023-10-04,306.84323355961436,312.71570064039577,306.8139213204077,311.660400390625,20720100
2023-10-05,311.78742886180316,312.65707498694155,307.6933171593875,312.0512390136719,16965600
2023-10-06,309.3055602997531,321.65630098463043,309.06128169271835,319.7704772949219,25673600
2023-10-09,317.3179339483483,322.7409074969346,315.7838570263933,322.27191162109375,19891200
2023-10-10,323.38579530400693,323.5226056424412,320.17111018080624,320.8746337890625,20557100
2023-10-11,323.6300784570828,325.203248275294,321.60747414676473,324.8124084472656,20063200
2023-10-12,323.0046828962765,325.9946502834495,321.1970154685532,323.5811767578125,19313100
2023-10-13,324.7733126546174,326.19011074612195,318.8910644547027,320.229736328125,21072400
2023-10-16,323.47370563502346,328.4472441018182,323.03402205271703,325.02734375,22158000
2023-10-17,322.04718865285014,325.82861728065586,319.9170860395432,324.4606628417969,18338500
2023-10-18,324.8807125035586,327.9097726895979,320.78660134672003,322.55517578125,23153600
2023-10-19,324.54860184439923,329.17036454357265,323.3369893071052,323.73760986328125,25052100
2023-10-20,324.1283854502297,324.32382025517603,318.0018889823848,319.1939697265625,25027700
2023-10-23,318.0214589074995,325.11531975085603,316.9661883632888,321.7833557128906,24374700
2023-10-24,323.71803518553446,324.2456853865201,320.10272927891094,322.9656677246094,31153600
2023-10-25,337.12405114410626,338.27706897512115,329.89340944141463,332.8736267089844,55053800
2023-10-26,332.7465065726092,333.81155756370936,319.45774634837835,320.3860168457031,37828500
2023-10-27,322.86786051864124,329.0139176156299,320.8843197467533,322.2620544433594,29856500
2023-10-30,325.7797742554051,331.6815546418734,324.235916527097,329.59051513671875,22828100
2023-10-31,331.09524685603606,331.24180806391223,327.03044704898707,330.3721618652344,20265300
2023-11-01,332.01362665098645,339.4690124151397,331.87681635626626,338.14990234375,28158800
2023-11-02,339.29324086548826,340.84684939451466,336.87976677643417,340.3485412597656,24348100
2023-11-03,341.62854640879175,346.2796209573482,339.3811651738514,344.7259826660156,23637700
2023-11-06,345.361075900052,349.3574699781312,345.26335850207806,348.3705749511719,23828300
2023-11-07,351.17493911544506,354.16490704694723,349.44545721598166,352.2790832519531,25833900
2023-11-08,353.40270657525184,355.54258936078696,352.2985626023582,354.887939453125,26767800
2023-11-09,354.0085341532929,356.44156927918397,352.1129298373234,352.4353942871094,24847300
2023-11-10,353.2171111454846,361.63008249841977,352.8067397541227,361.2099304199219,28042100
2023-11-13,359.7930947254669,360.03737334526807,357.5261819771122,358.288330078125,19986500
2023-11-14,362.5192275200011,363.4377174527681,358.9429851939613,361.796142578125,27683900
2023-11-15,363.5193564786247,365.3306930182784,359.4365063311856,361.9430236816406,26860100
2023-11-16,363.20606948048294,368.48342035388106,362.4423744800686,368.30718994140625,27182300
2023-11-17,365.80064944827456,366.54477320500723,359.32882848725313,362.1192626953125,40157000
2023-11-20,363.4606399313925,370.95073116555085,363.24523724780994,369.5506286621094,52465100
2023-11-21,367.8176632886869,368.35615509696635,363.3627506177611,365.2720031738281,28423100
2023-11-22,370.0988850281661,371.85147806167527,367.1322205576516,369.9520263671875,23345300
2023-11-24,369.44288626548433,370.0695230751344,367.2986899991627,369.5408020019531,10176600
2023-11-27,368.9043706026068,372.68370265137486,368.33650717542696,370.69610595703125,22179200
2023-11-28,370.4415726583984,374.994370396148,370.25554172918464,374.7006530761719,20453100
2023-11-29,375.73846358620636,376.26715471920994,369.5505602574937,370.93109130859375,28963400
2023-11-30,370.578664516551,372.1452267516367,367.6218003340975,370.9898986816406,30554400
2023-12-01,368.8848238631299,370.25555453657734,363.54872995472044,366.6818542480469,33040500
2023-12-04,361.3848999985792,361.7961042236622,355.31448343294096,361.424072265625,32063300
2023-12-05,358.7903292029664,365.28172122334854,357.9776614584204,364.7334289550781,23065000
2023-12-06,365.73212951183393,366.35873644463544,360.3372921206186,361.0911865234375,21182100
2023-12-07,360.5331422311326,363.68583789268007,358.66306211428184,363.1962890625,23118900
2023-12-08,361.4828850941495,366.6329187107603,360.53315912391304,366.4077453613281,20154400
2023-12-11,360.7778775179064,363.8326571061726,358.44762055822775,363.5389099121094,27708800
2023-12-12,363.09829162626795,366.59367665844525,362.7164292823926,366.55450439453125,24838300
2023-12-13,368.16030502773964,369.74646839477913,363.02004212186165,366.5447998046875,30955500
2023-12-14,365.50690312981,365.94750897813526,356.5187948133364,358.2811584472656,43277500
2023-12-15,359.1819921925265,364.61597239957655,358.6238993402138,362.98089599609375,78502300
2023-12-18,361.72762335454945,365.2034079122954,360.97369907312446,364.8607177734375,21802900
2023-12-19,363.7249554315047,365.4579772949219,362.1094503782396,365.4579772949219,20603700
2023-12-20,367.1616214647713,368.1700908565403,362.78505374172363,362.8731689453125,26316700
2023-12-21,364.77262075610525,366.58395739776404,362.30530541678434,365.7321472167969,17708000
2023-12-22,365.8691843460341,367.33783074743565,364.9194584779402,366.7503662109375,17107500
2023-12-26,367.1615638820972,369.06101542962205,365.6929176265688,366.82867431640625,12673100
2023-12-27,365.8789757378514,367.2203346368523,365.0173650898164,366.25103759765625,14905400
2023-12-28,367.5238451750327,368.59105792655595,366.3391454974242,367.43572998046875,14327000
2023-12-29,368.140698335078,369.2764551389083,365.67338313483896,368.17987060546875,18730800
2024-01-02,366.0454121665628,368.0427796247224,359.1036138103624,363.117919921875,25258600
2024-01-03,361.2967846745382,365.45794912599047,360.8072359155438,362.8535461425781,23083500
2024-01-04,362.92215399405467,365.30135421024977,359.49531207816057,360.24920654296875,20901500
2024-01-05,361.25767175006894,364.28307999206555,358.8392992881915,360.06317138671875,21004600
2024-01-08,361.58068253824956,367.3573814961304,361.29676578624895,366.8580322265625,23134000
2024-01-09,364.23407123187167,368.13086016631314,363.43120410921466,367.93505859375,20830000
2024-01-10,368.5029465849431,376.1399255368866,368.4540036584579,374.7691650390625,25514200
2024-01-11,377.93166039806545,382.5138298348758,372.42913685903,376.5903015136719,27850800
2024-01-12,377.43234537080764,380.55566927985785,376.6099069263744,380.3500671386719,21661200
2024-01-16,385.4316128958056,385.7938742722587,379.51785428757296,382.1124572753906,27202300
2024-01-17,379.87031666196907,381.9557695556543,376.7665639671979,381.32916259765625,22234100
2024-01-18,383.5320922463087,385.7546329209657,381.96553019541545,385.63714599609375,23392100
2024-01-19,387.48767542805655,390.33685302734375,385.2749052923237,390.33685302734375,29331100
2024-01-22,391.6585969965062,392.24606151114637,385.3630068278654,388.22198486328125,27016900
2024-01-23,387.47789064929606,391.03201985975426,385.6959257751216,390.5620422363281,20525900
2024-01-24,393.14689994749176,397.15140596636934,392.07968703700567,394.14556884765625,24867000
2024-01-25,395.8687958055948,398.5025710526844,394.1162025271926,396.40728759765625,21021200
2024-01-26,395.917682766026,397.68007633393063,394.01823107466254,395.48687744140625,17803300
2024-01-29,397.5724131081032,401.4104892723421,395.8785633157736,401.1559143066406,24510200
2024-01-30,403.64280098293807,404.41626660201007,397.9542461080957,400.04949951171875,33477600
2024-01-31,398.45356335794276,406.6388350866889,388.907361460185,389.2696228027344,47871100
2024-02-01,393.4307745878308,399.4718199134869,393.40140285508346,395.34002685546875,30657700
2024-02-02,395.36942496681314,404.02464472350925,395.12465055102524,402.6245422363281,28256700
2024-02-05,401.33206284957225,402.5657352720622,395.5455929874579,397.1708984375,25352300
2024-02-06,397.39614463854895,399.4424550677267,394.4882235276778,397.0142822265625,18382600
2024-02-07,398.9234442455603,405.64003802015645,398.8842719835245,405.395263671875,22340500
2024-02-08,405.39538860876115,406.87383568951475,403.9071708692484,405.4541320800781,21225300
2024-02-09,406.57025541446654,412.02383590927224,406.4135962217608,411.75946044921875,22032800
2024-02-12,411.7693143498308,411.9455447595813,406.0807592685953,406.5801086425781,21202900
2024-02-13,396.4757753769111,401.49855072964925,394.9581860838381,397.8269348144531,27824900
2024-02-14,400.2791853329973,402.0153819358465,396.84600689910087,401.67205810546875,20401200
2024-02-15,400.3478557485238,401.31894521125486,396.5713534874336,398.7980041503906,21825500
2024-02-16,400.17130014605374,400.4950166150196,395.737605866878,396.34576416015625,22296500
2024-02-20,395.5413968145009,396.7675320143623,390.41126629664336,395.1000061035156,24307900
2024-02-21,392.53004284668083,394.60956341609165,389.6363517174895,394.50164794921875,18518900
2024-02-22,402.3587454167674,404.9483275530714,400.76967888893086,403.7908630371094,27009900
2024-02-23,407.7341476569605,407.92049268532105,401.1620503723916,402.5058898925781,16295900
2024-02-26,403.60448178020243,404.2911294979053,399.5827521513917,399.75933837890625,16193500
2024-02-27,400.20071277924296,400.52442923735737,396.13976854109416,399.7004699707031,14835800
2024-02-28,400.3870613953607,401.48567367865326,397.58167859587735,399.93585205078125,13183100
2024-02-29,400.8383181687279,406.2921650523384,398.1702468207432,405.74285888671875,31947300
2024-03-01,403.4180696743678,407.93025299029875,403.0355310756915,407.56732177734375,17823400
2024-03-04,405.546749508067,409.38210473825626,404.4481369486675,406.9985046386719,17596000
2024-03-05,406.056777618859,406.3412493979287,392.99110225962716,394.96270751953125,26919200
2024-03-06,395.27659515513125,397.4247865981622,390.784048581795,394.41339111328125,22344100
2024-03-07,398.3664344564578,401.9565620702222,394.56050584072034,401.32879638671875,18718500
2024-03-08,400.171309298901,402.58436507476455,396.61060766849016,398.46453857421875,18002200
2024-03-11,396.05149669102667,397.9348236347475,393.5992262388283,396.7969665527344,16120800
2024-03-12,399.83777202306123,407.6360037253644,399.02363143663507,407.3515319824219,22457000
2024-03-13,410.1177430442753,410.19620253246603,403.5947092048327,407.1750183105469,17115900
2024-03-14,412.21687278632703,419.652174073812,410.0098292271171,417.101806640625,34157300
2024-03-15,411.28505067232237,414.53185475986993,404.9091467039747,408.4698486328125,45079900
2024-03-18,406.34123515822085,412.69753127897746,405.8802070917239,409.3526306152344,20106000
2024-03-19,409.8528340561438,413.61954764814055,407.61636469929994,413.364501953125,19837900
2024-03-20,413.94325853489937,417.8276466076136,412.62884514501485,417.1116027832031,17860100
2024-03-21,421.6237557740876,422.5948752417206,419.004747660182,421.17254638671875,21296200
2024-03-22,421.4962894258474,421.65320840400005,417.93558766825475,420.5545959472656,17648500
2024-03-25,417.12140106535213,419.2499850699005,413.5606994442316,414.7868347167969,18060500
2024-03-26,417.48433323864253,417.8570831519167,413.30568457627095,413.5999450683594,16725600
2024-03-27,416.33666794000516,416.34648660093063,411.0103437373624,413.3841247558594,16705000
2024-03-28,412.9231220201488,413.81575210575176,411.11825446083225,412.6877136230469,21871200
2024-04-01,415.85607505767865,419.7208560550212,414.15909296576694,416.4642333984375,16316000
2024-04-02,412.08932675524255,414.31600751259526,409.8626759328322,413.3939514160156,17912000
2024-04-03,411.7165660182198,415.17917040060684,411.0887704678448,412.4228210449219,16502300
2024-04-04,416.8761903565226,420.4859554910503,409.59786785676073,409.9019470214844,19370900
2024-04-05,411.9913334096959,418.3672378045873,410.3335958722284,417.3961181640625,16554800
2024-04-08,417.0527692258899,419.12247124179834,415.21844567326013,416.48382568359375,14272400
2024-04-09,418.29848942937065,419.5736580977935,413.57050478624086,418.14154052734375,12496900
2024-04-10,414.12962029851764,415.9344877287147,411.68716854848634,415.17919921875,16216600
2024-04-11,417.6903079757618,421.17251987057847,414.29634428569665,419.760009765625,17966400
2024-04-12,415.95410040174403,417.06253143112855,411.75581460240056,413.84515380859375,19253800
2024-04-15,418.45542004596757,418.6712210349568,405.53684662340567,405.74285888671875,20273500
2024-04-16,406.65512826574127,410.4119935798852,405.8311689524943,406.6649169921875,16765600
2024-04-17,409.2839199801292,410.88280503231437,402.49602250375233,403.9772033691406,15855500
2024-04-18,402.79031869935466,404.02627254838046,396.2378594372626,396.5517272949219,21029900
2024-04-19,396.3163237053195,397.73865251494925,390.17582902876677,391.50006103515625,30565800
2024-04-22,392.441727661041,395.1588624515417,388.1944084543801,393.304931640625,20286900
2024-04-23,396.5223162949651,400.4067342721825,395.3648518176367,399.78875732421875,15734500
2024-04-24,401.74069816513907,404.5951441800033,399.01377498623856,401.250244140625,15065300
2024-04-25,386.507271018032,392.25540884693,380.6218216022703,391.421630859375,40586500
2024-04-26,404.30094095620495,405.1150815807432,398.01331587991365,398.5626220703125,29694700
2024-04-29,397.5130062731547,398.56258512123486,391.5687056006696,394.5702819824219,19582100
2024-04-30,393.82481984555585,394.4820415046003,381.74005368851095,381.89697265625,28781400
2024-05-01,385.11439972061993,394.050490048908,382.8583225669511,387.3999328613281,23562500
2024-05-02,390.067981051651,392.2946320183516,387.1154376190438,390.2445373535156,17709400
2024-05-03,394.5997356096934,399.37675358596374,394.18774100881984,398.8961181640625,17446700
2024-05-06,400.95603550783153,406.0273140130064,398.6116505989638,405.644775390625,16996600
2024-05-07,406.74337133005633,406.7531899905989,401.2797058272895,401.5249328613281,20018200
2024-05-08,400.37733960441915,404.3598247646084,398.9451919846881,402.70208740234375,11792300
2024-05-09,402.73150019277335,404.84044690561177,401.28956389363333,404.4480895996094,14689700
2024-05-10,405.0562156749531,407.4496339664975,403.93796601015913,406.82183837890625,13402300
2024-05-13,410.0294855785296,410.36299080631596,402.97675254945415,405.8213806152344,15440200
2024-05-14,404.15378509704203,409.51935413927424,403.69275704643184,408.60711669921875,15109300
2024-05-15,410.66092785109674,416.46855556809163,410.0418362179186,415.7511901855469,22239500
2024-05-16,414.49335406459187,418.05067177577746,413.0684896947791,413.6973876953125,17530100
2024-05-17,415.2205635959117,415.5939858480529,410.7886784280323,412.930908203125,15352200
2024-05-20,412.9309055053418,419.37726753163014,412.7147152549324,417.9720458984375,16272100
2024-05-21,419.4362019217813,425.4698558470045,417.4905197677202,421.6079406738281,21453300
2024-05-22,422.63977275649836,424.91959180983645,419.7310556819618,423.06231689453125,18073700
2024-05-23,425.4698570651074,426.0889486573305,418.05065430726955,419.603271484375,17211700
2024-05-24,419.7900340603218,423.59299146281916,417.0581916118114,422.7085876464844,11855300
2024-05-28,422.1877338257991,423.35712243524114,419.2102222377172,422.86578369140625,15718000
2024-05-29,418.3159892619867,423.4750461602697,418.3159892619867,421.7357177734375,15517100
2024-05-30,416.95003623481153,416.95003623481153,407.0643033400361,407.48687744140625,28394500
2024-05-31,409.53083651523417,409.53083651523417,397.5028738526741,407.93890380859375,47995300
2024-06-03,408.3319416725267,409.2163453409128,401.83645840787784,406.35675048828125,17484700
2024-06-04,405.2856495851976,409.226195718034,402.58328662384173,408.86260986328125,14348900
2024-06-05,410.5725176189358,416.73389525429343,409.0886648755249,416.6651306152344,16988000
2024-06-06,416.6651146111646,417.9425834215114,413.2945078470223,417.166259765625,14861300
2024-06-07,418.81714102196315,418.8957420228007,415.67256118761725,416.5078430175781,13621700
2024-06-10,417.34315052242914,420.66457531575907,416.5471841383872,420.4582214355469,13982900
2024-06-11,418.10967580091557,425.32252578204896,417.88364915702846,425.1849365234375,14551100
2024-06-12,427.7792095971262,435.7192312163597,425.74505981738713,433.4197692871094,22366200
2024-06-13,433.21338970261115,435.7093989946261,431.75901618030764,433.93072509765625,15960600
2024-06-14,430.68790003484014,435.4637283515464,429.15492551069684,434.9035949707031,13582000
2024-06-17,434.9232138540311,443.1285766509554,433.08561180023855,440.60308837890625,20790000
2024-06-18,441.9198947788086,442.34246889984814,437.18341197055486,438.6082763671875,17112500
2024-06-20,438.56892206249415,438.79494866589,433.62605582240985,437.9793395996094,19877400
2024-06-21,439.63028836717615,442.77483854275334,438.7753636944757,441.98870849609375,34187100
2024-06-24,442.00833058442447,444.9072412251996,438.677069430459,439.9152526855469,15913700
2024-06-25,440.4852168409384,443.60031790530934,439.01120049902784,443.1384582519531,16413400
2024-06-26,441.22215886891127,445.7424809709231,440.42619256271684,444.3274230957031,16507000
2024-06-27,444.3471165440364,448.2680202655606,443.94421515967235,445.0055236816406,14806300
2024-06-28,445.22168389223947,447.49166642517747,438.6770484115445,439.20770263671875,28362300
2024-07-01,440.88811382009334,449.4472268960843,437.9400811658245,448.8183288574219,17662800
2024-07-02,445.349461110364,451.6287548273333,445.26099374388446,451.3241271972656,13979800
2024-07-03,450.2529744663604,453.0339384006955,449.94834686189404,452.78826904296875,9932800
2024-07-05,451.6483651745115,460.2369864186551,451.0194672052492,459.4606628417969,16000300
2024-07-08,458.4682018620652,459.59830504287737,456.41440936822374,458.16357421875,12962300
2024-07-09,458.9104170237532,459.23468742094946,450.0663190511327,451.57965087890625,17207200
2024-07-10,453.2305038870679,458.37972423311413,450.91136946375343,458.1733703613281,18196100
2024-07-11,454.9600551032178,456.72886266734906,443.7280281074878,446.823486328125,23111200
2024-07-12,446.45987718044813,448.4547114032981,442.8436310012122,445.6933898925781,16324300
2024-07-15,445.44774266395785,449.3391675395858,443.61014035604813,446.0963134765625,14429400
2024-07-16,446.3518119574386,446.4304129687703,438.9227718455909,441.73321533203125,17175700
2024-07-17,434.92324477920374,437.14410559537976,431.5723108003405,435.8371276855469,21778000
2024-07-18,436.6429302135875,436.9475578488645,426.8751131633182,432.74169921875,20794800
2024-07-19,425.5976305961669,433.49836608097274,424.51667935003445,429.53814697265625,20940400
2024-07-22,434.1370778123692,436.89839903999433,431.3069619660928,435.26715087890625,15808800
2024-07-23,436.21057880982977,440.6228216077749,435.4244487287082,437.1441345214844,13107100
2024-07-24,432.82031037979385,433.8324669900576,420.18306232506063,421.4703674316406,26805800
2024-07-25,421.3721232816147,422.35480083589914,410.2777152857788,411.15228271484375,29943800
2024-07-26,410.95575198353527,421.490056226304,410.0418390958428,417.90325927734375,23583800
2024-07-29,424.10394408211863,424.66407745687695,417.34314804369717,419.3379821777344,15125800
2024-07-30,420.3108034246303,421.6177512482942,410.13024936818454,415.5939636230469,32687600
2024-07-31,413.2159000993034,414.4737261342931,405.06949500365346,411.1031494140625,42891400
2024-08-01,413.5008583778063,420.05530026736574,405.9342299111822,409.88458251953125,30296400
2024-08-02,405.3446197900361,407.81114983489476,397.3358044115477,401.4139099121094,29437900
2024-08-05,382.4286307082766,394.09300828762184,378.90079195613237,388.3050231933594,40709200
2024-08-06,393.07100276300895,398.6427974223072,391.59698650264767,392.687744140625,24946500
2024-08-07,401.56129474356715,402.9763225660977,390.5847753290331,391.52813720703125,20650900
2024-08-08,395.4687471216862,398.82948747665125,393.01205329948556,395.71441650390625,20203000
2024-08-09,397.03117577316215,400.9815283942931,395.2918474526737,398.9866943359375,19276700
2024-08-12,400.0086698442997,401.67923346079886,397.2375123110676,399.76300048828125,16762900
2024-08-13,402.49483997156227,407.7620065253935,402.47519721922214,406.8382873535156,19414300
2024-08-14,407.61460282522484,410.484034234621,405.30533476037385,409.638916015625,18267000
2024-08-15,413.27153919674845,414.56116454959863,411.16483466760724,414.482421875,20752100
2024-08-16,414.05913029915934,414.787612725286,410.8104315549657,411.9622497558594,22775600
2024-08-19,412.44459964164133,415.19121979816396,409.98347800679744,414.9746398925781,15234000
2024-08-20,415.14205004692775,419.2373304106215,415.08298552534507,418.1938171386719,16387600
2024-08-21,417.48497282390196,419.7689009161739,415.1616884163413,417.5440673828125,16067300
2024-08-22,417.7606059891525,420.1528389914807,408.1622318516386,409.0876159667969,19361900
2024-08-23,410.4953972510095,412.73993890763575,405.68142906839694,410.308349609375,18493800
2024-08-26,409.89487877847426,410.7907306533513,404.94310328054127,407.0596618652344,13152800
2024-08-27,406.43946532338146,407.91613833509496,403.8700687036349,407.40423583984375,13492900
2024-08-28,408.4280692350888,408.5461982686738,400.97578558888256,404.2146301269531,14882700
2024-08-29,408.48716903331825,415.4865852646763,404.2146650393698,406.6954650878906,17045200
2024-08-30,409.1368946584357,410.9974871196902,405.72085639315753,410.6529541015625,24308300
2024-09-03,411.41094371784055,413.3503087826454,400.7001374742272,403.0726623535156,20313600
2024-09-04,399.59758459335677,404.8446830658677,398.0815251485243,402.54107666015625,15135800
2024-09-05,401.28095677141835,406.67574622741506,399.8141378862011,402.03900146484375,14195500
2024-09-06,402.6985921439958,404.2638620080845,394.56703607993364,395.45306396484375,19609500
2024-09-09,400.90684301767806,402.294919165343,395.8960031892495,399.4104919433594,15295100
2024-09-10,401.8519747424291,409.85551750473985,401.3597503882825,407.7586669921875,19594300
2024-09-11,409.03843011648604,417.39638986900843,403.21048066101315,416.461181640625,19266900
2024-09-12,416.72697057085117,420.7238298297295,413.2223356546228,420.3595886230469,17395700
2024-09-13,419.2078129966604,425.1145057080557,418.8435717530032,423.893798828125,15874600
2024-09-16,423.90362815097126,426.7880557127787,421.5606353721957,424.6321105957031,13834700
2024-09-17,433.3838592052121,434.9786612819886,425.54762597309116,428.3828430175781,18874200
2024-09-18,428.235163297131,429.249144206207,423.7165475930165,424.1103210449219,18898000
2024-09-19,434.36830593406904,434.63409626466625,430.1056262859268,431.8677978515625,21706600
2024-09-20,430.42066355244185,432.4092391189892,427.4673174405253,428.5009765625,55167100
2024-09-23,427.52641684805,429.6725079875257,423.6969266994437,426.7684020996094,15128900
2024-09-24,426.26624401276456,426.6108070315339,419.4735546779715,422.4958190917969,17015800
2024-09-25,423.14556440453987,426.384408985251,421.9051794925785,425.3901062011719,13396400
2024-09-26,428.32378449228514,428.5305103087993,422.45647860828996,424.6025695800781,14492000
2024-09-27,424.8093096047705,425.1341945131492,420.82230422369577,421.3637390136719,14896100
2024-09-30,421.5507517579481,423.7264049247719,418.7549211722127,423.6082458496094,16807300
2024-10-01,421.78703621784,421.81656847562806,412.2969368087723,414.147705078125,19092900
2024-10-02,416.0082934736332,416.2445815766932,410.22958475813624,410.64306640625,16582300
2024-10-03,411.1352707030125,413.02539517750694,407.8472160075386,410.0622253417969,13686400
2024-10-04,411.73581262468696,413.2223397680441,408.51667620718774,409.5897216796875,19169700
2024-10-07,409.5306729821077,410.6233966552464,402.6395318501973,403.171142578125,20919800
2024-10-08,404.5099947662806,409.19598053892946,401.82246884384335,408.2607421875,19229300
2024-10-09,409.39277177231503,413.8424985783194,407.8570343920262,410.9678955078125,14974300
2024-10-10,408.77260867644156,410.8596349305785,406.72493873590105,409.37310791015625,13848400
2024-10-11,409.66850956364067,410.64310419410805,406.82343830885475,409.845703125,14144900
2024-10-14,411.27310627026066,417.4456186019399,411.02699410502277,412.621826171875,16653100
2024-10-15,415.61453317923247,415.9098858066577,408.80216519233556,412.22802734375,18900200
2024-10-16,408.71356498849764,409.8850312589263,404.09649835161355,409.6487731933594,15508900
2024-10-17,415.79177751966756,415.92961477123424,409.12707001088165,410.239501953125,14820000
2024-10-18,410.65297755440105,413.12392355721715,409.78665782313783,411.6571044921875,17145300
2024-10-21,409.6487883889798,412.44461909285747,407.31564977599334,412.2674255371094,14206100
2024-10-22,411.9819175179694,423.8838984262341,411.53893363879695,420.8616638183594,25482200
2024-10-23,424.15957703194096,424.3761569602065,415.95913210482394,417.9969482421875,19654400
2024-10-24,418.7155536346828,419.35546932603506,415.83112614516494,418.1249084472656,13581600
2024-10-25,420.1233311665373,425.7937351729216,419.9362835126177,421.49169921875,16899100
2024-10-28,424.9470943239702,425.2227387354677,419.6704341057476,419.9559326171875,14882400
2024-10-29,421.3440208086144,426.43363353122214,419.17822176857095,425.23260498046875,17644100
2024-10-30,430.6372355196224,431.68074872313076,425.3802831426112,425.8035888671875,29749100
2024-10-31,408.9005934690843,409.6881704469,399.9814907408766,400.0307312011719,53971000
2024-11-01,402.64935394725995,409.0384161036912,401.162826864631,403.9881896972656,24230400
2024-11-04,403.42703719981586,404.0374205874987,399.26283871579096,402.1078796386719,19672300
2024-11-05,402.0193362267301,408.44778544240023,401.7338376736444,405.061279296875,17626000
2024-11-06,406.0063586804049,413.91148078515863,404.13588205792996,413.6456604003906,26681800
2024-11-07,414.72850912180576,420.21189508853655,413.3502870767265,418.81396484375,19901800
2024-11-08,418.7057298172818,419.8673720771894,415.2207729945687,415.9689636230469,16891400
2024-11-11,415.94927334689254,418.20366938728347,409.5306783384117,411.5094299316406,24503300
2024-11-12,411.7456911405818,417.8394313280264,410.7120319666306,416.45135498046875,19401200
2024-11-13,415.0829505962656,422.65333320998997,411.70626883397995,418.58758544921875,21502200
2024-11-14,418.39068982634956,421.51140536702854,413.4684464166278,420.2513122558594,30246900
2024-11-15,413.2912534776132,416.2248913266483,407.2073678244848,408.54620361328125,28247600
2024-11-18,408.41819885611204,411.89330132284374,405.69128696291637,409.29437255859375,24727000
2024-11-19,406.68563392869004,411.4405385103304,405.1498961868294,411.2928771972656,18133500
2024-11-20,410.38713903081657,410.8006207181085,404.19494808048387,409.0285949707031,19191700
2024-11-21,413.80284233986384,414.0790385036892,404.71793020151534,407.26287841796875,20780200
2024-11-22,405.7832472742104,411.73135363774225,405.4774597411712,411.3367919921875,24814600
2024-11-25,412.69810354496985,415.36141754143,409.2160446876401,413.1025390625,27691100
2024-11-26,413.891635863064,423.21330950979313,413.161695275106,422.17755126953125,23458900
2024-11-27,419.33662612341953,421.427859986681,416.2885945934304,417.24542236328125,18332400
2024-11-29,414.38481768654003,419.1097738504757,412.1259094010287,417.70904541015625,16271900
2024-12-02,415.84474493949193,427.1195090506518,415.58826631722377,425.126953125,20207200
2024-12-03,424.0023874596203,426.5966745404958,421.93090130394285,425.34393310546875,18302000
2024-12-04,427.1490975254907,433.698935348809,426.754535872994,431.4794921875,26009400
2024-12-05,431.97270407918,438.6211597736825,430.2464705000807,436.6088562011719,21697800
2024-12-06,436.2931878578621,440.04159877439776,435.7703869006791,437.54595947265625,18821000
2024-12-09,436.5891705079944,442.2413336019405,434.51768404131514,439.96270751953125,19144400
2024-12-10,438.3548361326827,443.51378920495125,435.6027181772746,437.3092041015625,18469500
2024-12-11,438.019420871054,444.2338797106506,438.019420871054,442.892333984375,19200200
2024-12-12,443.0106891858234,449.96496224230685,443.0106891858234,443.45458984375,20834800
2024-12-13,442.34980235220513,445.2991859531554,439.5286279530639,441.1956787109375,20177800
2024-12-16,441.19569319284585,446.039014950384,439.23272866925197,445.45703125,23598800
2024-12-17,444.8849575716068,449.1068307764244,443.4645114369834,448.2880859375,22733500
2024-12-18,445.1907332778121,446.50265760588917,431.08492025325205,431.4499206542969,24444500
2024-12-19,435.6224173363725,437.1612287919841,430.39440791706704,431.0947570800781,22963700
2024-12-20,427.2280306144627,437.71367214918683,422.80889160222836,430.670654296875,64263700
2024-12-23,430.80871372187636,431.70635881030796,426.9518110200716,429.3389587402344,19152500
2024-12-24,428.7470606574343,433.629847299066,428.29331629516184,433.3634948730469,7164500
2024-12-26,433.11689244443306,434.95164765481866,430.7001836707867,432.1600646972656,8194200
2024-12-27,428.6978084898888,429.3093836032803,420.5598497453618,424.6830749511719,18117700
2024-12-30,420.27373116896746,421.7434860363438,416.1702239850741,419.0604248046875,13158700
