timestamp,open,high,low,close,volume
2015-01-02,0.4818839728832245,0.48547478763920826,0.4742236061198354,0.4818839728832245,113680000
2015-01-05,0.4818838203945165,0.483320145842395,0.47159023078344875,0.4737446904182434,197952000
2015-01-06,0.47446285362029,0.4749416192577242,0.45890278491302655,0.4593815505504608,197764000
2015-01-07,0.46273288591791234,0.4668024647157841,0.4567482447881243,0.4581845700740814,321808000
2015-01-08,0.4634509857523896,0.4782929165724494,0.46321158872483403,0.4754202663898468,283780000
2015-01-09,0.4770961142821271,0.4809262965106433,0.47063267820437815,0.47733548283576965,209540000
2015-01-12,0.4785323585555425,0.4787717556198644,0.4670418416714775,0.4713507890701294,190732000
2015-01-13,0.4749415599783683,0.48451698567999857,0.46728122512446796,0.4706326127052307,236720000
2015-01-14,0.465605566993629,0.4739840651242433,0.4644086386892555,0.4725477397441864,155260000
2015-01-15,0.4758992140143738,0.47877183658693595,0.46895701188223793,0.4691964089870453,188932000
2015-01-16,0.46847822827259994,0.47829305260150895,0.46704190277280017,0.47781428694725037,181512000
2015-01-20,0.4811657024028917,0.48379892791944,0.4732659687791951,0.47925063967704773,140308000
2015-01-21,0.4766173604238308,0.48715034754420294,0.47326594375674785,0.4859533905982971,144780000
2015-01-22,0.4869109298987596,0.4957682516364383,0.4818838476211983,0.4943319261074066,159712000
2015-01-23,0.49481057140357704,0.49672569077821294,0.4907410212092792,0.49576815962791443,120416000
2015-01-26,0.49361371994018555,0.4960075765867336,0.4905017005922686,0.49361371994018555,133240000
2015-01-27,0.48595339051859904,0.48643218471169253,0.4689569957004588,0.4699145555496216,357948000
2015-01-28,0.47565965282400147,0.4775747433907469,0.46201465037157485,0.46225404739379883,272728000
2015-01-29,0.46249350769745506,0.4761384834798625,0.46033901981369435,0.47350525856018066,235340000
2015-01-30,0.47015403153858426,0.4756599091840254,0.458902907633484,0.45962104201316833,298200000
2015-02-02,0.462493465731079,0.4715901249395984,0.45339680652255965,0.4696750342845917,259604000
2015-02-03,0.47302643349542806,0.48188372443179217,0.47063257725036045,0.4814049303531647,183468000
2015-02-04,0.47996883415078684,0.4881079368839682,0.4785324799375377,0.482602059841156,181516000
2015-02-05,0.48308070625693383,0.490741070374864,0.4826019691708411,0.4905017018318176,140448000
2015-02-06,0.49002286654590077,0.4957681676891891,0.48619268480838845,0.4883471727371216,210524000
2015-02-09,0.4854746014712938,0.48930472631016264,0.48236258223418105,0.48786845803260803,273944000
2015-02-10,0.4883472402973419,0.5017528496962091,0.48619275207054685,0.5015134811401367,226204000
2015-02-11,0.5027103786931436,0.5027103786931436,0.4948106456384411,0.49816209077835083,320832000
2015-02-12,0.5266490126548001,0.5386182967227174,0.5235369930897368,0.5338305830955505,676904000
2015-02-13,0.5326335703917291,0.534788058420621,0.524494469492416,0.5340698957443237,310084000
2015-02-17,0.5331123954776357,0.5383789030514883,0.5297610075097502,0.5357456207275391,203340000
2015-02-18,0.5350273402111013,0.5359849283402729,0.5285639342463753,0.5295214653015137,170948000
2015-02-19,0.5362243247194833,0.5371818558244138,0.5285639617319665,0.530957818031311,169432000
2015-02-20,0.5304792121395839,0.5350275002807579,0.526649029699082,0.5347881317138672,157752000
2015-02-23,0.5345488036541858,0.5345488036541858,0.5278459696068654,0.5304792523384094,125008000
2015-02-24,0.5325217331885982,0.5361263155937195,0.5277155851192336,0.5361263155937195,149356000
2015-02-25,0.5339635688939701,0.5363667003895155,0.5296380582483666,0.5320411324501038,123820000
2015-02-26,0.532521750620643,0.5366069708839518,0.5291574010269127,0.5334829688072205,152864000
2015-02-27,0.5320411403144458,0.5332427060799794,0.5281962100760712,0.5301187038421631,157492000
2015-03-02,0.528677077395324,0.5459792423337935,0.5279561490817349,0.5430955290794373,301512000
2015-03-03,0.5390099101699696,0.541653273845301,0.5313200520132701,0.5330021977424622,160344000
2015-03-04,0.5310798388385665,0.5402114965913568,0.5289170551758793,0.5390099883079529,226840000
2015-03-05,0.5390101216629298,0.5503045658727339,0.5375682655310794,0.5493433475494385,323056000
2015-03-06,0.5462193509850283,0.5488627157263709,0.5414132020223242,0.5418938398361206,257392000
2015-03-09,0.542133870152347,0.5474206543939264,0.5409323048408933,0.5433353781700134,222388000
2015-03-10,0.5457385031977992,0.5563120726826086,0.5447772852338509,0.5527074337005615,527212000
2015-03-11,0.5527073548622028,0.5599165745041785,0.5483818459945312,0.5498237013816833,262120000
2015-03-12,0.5445372818609049,0.5486225033296167,0.5344443446892605,0.5447775721549988,406972000
2015-03-13,0.5421339009174055,0.5469400478483853,0.5346843330687332,0.5454981923103333,359288000
2015-03-16,0.5498237893888843,0.555350864395132,0.5462191503440298,0.5519865155220032,236956000
2015-03-17,0.5507851334505101,0.5589555740974278,0.546940203353782,0.558715283870697,299900000
2015-03-18,0.5587153307806861,0.5615989856249899,0.5445371749246377,0.5495836138725281,413844000
2015-03-19,0.5515059532829129,0.5599166825073504,0.5474207337605009,0.5579942464828491,310756000
2015-03-20,0.5625600005226116,0.5673661469965363,0.5572732164837801,0.5640017986297607,462084000
2015-03-23,0.547180433632745,0.5543896552891077,0.5454982876423072,0.5457385778427124,426012000
2015-03-24,0.5440565565266465,0.5479014870832262,0.5358861149025486,0.5382891893386841,330480000
2015-03-25,0.5380487098743897,0.5380487098743897,0.5039249846697871,0.5056071877479553,542552000
2015-03-26,0.49527412283274325,0.5060879287792124,0.4916694826547122,0.5039251446723938,311920000
2015-03-27,0.506808977192799,0.5157003486854173,0.4986385339070228,0.5137779116630554,318288000
2015-03-30,0.5161807775918441,0.5185838515437302,0.5094521361502814,0.5159404873847961,253252000
2015-03-31,0.5144987522213593,0.5149793327481668,0.5024833796439385,0.5029639601707458,357276000
2015-04-01,0.5048860311508179,0.5065681761729238,0.49623495868443873,0.5048860311508179,330768000
2015-04-02,0.5077702248365369,0.5092120813329454,0.5017625658266065,0.5060880780220032,192204000
2015-04-06,0.5039250729339287,0.5224287943906228,0.498638344483848,0.520746648311615,515864000
2015-04-07,0.5207465075249054,0.5310797287121698,0.5178627965726312,0.5253123641014099,413964000
2015-04-08,0.5257931670626848,0.5310799536161283,0.5207467280529062,0.5291574597358704,366432000
2015-04-09,0.5250722475549752,0.5430953343445899,0.5248319573012165,0.5414131879806519,379432000
2015-04-10,0.5418937098644189,0.5471804380790973,0.539971216364153,0.5469401478767395,258728000
2015-04-13,0.5457387131712318,0.5488627157263709,0.5394907080609536,0.5418938398361206,236724000
2015-04-14,0.5397308399395464,0.5418936232966644,0.5320409817545437,0.537327766418457,220276000
2015-04-15,0.538769947399223,0.547901609377239,0.5361265248237809,0.5438163876533508,243560000
2015-04-16,0.5406922937477936,0.5452581526177012,0.5366070727092827,0.5404520034790039,155284000
2015-04-17,0.5291574010269127,0.5387697547741056,0.5289171108037198,0.5334829688072205,293636000
2015-04-20,0.5358859402948922,0.5392502319505323,0.5298782275151388,0.5308395028114319,231624000
2015-04-21,0.5373279265539371,0.5373279265539371,0.5274752820755129,0.5301187038421631,230456000
2015-04-22,0.5332426611283833,0.5368472435335045,0.52507216357542,0.5361263155937195,207420000
2015-04-23,0.5262736406091054,0.5390099365773627,0.5202659278872657,0.5339634418487549,259380000
2015-04-24,0.5337231161784415,0.5339634063373202,0.5233898945273758,0.5293976068496704,240960000
2015-04-27,0.5310798946938737,0.5428549750374144,0.5265140366903732,0.5334829688072205,248456000
2015-04-28,0.5325217331885982,0.5380488091977479,0.5274752376101023,0.5361263155937195,234484000
2015-04-29,0.532281422682135,0.5375682088434799,0.5298783484803979,0.5320411324501038,195156000
2015-04-30,0.5293977485439118,0.5361263331437599,0.5281961828403352,0.5334829688072205,218844000
2015-05-01,0.5378085734229214,0.5483821472073168,0.5354054988889799,0.5467000007629395,256968000
2015-05-04,0.5462190890824725,0.5498237277230466,0.5416532325690081,0.5433353781700134,200720000
2015-05-05,0.5414129742004687,0.5421339019708957,0.5269945333795107,0.5293976068496704,292928000
2015-05-06,0.5322815162182021,0.53732801303432,0.524111073955293,0.5310800075531006,316484000
2015-05-07,0.5289172111698403,0.5421341499481662,0.5272350647006779,0.5404520034790039,534564000
2015-05-08,0.5048862678009539,0.5248317846467685,0.4923902620153081,0.5005607008934021,1146552000
2015-05-11,0.493591964278589,0.5008012452927588,0.4897470907961213,0.49575474858283997,544144000
2015-05-12,0.4921499718405979,0.5046459203324491,0.491909624372093,0.5005607008934021,388800000
2015-05-13,0.5041655401303392,0.5080104709210647,0.4986384628612622,0.5034446120262146,308524000
2015-05-14,0.5048865110388778,0.5142585198932417,0.503684944998862,0.5116150975227356,293052000
2015-05-15,0.5137777406235523,0.5161808147484205,0.5087313021494712,0.5118553042411804,215824000
2015-05-18,0.5106536887623252,0.514258328245214,0.5082506148716662,0.5111343264579773,324972000
2015-05-19,0.5118101132290154,0.5135001025647898,0.5069817202784763,0.5079474449157715,253808000
2015-05-20,0.5081888472956032,0.5142243672632691,0.5074645825971239,0.5079474449157715,196824000
2015-05-21,0.508189071109809,0.5103618661621789,0.5038434810050694,0.504326343536377,239692000
2015-05-22,0.5055334202651293,0.5074647550781882,0.5023949580246555,0.5036020278930664,212592000
2015-05-26,0.5011877505467408,0.5045676147092587,0.4966007591496124,0.5004634857177734,259732000
2015-05-27,0.5038434888789258,0.5296754547478778,0.502153556331454,0.5272612571716309,432332000
2015-05-28,0.527261342861776,0.5361938695896967,0.5262956751861396,0.5345039367675781,327656000
2015-05-29,0.5345037615923417,0.5378836261288811,0.5335380942331878,0.5342623591423035,335168000
2015-06-01,0.5376423846543672,0.5456092434809966,0.5342625191058621,0.5402979850769043,372660000
2015-06-02,0.5369182580872567,0.5398153193387535,0.5291927997892871,0.5296756625175476,224304000
2015-06-03,0.531123968293217,0.5352280982893417,0.5229156507419588,0.5238813757896423,250788000
2015-06-04,0.5207429720549194,0.5349867561872513,0.5207429720549194,0.5332968235015869,323712000
2015-06-05,0.5316067811811737,0.5398150988547694,0.5260541210897748,0.5374009013175964,313320000
2015-06-08,0.5357110657943811,0.5393323339763098,0.5190530825040571,0.5250885486602783,342812000
2015-06-09,0.5255712006160106,0.5316066643530595,0.5246055333251625,0.5277439951896667,256888000
2015-06-10,0.521467188862748,0.5248470539211513,0.5154316662078767,0.5183287262916565,529460000
2015-06-11,0.5183287157810009,0.5275026432619253,0.5183287157810009,0.5238813757896423,283052000
2015-06-12,0.5205014542193039,0.5236399167326541,0.508430466690653,0.5096375942230225,323728000
2015-06-15,0.5069819492739011,0.5110861369387393,0.5031192792159526,0.5086719393730164,306548000
2015-06-16,0.5077063104455892,0.5156731696770872,0.5026365118651891,0.5149489045143127,256892000
2015-06-17,0.5147073084148742,0.5238812919872966,0.5135002386368709,0.5209842324256897,233544000
2015-06-18,0.5253301281993353,0.5330555289382719,0.523881597573587,0.5296756625175476,299404000
2015-06-19,0.5296755055244161,0.5340210385546343,0.5231571771995807,0.5279855728149414,355656000
2015-06-22,0.5289512078066415,0.5318482680208073,0.5178458870643557,0.5258127450942993,514236000
2015-06-23,0.5267783440276588,0.5308824737571131,0.508189030232246,0.5122931599617004,414064000
2015-06-24,0.5115686594678931,0.5142243156152478,0.5048089330396701,0.5072231292724609,253368000
2015-06-25,0.5072234972232765,0.514224688644878,0.5072234972232765,0.5110862255096436,350460000
2015-06-26,0.5069819890177976,0.5074648515923993,0.49853232565487693,0.5007050633430481,421296000
2015-06-29,0.49491092294797695,0.49998077773293687,0.48501273096616004,0.48573699593544006,391724000
2015-06-30,0.48863390989216005,0.4908067044070859,0.4821155839063778,0.4854954481124878,315916000
2015-07-01,0.49756655360719076,0.504567685335526,0.48815116707170203,0.49249669909477234,302892000
2015-07-02,0.4922553211579974,0.4961180484592502,0.4898411237895901,0.49297958612442017,145764000
2015-07-06,0.4888754718906182,0.49563520171338243,0.48332281201091587,0.4869440793991089,214776000
2015-07-07,0.484047133896573,0.4859784690560894,0.4625607280621294,0.4777701795101166,594252000
2015-07-08,0.47511447363469334,0.47801150450932234,0.47052748170198844,0.4743902087211609,332492000
2015-07-09,0.4818742749442549,0.48404706988061597,0.4656991292761899,0.4685961604118347,357588000
2015-07-10,0.474631610712331,0.4811499661483001,0.47342451211744796,0.4768044054508209,216708000
2015-07-13,0.4816327904632159,0.4825984578085411,0.4768043961775897,0.47994285821914673,212472000
2015-07-14,0.480667208975867,0.4811500427347746,0.4739074500126453,0.4801843464374542,249216000
2015-07-15,0.47897717140981017,0.48211563351240627,0.4724588447533417,0.4768044054508209,265732000
2015-07-16,0.47970142320223774,0.48742687702178955,0.47801149097152323,0.48742687702178955,282848000
2015-07-17,0.48573701017330057,0.4862198151276353,0.4782529577910377,0.48452988266944885,220372000
2015-07-20,0.48452984611757655,0.4864612384662378,0.474390223353865,0.4755973219871521,188412000
2015-07-21,0.47463171670664195,0.48452993890694507,0.47463171670664195,0.4777701795101166,149720000
2015-07-22,0.4743902514626277,0.4743902514626277,0.462802098140545,0.4685961604118347,356472000
2015-07-23,0.4695618143369456,0.4813913690664728,0.46859611819240216,0.4743902087211609,169916000
2015-07-24,0.4777700225245212,0.4782528561557509,0.4669061363141139,0.4688374996185303,188844000
2015-07-27,0.46473340401276786,0.47149316209332626,0.4608707056663784,0.4661819338798523,192420000
2015-07-28,0.4673890545261765,0.4794600413888272,0.46256065978111627,0.47632160782814026,198308000
2015-07-29,0.47535598608638385,0.48597847345746414,0.47342462212986863,0.4821157455444336,232680000
2015-07-30,0.48090860269856567,0.4881512240681666,0.48090860269856567,0.4833228290081024,190180000
2015-07-31,0.4852541247142711,0.48549552718002353,0.4787357976669177,0.4816328287124634,218340000
2015-08-03,0.48549548439682283,0.4903238786404084,0.47921858914786153,0.4898410737514496,397132000
2015-08-04,0.48815135339510735,0.4932211522836242,0.4862199603239881,0.4917726218700409,260100000
2015-08-05,0.5038434569701563,0.5043263194784298,0.495876599717187,0.49684232473373413,234628000
2015-08-06,0.49563505732365687,0.49925638121588356,0.4854954079844128,0.4937037229537964,655676000
2015-08-07,0.5422291400438434,0.5641983140297523,0.5282267638303246,0.5547829866409302,1405248000
2015-08-10,0.5509203737250593,0.5782008094072336,0.5475404514038039,0.5740966796875,662304000
2015-08-11,0.5656469955513362,0.5767523155143375,0.5656469955513362,0.5711996555328369,435008000
2015-08-12,0.5620255935032181,0.5767521773940889,0.5620255935032181,0.5726480484008789,384048000
2015-08-13,0.5733724941594037,0.5745796217754339,0.5663713036398621,0.5678198337554932,276884000
2015-08-14,0.5673369063720906,0.5716824962224468,0.5639570415278176,0.5683026313781738,214652000
2015-08-17,0.5673371908040112,0.5673371908040112,0.5576803963738377,0.5646815896034241,273880000
2015-08-18,0.56293590772382,0.5668148882032156,0.5551779467650286,0.5595418214797974,287084000
2015-08-19,0.5588144393674542,0.5651177746355707,0.5512988975626129,0.5573598146438599,249248000
2015-08-20,0.5510564630581293,0.5537232364382925,0.5345708130142062,0.5372376441955566,426932000
2015-08-21,0.5333586895908939,0.5423287984776235,0.5200247064557943,0.5205096006393433,382664000
2015-08-24,0.4914172839032614,0.5292372965575967,0.4848715302673005,0.502084493637085,682284000
2015-08-25,0.5241461104995256,0.5260856294539478,0.4916597604751587,0.4916597604751587,622684000
2015-08-26,0.5076605587555356,0.5292373404031275,0.5037815783310748,0.5287524461746216,614976000
2015-08-27,0.5343284309383541,0.5488745631240494,0.5311767631846678,0.5486321449279785,463764000
2015-08-28,0.5486319114982159,0.5544503503366491,0.5447529330055382,0.5510562658309937,320944000
2015-08-31,0.5483893899844389,0.5522683677455795,0.5428133702905159,0.5449952483177185,219352000
2015-09-01,0.5292373600936257,0.5382074701457555,0.5188126251030537,0.522691547870636,353408000
2015-09-02,0.5369951990921913,0.5386922420499839,0.5280250901147768,0.5384498238563538,344044000
2015-09-03,0.5464499275356006,0.5491167575295722,0.5389344471006844,0.5399041771888733,262556000
2015-09-04,0.5306918808444431,0.5391771537095478,0.5270553766173928,0.5272977948188782,287972000
2015-09-08,0.5401468440336209,0.5520262020383521,0.537964964780588,0.5498442649841309,238448000
2015-09-09,0.5515412562882588,0.5561474898653975,0.5377223821533125,0.538934588432312,289392000
2015-09-10,0.5357827903788646,0.5542078935828973,0.5333584362152066,0.5474196672439575,357076000
2015-09-11,0.5413590098115452,0.5527534727907534,0.5391770729215317,0.5491169691085815,301584000
2015-09-14,0.5517838393405917,0.5534808823974614,0.5471775465855487,0.5500867962837219,192460000
2015-09-15,0.5503290756465804,0.5590567647379593,0.5486320330178649,0.5561475157737732,327976000
2015-09-16,0.5551779937061341,0.5631783735584576,0.5510565946611797,0.5600267052650452,173508000
2015-09-17,0.5697239508742079,0.5748151368856466,0.5639055103766039,0.5651177167892456,268712000
2015-09-18,0.557359944309129,0.5694817234904676,0.5539658576985947,0.5646330118179321,326412000
2015-09-21,0.565360249579829,0.571663585480747,0.5624509998405761,0.5704513788223267,281840000
2015-09-22,0.5580870030470065,0.5619659821812883,0.5520260873119707,0.5549353361129761,228356000
2015-09-23,0.5554201709298109,0.5609961925830714,0.5532382921359261,0.5576021075248718,161632000
2015-09-24,0.5542083691145732,0.5740881134346034,0.5454806750764816,0.568269670009613,382440000
2015-09-25,0.5752998663525911,0.5835427181444374,0.5668146542448894,0.5723906755447388,369692000
2015-09-28,0.5723909673796415,0.5760274721938308,0.5612389190940443,0.5648754239082336,395584000
2015-09-29,0.5709360559559848,0.5757847651436269,0.5629356800162583,0.574815034866333,380736000
2015-09-30,0.5801487735303756,0.5983314679409861,0.5767546875287447,0.5976041555404663,556380000
2015-10-01,0.5976043072926124,0.5993013507243652,0.5689968716117361,0.5859674215316772,489296000
2015-10-02,0.5828154670618262,0.6012405753135681,0.5767545510916625,0.6012405753135681,386144000
2015-10-05,0.6051198635888161,0.6237873995151336,0.6019681949231926,0.6162719130516052,482024000
2015-10-06,0.6097258595804107,0.6269387618978817,0.6073015046990269,0.6242719888687134,453216000
2015-10-07,0.6257266428077793,0.6371211055064488,0.6155443287062621,0.6308177709579468,310152000
2015-10-08,0.6281512116643737,0.6361515916534171,0.6174839998115146,0.6344545483589172,460068000
2015-10-09,0.6310603409601913,0.6371212588078515,0.6201507697560776,0.6320301294326782,423248000
2015-10-12,0.6327571694023314,0.6424546462286509,0.6281509358262124,0.638818085193634,227588000
2015-10-13,0.6337268721723707,0.6439091260963478,0.6315449358453032,0.6400302052497864,298444000
2015-10-14,0.6407577010393504,0.673729003070335,0.6400304464574171,0.6633042693138123,612148000
2015-10-15,0.6645162598722236,0.6785775521965557,0.6577280896474957,0.6650011539459229,526048000
2015-10-16,0.6671833279491219,0.6817294617212616,0.6654862269879612,0.6754261255264282,448396000
2015-10-19,0.6776079104088278,0.680759577796831,0.6664558654668452,0.6742137670516968,294712000
2015-10-20,0.671304776373904,0.6763959062302306,0.6662135887163755,0.6732442378997803,264824000
2015-10-21,0.6773651741288045,0.681486628207079,0.6633039431716664,0.6645160913467407,386280000
2015-10-22,0.6722743368717063,0.6906994479058595,0.6713046063543693,0.6885175108909607,306884000
2015-10-23,0.6945785018802841,0.6977301697487683,0.6841537676540349,0.6931238770484924,381776000
2015-10-26,0.6936084844036308,0.695305526738477,0.6836685906980279,0.689971923828125,247436000
2015-10-27,0.6865779698426563,0.6938510345768639,0.6860930757399036,0.6894872188568115,208268000
2015-10-28,0.6938509675317456,0.6950631737709045,0.6836686547672747,0.6950631737709045,217036000
2015-10-29,0.683911500592811,0.6909420924982349,0.6698502011795512,0.6710623502731323,327168000
2015-10-30,0.6783351524230421,0.6926388632708413,0.6732439668154991,0.6877900958061218,301160000
2015-11-02,0.6899721478469831,0.696517901206987,0.6858507497240617,0.6957905888557434,190088000
2015-11-03,0.6916691825551995,0.6955481624489078,0.6831839682263258,0.6909418702125549,376768000
2015-11-04,0.6890023716180598,0.6940934999379351,0.6763957021008242,0.6795473694801331,442264000
2015-11-05,0.6829416343840585,0.6848811536351751,0.6698501250941198,0.6717895865440369,478800000
2015-11-06,0.7382168633510231,0.7743397723119351,0.7229434201742935,0.7648847699165344,1172272000
2015-11-09,0.7573693045679416,0.7636726396501161,0.7508234935048614,0.7614907026290894,492568000
2015-11-10,0.7515507809676344,0.7556722366935426,0.7309437913440207,0.7469445466995239,552260000
2015-11-11,0.7474293703074263,0.7527629746021096,0.7370046376868074,0.7396714687347412,619896000
2015-11-12,0.7379741294573958,0.7447623561641471,0.7338527329359809,0.7370043992996216,291080000
2015-11-13,0.7377319240301596,0.7408835913023141,0.7188219203972331,0.7224584817886353,292940000
2015-11-16,0.7319132726204324,0.7374892932790915,0.7260947760714553,0.7370043992996216,344280000
2015-11-17,0.7389439174163358,0.7433077320269029,0.7338527329359809,0.7370043992996216,257048000
2015-11-18,0.7400465414796878,0.7561081128914343,0.7320157847841485,0.755134642124176,350216000
2015-11-19,0.7578115501482483,0.7648688356150385,0.7517276193437307,0.7573248147964478,254072000
2015-11-20,0.7629221583599306,0.7682760161864568,0.7582983746925068,0.763895571231842,239744000
2015-11-23,0.7702226770039553,0.7702226770039553,0.7497807789882976,0.7524576783180237,242552000
2015-11-24,0.7524577717855704,0.7651123120446539,0.7490507980298695,0.7585417032241821,195428000
2015-11-25,0.7570815627788738,0.7660857326627293,0.7548913404760969,0.7575682401657104,138300000
2015-11-27,0.7590284488516092,0.7663291324219584,0.7551347393432879,0.763895571231842,86996000
2015-11-30,0.7646255416518766,0.7753332558521809,0.7638954675918255,0.77192622423172,327244000
2015-12-01,0.7787402093248371,0.7977220183542311,0.7780101352836554,0.7969919443130493,409496000
2015-12-02,0.7982086610860856,0.8064827558331095,0.7892044923295404,0.7909079790115356,294240000
2015-12-03,0.7972352342047972,0.8055093288043551,0.7853107696226916,0.789204478263855,246656000
2015-12-04,0.7892045407916831,0.8227877152092299,0.7892045407916831,0.8213275671005249,458756000
2015-12-07,0.821084192643418,0.821084192643418,0.8033191934765169,0.8057527542114258,333588000
2015-12-08,0.7957752773899109,0.8201108897177738,0.7906648162072627,0.8167039155960083,314488000
2015-12-09,0.8164604996987866,0.8213276217042693,0.787744445054036,0.7960185408592224,372676000
2015-12-10,0.7984521316125577,0.8069696244498527,0.7957752318160013,0.8025892376899719,236596000
2015-12-11,0.7945585015185339,0.8001556979850751,0.7889613050519927,0.790664792060852,227320000
2015-12-14,0.7913949069416314,0.7969921036962466,0.7831207521604537,0.7926116585731506,275892000
2015-12-15,0.801615619115864,0.8079428883969048,0.7972352331631924,0.8023456931114197,307296000
2015-12-16,0.8040491948897964,0.8098897869641382,0.7969919095010728,0.8072128295898438,236356000
2015-12-17,0.8084297520881005,0.8167038479905216,0.7945584600115305,0.7950451374053955,254160000
2015-12-18,0.7894482725032405,0.7974790330786347,0.7811741731288028,0.7821475863456726,395896000
2015-12-21,0.7906647878868346,0.8013724453234267,0.7836074431583349,0.8006423711776733,284216000
2015-12-22,0.8030758957892526,0.8094031660841547,0.796505286797061,0.8013724088668823,130012000
2015-12-23,0.8025891595161416,0.8076996199083454,0.8011290113981785,0.804535984992981,122524000
2015-12-24,0.8021023695454582,0.8091597129548455,0.8008855601897492,0.8072128295898438,52448000
2015-12-28,0.7986954321519133,0.8064827919006348,0.7875010408661685,0.8064827919006348,142024000
2015-12-29,0.806969526987175,0.8220576271523448,0.8047793048614246,0.8196240663528442,203660000
2015-12-30,0.8188942073605204,0.8259515529385996,0.8123235972784294,0.8125669360160828,180344000
2015-12-31,0.8113501937567331,0.815000506946773,0.8021026253700256,0.8021026253700256,148528000
2016-01-04,0.7857975179383891,0.792854803320098,0.7797135872072184,0.7877443432807922,358076000
2016-01-05,0.8025892277762784,0.813783620271855,0.7909080998597614,0.8003990054130554,490272000
2016-01-06,0.7872579223426018,0.7909082938432884,0.7582985211796731,0.7673027515411377,449344000
2016-01-07,0.7480772580499195,0.7531877762315702,0.7271486240277897,0.7368829250335693,645304000
2016-01-08,0.7463736429753236,0.7471037168757225,0.7196044793697649,0.7210646271705627,398472000
2016-01-11,0.7217948978171211,0.7273920938987546,0.7093836961479613,0.7222815752029419,409372000
2016-01-12,0.7351795203663756,0.7451571619416244,0.7293389850666422,0.7344494462013245,469356000
2016-01-13,0.7400464898368907,0.744913669271531,0.711330496702695,0.7120605707168579,481672000
2016-01-14,0.6974593091189062,0.7057334638452069,0.6770174060754021,0.6977027058601379,600236000
2016-01-15,0.6697169608761185,0.6777477217223472,0.6483015792792759,0.6597393155097961,841452000
2016-01-19,0.6733669211948011,0.6923487306815865,0.6624158683338608,0.6650928258895874,457140000
2016-01-20,0.6524383980292606,0.6772607462189628,0.6436775658434435,0.6687432527542114,481180000
2016-01-21,0.6760438030805631,0.6869947966950851,0.6621724555371551,0.6765304803848267,481456000
2016-01-22,0.6894284224588705,0.6969725015948032,0.6879682743667115,0.6923487186431885,257996000
2016-01-25,0.6921053567039156,0.7001361129201813,0.6901584733062566,0.6916186213493347,270728000
2016-01-26,0.6930787659648221,0.7013528608071268,0.6860214224719556,0.6984325647354126,227944000
2016-01-27,0.6974594096397859,0.699649632502472,0.6770175036501055,0.6901587247848511,231700000
2016-01-28,0.6957556619026104,0.6981892226100924,0.6692298327848573,0.6826144456863403,276776000
2016-01-29,0.6884551157347922,0.7142508759323254,0.6857782158341328,0.7127907276153564,310504000
2016-02-01,0.71206062102789,0.7166843460833948,0.705976689820224,0.7130340337753296,289884000
2016-02-02,0.7057335142298078,0.709383827381441,0.6779908673822607,0.6828579902648926,341908000
2016-02-03,0.6882118758025442,0.692348924613971,0.67044687077782,0.6862649917602539,326772000
2016-02-04,0.6872382543984392,0.7020830171426139,0.6796942326895447,0.6865082383155823,348140000
2016-02-05,0.6818843094762232,0.6894283295751157,0.641243797149565,0.6431906223297119,600428000
2016-02-08,0.63345662547549,0.6366202611327505,0.6047405658236421,0.6137447953224182,608852000
2016-02-09,0.6064440793368204,0.6461111343263876,0.6035237825687333,0.6203153729438782,425372000
2016-02-10,0.6242090360243858,0.6422173766946141,0.6154482043948853,0.6188551783561707,335800000
2016-02-11,0.6030369432329369,0.6220187529147052,0.6030369432329369,0.6156914830207825,340144000
2016-02-12,0.6254258982141055,0.6273727822654491,0.6023070344914327,0.6261559724807739,340816000
2016-02-16,0.6351599783877194,0.6577921586973655,0.6332131528659302,0.656818687915802,485352000
2016-02-17,0.6650928412869919,0.6794508680741644,0.6624158836692916,0.6731235980987549,771468000
2016-02-18,0.7283653667224175,0.7539177812291074,0.7276352927633126,0.7310422658920288,1068660000
2016-02-19,0.7271488217780007,0.747347445287919,0.7215516247373194,0.740776777267456,525628000
2016-02-22,0.7514843685478287,0.775576639876067,0.7500242203423589,0.7670591473579407,449668000
2016-02-23,0.7609753159216134,0.7763067568850687,0.757324945206184,0.769006073474884,369380000
2016-02-24,0.7658425057628666,0.7755767511686004,0.7446704697867843,0.774359941482544,336852000
2016-02-25,0.777280013145209,0.779956912450121,0.7621919139288647,0.7760632038116455,349616000
2016-02-26,0.7797139529932143,0.781660779248929,0.7631656977368768,0.7709531188011169,361964000
2016-02-29,0.7720521289307024,0.7820660649456499,0.7654575800201692,0.7659460306167603,323344000
2016-03-01,0.7678998091032815,0.7998956441879272,0.7666785664635061,0.7998956441879272,348700000
2016-03-02,0.7954991901273405,0.8074670993709073,0.7940337223453445,0.8045361638069153,233812000
2016-03-03,0.8035592031582168,0.8069785891549623,0.7867064401616206,0.7974531650543213,302004000
2016-03-04,0.8035593310874569,0.804292065093706,0.7889047674265934,0.7950108647346497,175304000
2016-03-07,0.7906143209051947,0.7959876832569143,0.779623370986875,0.7898815870285034,239968000
2016-03-08,0.7818214714970397,0.7864620993718544,0.7730287243460378,0.7754711508750916,274940000
2016-03-09,0.7823100304748251,0.7835312147019728,0.764968760239372,0.774982750415802,222788000
2016-03-10,0.7796236235526892,0.7840200282370902,0.7581302836469564,0.7737618088722229,286084000
2016-03-11,0.7852411332961696,0.7871951101461887,0.7759599325127816,0.7869508266448975,277400000
2016-03-14,0.7832870198763686,0.7920797679345607,0.7796233505887687,0.78890460729599,190312000
2016-03-15,0.7847524631650473,0.7898815417759907,0.7710748619704858,0.7849966883659363,226216000
2016-03-16,0.7791349017021477,0.8111307333591906,0.7754712324073517,0.8084440231323242,363644000
2016-03-17,0.8055132387728592,0.8094210754949992,0.7906143928994955,0.8016053438186646,353680000
2016-03-18,0.8111307188215476,0.8365319452926995,0.8060015819007612,0.8257852792739868,545512000
2016-03-21,0.8184581097228469,0.8284720432498559,0.8096653606159845,0.8282278180122375,337780000
2016-03-22,0.8255410747209383,0.8326240716877042,0.816504043140357,0.8267622590065002,242012000
2016-03-23,0.8304261111459487,0.847034593771066,0.8267624410186074,0.8409285545349121,429008000
2016-03-24,0.8333569254891371,0.8436151428316497,0.8306702730885972,0.8421496748924255,244956000
2016-03-28,0.8406842401585631,0.8543618444114661,0.8397072809045113,0.8506982326507568,265388000
2016-03-29,0.8470345555955725,0.8663297481884676,0.8450806371037602,0.8643758296966553,261812000
2016-03-30,0.8675508559097194,0.8853805777430255,0.8670623472467599,0.8734126687049866,376700000
2016-03-31,0.8773206448776041,0.8792745632470004,0.8633988163575042,0.8702375888824463,379884000
2016-04-01,0.8648641997829416,0.883426714889389,0.8582696526962054,0.8829382061958313,348292000
2016-04-04,0.8902654524577912,0.8949060810532687,0.8709702624122222,0.8743896484375,393940000
2016-04-05,0.866573803303987,0.8812283628268083,0.863154359496361,0.8731683492660522,339568000
2016-04-06,0.8621775138957571,0.8748781571119901,0.8458132594330269,0.8743896484375,453376000
2016-04-07,0.868772195986821,0.8765879866032205,0.8616891976122727,0.8653528094291687,378104000
2016-04-08,0.8724357766501075,0.8780533646615818,0.8624217850303211,0.8709703087806702,255936000
2016-04-11,0.8760994436300551,0.8907540650213732,0.8734127911871413,0.8763437271118164,387524000
2016-04-12,0.879274703952736,0.880495946803079,0.8582698160761759,0.8753668665885925,292764000
2016-04-13,0.8792746339350456,0.8975928676070382,0.8792746339350456,0.8973486423492432,350716000
2016-04-14,0.8949060295288196,0.9036987775390399,0.8912423602612081,0.89979088306427,416564000
2016-04-15,0.8995467202150399,0.9149340157415838,0.8966157845977737,0.9068740010261536,436972000
2016-04-18,0.9051644629994176,0.9051644629994176,0.8941735107845623,0.9029662609100342,307320000
2016-04-19,0.9063854807679512,0.9080951737788333,0.8812284778146058,0.8868460655212402,309152000
2016-04-20,0.8853807294535838,0.8956389472770907,0.8844037701923116,0.8902655839920044,200172000
2016-04-21,0.8905097887499549,0.8946619674208836,0.8853807090723016,0.889288604259491,178280000
2016-04-22,0.8922193472106102,0.8983253848062404,0.8829380908696705,0.885869026184082,223540000
2016-04-25,0.8861134634575528,0.8951504385304249,0.8836710361883425,0.8902655839920044,191972000
2016-04-26,0.8956388731827915,0.9058970901576578,0.887090349331727,0.8909982442855835,214536000
2016-04-27,0.8888000280731192,0.9117588887184892,0.8870903349769832,0.9112703800201416,352396000
2016-04-28,0.9056531449436779,0.9110265097911519,0.8819615993668666,0.8841597437858582,381224000
2016-04-29,0.8804956926072259,0.8824496107252088,0.8582695682969228,0.8677950501441956,321904000
2016-05-02,0.876099445523471,0.88464796983421,0.8719473251092461,0.8792746067047119,256076000
2016-05-03,0.8692607174483341,0.8729243293188022,0.8612007014548314,0.8687722086906433,224024000
2016-05-04,0.8582697934681213,0.8590025275126129,0.8401958423228267,0.8489885926246643,525764000
2016-05-05,0.8560715489405737,0.8641315642505125,0.8477672501564765,0.8541175723075867,246884000
2016-05-06,0.8526519952147377,0.8651084126798984,0.850942302274823,0.8629102110862732,183240000
2016-05-09,0.8651085965446131,0.8687722084139143,0.8546061532301236,0.8616892099380493,333336000
2016-05-10,0.8670623916327865,0.8797630351994021,0.858758151561716,0.8782975673675537,269676000
2016-05-11,0.880984329975636,0.8905097549826457,0.876099417502837,0.8807400465011597,328176000
2016-05-12,0.8870904427391659,0.8909983381045098,0.8531406854613287,0.8687722086906433,670540000
2016-05-13,0.9571880217971341,1.001395990776784,0.9525474513102501,1.00090754032135,2110256000
2016-05-16,0.9933363828453355,1.0453602209752046,0.9901612206561532,1.030461311340332,973032000
2016-05-17,1.0258206394169715,1.0399867560340301,1.0126315405357662,1.0326595306396484,628392000
2016-05-18,1.0258203668176564,1.071005416086939,1.0258203668176564,1.059037446975708,541072000
2016-05-19,1.0548853369426674,1.0712497110658554,1.0534199853291313,1.0636781454086304,398880000
2016-05-20,1.0702723273864432,1.087125146282136,1.068562634624745,1.0827287435531616,391084000
2016-05-23,1.0873696174180718,1.091521679436737,1.0778441342494476,1.084438681602478,413636000
2016-05-24,1.087744413233203,1.1141912168930224,1.084805866519163,1.1107628345489502,415788000
2016-05-25,1.1141911598537213,1.1188437223518084,1.0972945754962564,1.1061102151870728,458076000
2016-05-26,1.1080692922277293,1.125945315632027,1.1048858860009416,1.1178643703460693,309964000
2016-05-27,1.1190884681076945,1.125700138131141,1.1154152272762727,1.123986005783081,277416000
2016-05-31,1.128883995921835,1.1465151619732044,1.1281493007544772,1.144066333770752,412524000
2016-06-01,1.1386789295698037,1.1572895311087492,1.1352506639380646,1.1462701559066772,387132000
2016-06-02,1.1523922441987136,1.1641464338121157,1.1411278903302473,1.1543513536453247,329208000
2016-06-03,1.1430869725291146,1.1445561294292035,1.1181094369625904,1.1381893157958984,461076000
2016-06-06,1.1411272220554771,1.1499428591028547,1.1264346104096787,1.1323117017745972,322512000
2016-06-07,1.1391684410584655,1.1455352522916453,1.1340260435470169,1.1345157623291016,193400000
2016-06-08,1.1347606696546835,1.1389236297778143,1.1215373278476586,1.130842685699463,234616000
2016-06-09,1.1269246814634166,1.161942027328396,1.1244758539605813,1.16022789478302,472168000
2016-06-10,1.1465153311539031,1.1568001308821034,1.1298636005131282,1.1313328742980957,400024000
2016-06-13,1.1325573347268514,1.16806453298276,1.1325573347268514,1.1457806825637817,475588000
2016-06-14,1.1430869647663138,1.1533717635964709,1.1303533375861785,1.147984504699707,298344000
2016-06-15,1.1575342126860912,1.16977799871641,1.144800591142672,1.1597380638122559,301036000
2016-06-16,1.1511676971209852,1.1663500330572376,1.1399033456952044,1.164391040802002,246456000
2016-06-17,1.1658604610596683,1.1661053205266023,1.1394136535993367,1.144066333770752,471000000
2016-06-20,1.1624320449981447,1.1795733731373041,1.161697349925586,1.1646358966827393,293768000
2016-06-21,1.169533289078871,1.1727166948722985,1.1558201115200584,1.1575343608856201,212508000
2016-06-22,1.1599833225112952,1.1675745495292795,1.154596064144705,1.1565550565719604,202620000
2016-06-23,1.1675745036651375,1.1886339341556253,1.1668398085546823,1.187409520149231,297880000
2016-06-24,1.1386787928694277,1.1597382197694177,1.109293562325236,1.1198232173919678,1017684000
2016-06-27,1.1105176568868282,1.1190884351411552,1.0914172254855352,1.1078240871429443,449088000
2016-06-28,1.1288835434584679,1.130107840302433,1.1085586978840332,1.123986005783081,381920000
2016-06-29,1.133781676365718,1.1511679851093772,1.130843128864456,1.1423523426055908,318932000
2016-06-30,1.1443113389968462,1.1582693812890283,1.135006094235295,1.1511679887771606,430940000
2016-07-01,1.1448009286101162,1.1597384056830091,1.1386789754070559,1.142596960067749,218488000
2016-07-05,1.1362300495358602,1.161452438511682,1.1271696670010816,1.1594934463500977,371084000
2016-07-06,1.151412641517276,1.173696486577027,1.1455355475513704,1.166839838027954,273104000
2016-07-07,1.1746758860649376,1.2013675507281907,1.1692886279496721,1.19720458984375,395400000
2016-07-08,1.2099380706834504,1.251077488656393,1.205285391462312,1.2452003955841064,481932000
2016-07-11,1.2630767600206958,1.2831566388528162,1.2616074863541304,1.2738513946533203,448776000
2016-07-12,1.288054044849311,1.3047056541401818,1.2718920376632368,1.2929515838623047,436760000
2016-07-13,1.2954001801829318,1.3027465464346337,1.2905026416039738,1.292461633682251,324604000
2016-07-14,1.2993184665726907,1.317439350224784,1.2885438334543837,1.3056851625442505,316892000
2016-07-15,1.2890333941473222,1.2963797605460257,1.2694432394394897,1.290502667427063,428616000
2016-07-18,1.3064196109450863,1.3083786029330446,1.2922167146909702,1.2971142530441284,252992000
2016-07-19,1.2963797408099516,1.3157250358044037,1.2939309131254872,1.3105826377868652,382652000
2016-07-20,1.3149905922143614,1.3348257265980377,1.3096033337516566,1.3277242183685303,296460000
2016-07-21,1.3247852710059838,1.3289482309010607,1.2988283076166702,1.3032361268997192,361308000
2016-07-22,1.3078890600157975,1.3387435674667358,1.2983388414278236,1.3387435674667358,315768000
2016-07-25,1.3468246652248508,1.36665968295427,1.3409475710384062,1.363476276397705,312528000
2016-07-26,1.3754749047534576,1.3938406433352413,1.3735159128775971,1.3867392539978027,514508000
2016-07-27,1.398738362740302,1.4011871904774817,1.3644555917855195,1.3727813959121704,446676000
2016-07-28,1.3759650027743322,1.3860049410760287,1.371557182263874,1.3757201433181763,221916000
2016-07-29,1.3808626043028365,1.4019220364445735,1.3561300466204569,1.3982489109039307,409588000
2016-08-01,1.4041257630196837,1.4092681612430111,1.3801277878776206,1.3891881704330444,301120000
2016-08-02,1.3957995808600956,1.3965342757640087,1.3590681051268143,1.3722914457321167,282748000
2016-08-03,1.3705776221352757,1.3786585673000682,1.362986395839095,1.375964879989624,299828000
2016-08-04,1.3825768137683858,1.407799208545952,1.3798832427140733,1.4014323949813843,272712000
2016-08-05,1.4175942146310638,1.4259200203747266,1.41073768246176,1.4251854419708252,371588000
2016-08-08,1.444775665141294,1.4482039313790778,1.423226396265851,1.4384088516235352,305064000
2016-08-09,1.4455098358962042,1.4560396078852758,1.43840844594456,1.4420815706253052,372344000
2016-08-10,1.4548156784853568,1.4570195306743237,1.4281240088935403,1.432776689529419,375740000
2016-08-11,1.4403675375830627,1.4680386378399288,1.4374289909286717,1.4619166851043701,681064000
2016-08-12,1.5157898589612406,1.5520316260939013,1.4846904905312022,1.5437058210372925,1425744000
2016-08-15,1.5454202118474116,1.5549704325031717,1.5214222304636988,1.5422368049621582,573304000
2016-08-16,1.5400323596934158,1.54248107040317,1.5282782914002495,1.5329309701919556,287652000
2016-08-17,1.5329314342266924,1.5363597003180338,1.4854251943516923,1.4974241256713867,595212000
2016-08-18,1.4952202090176898,1.523136172244447,1.4893431149629823,1.520687460899353,331684000
2016-08-19,1.5199527135705975,1.5361146048995613,1.5133410413693436,1.524605393409729,291560000
2016-08-22,1.5292578712505107,1.5331759722237632,1.5111369899529963,1.5309720039367676,244748000
2016-08-23,1.546550578960426,1.55341974585514,1.538945363051721,1.5433613061904907,339764000
2016-08-24,1.548758582957182,1.549494514977063,1.5124499127300859,1.5195643901824951,298448000
2016-08-25,1.5200549251612239,1.5207908570826536,1.4906155426333019,1.5095057487487793,406032000
2016-08-26,1.5134314741496346,1.5303590826806273,1.5014103137020052,1.5217726230621338,300024000
2016-08-29,1.527905767941463,1.5340388861724703,1.5183379490852056,1.5207911729812622,274652000
2016-08-30,1.5188282417279866,1.5269240777016282,1.507788444130892,1.5119590759277344,285544000
2016-08-31,1.5149034618066144,1.519073977789722,1.5004290772557782,1.5048449039459229,388544000
2016-09-01,1.5060711043251083,1.554891429237812,1.5048444341911036,1.5492489337921143,428492000
2016-09-02,1.5524378833143286,1.5541551743523563,1.5166199651135484,1.5340381860733032,323148000
2016-09-06,1.539436094126588,1.5485131740570068,1.531585567577493,1.5485131740570068,306812000
2016-09-07,1.5436065544471622,1.5512117700483257,1.5168658199819198,1.5256975889205933,397988000
2016-09-08,1.5242256616790637,1.5391907827415685,1.5068074338550408,1.5367374420166016,315808000
2016-09-09,1.51981001335739,1.5283964729359114,1.447438091247742,1.4601951837539673,697760000
2016-09-12,1.4408137789987636,1.4933139966629334,1.4062224069470748,1.4903700351715088,598260000
2016-09-13,1.4866906787332295,1.5038637156476427,1.4604405604206174,1.4687817096710205,471768000
2016-09-14,1.4722161671022806,1.4866905509337025,1.4599498134879254,1.4817839860916138,319048000
2016-09-15,1.4842370923236745,1.5396812779709048,1.4808023921937292,1.5379639863967896,515212000
2016-09-16,1.5433609108211062,1.5517020566252897,1.5239799684889725,1.5416436195373535,902444000
2016-09-19,1.5578357217828398,1.6010135604244715,1.5507212440609601,1.5620063543319702,417128000
2016-09-20,1.5799149693863768,1.5799149693863768,1.539190480596339,1.5477769374847412,331112000
2016-09-21,1.5524384582421846,1.594144313722449,1.5521931475718582,1.591200351715088,336212000
2016-09-22,1.6005224998268566,1.605429063077231,1.5860481206909975,1.5951251983642578,308732000
2016-09-23,1.5970879989104938,1.601749134802237,1.586293512415059,1.5934079885482788,276132000
2016-09-26,1.5752535401955448,1.5848213555067372,1.5585712495419375,1.5784428119659424,230040000
2016-09-27,1.5723102029685423,1.6348689932174267,1.5715742708748808,1.6324156522750854,402752000
2016-09-28,1.6348684588468623,1.6395297115283531,1.6174501181911225,1.6383030414581299,319788000
2016-09-29,1.6356049404753443,1.658665901016566,1.620394624229707,1.6535139083862305,336684000
2016-09-30,1.662590990935847,1.6974276815421783,1.652777861719193,1.6809906959533691,429932000
2016-10-03,1.680990656423981,1.7052781682113252,1.676329402608423,1.679273247718811,242596000
2016-10-04,1.681726730749514,1.7099394497256448,1.6630817139096998,1.6755934953689575,281624000
2016-10-05,1.6898225311864663,1.7069955664744723,1.668724290851807,1.673876166343689,305440000
2016-10-06,1.6537590844911927,1.6640628342209414,1.6255462525932283,1.6520417928695679,360212000
2016-10-07,1.6630818112494798,1.667497755019753,1.6353597120470704,1.6400209665298462,286260000
2016-10-10,1.6486067923848489,1.657438676528989,1.6306978304600996,1.6461535692214966,287876000
2016-10-11,1.6407565941236273,1.6432098176001397,1.609845112654902,1.62235689163208,388540000
2016-10-12,1.615733349024075,1.638303570890484,1.6022403248363195,1.6297171115875244,419920000
2016-10-13,1.6105810820844753,1.6142609756084552,1.5627419983459125,1.6032211780548096,390116000
2016-10-14,1.6228475572531398,1.6338873556532372,1.6093545353095293,1.6189223527908325,330636000
2016-10-17,1.6186776241995802,1.633887943187687,1.607392511085257,1.6096004247665405,195328000
2016-10-18,1.631924948939206,1.6434553700330958,1.6253010925019018,1.6341328620910645,269372000
2016-10-19,1.6230931052083386,1.6383034198544395,1.61475184038961,1.6306982040405273,199060000
2016-10-20,1.6498336811349834,1.6670067134814397,1.6265275315763827,1.661609411239624,312084000
2016-10-21,1.6557220151068701,1.6598925311656683,1.6412476302933383,1.6569486856460571,279508000
2016-10-24,1.668233501029067,1.736680090614047,1.6679880733794157,1.7347174882888794,339836000
2016-10-25,1.7317733827640787,1.7737245450276746,1.723432235837221,1.763175368309021,397460000
2016-10-26,1.7484562020239074,1.7896714447297752,1.746738909992975,1.770290493965149,333792000
2016-10-27,1.7837831836184408,1.7872177670335996,1.7268670126297536,1.7339814901351929,388664000
2016-10-28,1.7423223665134415,1.7688177852268328,1.7278479870729078,1.7310372591018677,290856000
2016-10-31,1.7366801444994757,1.757287762007447,1.7356987848155823,1.7457573413848877,252388000
2016-11-01,1.7521360579138687,1.7617038770843454,1.6753481938505657,1.6939932107925415,473224000
2016-11-02,1.7069951975619189,1.7300560354360406,1.6839342427060904,1.6868782043457031,295848000
2016-11-03,1.6947288459694572,1.6962008268902302,1.6348687174576462,1.6672520637512207,309664000
2016-11-04,1.6562124642835745,1.6861425906255996,1.6333969327435227,1.6576844453811646,328780000
2016-11-07,1.7062594042029018,1.7594956813835432,1.7050327338390636,1.7484558820724487,487580000
2016-11-08,1.7550797319641176,1.7607223454284882,1.729565666981851,1.7457573413848877,429884000
2016-11-09,1.6984083355663262,1.7393782469773582,1.6858966761900522,1.7163172960281372,456532000
2016-11-10,1.7538530962986603,1.754098406962693,1.6378127295274032,1.6625908613204956,869280000
2016-11-11,1.9506064601897126,2.1777805054864787,1.9258282121825714,2.158154249191284,2175344000
2016-11-14,2.1610986695800074,2.163552010628321,2.0514369451113534,2.0519275665283203,1348796000
2016-11-15,2.067872743913456,2.145396502747528,2.0590408610939983,2.114485263824463,626092000
2016-11-16,2.142698486397832,2.2707597653456815,2.1184109782563345,2.2479443550109863,987984000
2016-11-17,2.26462668403364,2.325468169156217,2.223902075534499,2.266589403152466,832988000
2016-11-18,2.2665886058315428,2.31418212959599,2.2521142300667014,2.2903854846954346,576060000
2016-11-21,2.308295506707171,2.3146740520867572,2.2668348447581383,2.281064033508301,436436000
2016-11-22,2.2889143905639022,2.2997087617426835,2.2663441715803136,2.2975008487701416,330368000
2016-11-23,2.3026610226312614,2.3402524508351905,2.279320089842876,2.3088035583496094,443236000
2016-11-25,2.3198591734630005,2.3365664437037506,2.295043711709819,2.3134710788726807,195564000
2016-11-28,2.306346720593439,2.3277222310390893,2.299712828372611,2.3122434616088867,278736000
2016-11-29,2.3095397944578617,2.320350560410216,2.2734226791972123,2.2911126613616943,444568000
2016-11-30,2.299712555586074,2.313471694427974,2.26285828008179,2.265315294265747,440500000
2016-12-01,2.2628569672015106,2.2645768292696853,2.0827621027912295,2.1532766819000244,1035524000
2016-12-02,2.119125084706655,2.1817775066330105,2.091361495520823,2.173178195953369,478292000
2016-12-05,2.211014791666648,2.2753870649194363,2.186690930837174,2.257451295852661,602284000
2016-12-06,2.2655599875930004,2.302905839085036,2.249835430876021,2.2945520877838135,498796000
2016-12-07,2.2810399145560445,2.3414809185354892,2.2628583371753024,2.335829973220825,480804000
2016-12-08,2.3387775051212305,2.373911905852081,2.286198684399109,2.2967634201049805,381544000
2016-12-09,2.3144536673386544,2.3161735298554946,2.2287058679346723,2.2559781074523926,382312000
2016-12-12,2.2075759433405633,2.2100329567574795,2.1508202455665044,2.2011878490448,601332000
2016-12-13,2.2134720804785966,2.267525189397581,2.2124893691042833,2.240007162094116,387796000
2016-12-14,2.2736682631540224,2.3859513941350627,2.249835746838614,2.3697354793548584,983980000
2016-12-15,2.3807915868928013,2.455483300837601,2.3734207803954064,2.425262689590454,746548000
2016-12-16,2.452779799363467,2.4741552961880298,2.4011836998275284,2.4670302867889404,1089528000
2016-12-19,2.449586231202775,2.5171524559866914,2.432387372612536,2.4970054626464844,744656000
2016-12-20,2.569486650520733,2.607569432862537,2.5581845259383083,2.5839827060699463,848056000
2016-12-21,2.595529798345775,2.60314639993633,2.5481105604546603,2.6001980304718018,576136000
2016-12-22,2.6245221021307383,2.674889713311406,2.6173968558575456,2.6316473484039307,718612000
2016-12-23,2.6137109238924974,2.6987218069570846,2.6110083497340804,2.6972475051879883,647692000
2016-12-27,2.753267499750949,2.8834862215915877,2.732628906082189,2.8825035095214844,1194272000
2016-12-28,2.938521353301721,2.946629311657116,2.67046737166029,2.6842262744903564,2295764000
2016-12-29,2.577347975933058,2.73926154845035,2.52575186677449,2.7377872467041016,2175368000
2016-12-30,2.735821802828987,2.7498264977442783,2.611745440447328,2.62255597114563,1212932000
2017-01-03,2.5650637840114445,2.613465975330692,2.441724540764207,2.506342649459839,1501996000
2017-01-04,2.5404947408476164,2.592090870887968,2.494549556389633,2.5648186206817627,1199220000
2017-01-05,2.568257595108628,2.599952274436208,2.4827553479805204,2.499708414077759,984296000
2017-01-06,2.5269804826720637,2.561377968368965,2.486440697603506,2.533123016357422,822856000
2017-01-09,2.5429509108691843,2.6535139430126904,2.5429509108691843,2.6358237266540527,916248000
2017-01-10,2.648846600607798,2.6827525085451662,2.5952848120104433,2.6159234046936035,880920000
2017-01-11,2.604375727690868,2.609289522138199,2.55892189890567,2.5837371349334717,525664000
2017-01-12,2.5608865661685067,2.5724342481114517,2.496759827811199,2.5414764881134033,625616000
2017-01-13,2.545408036234708,2.579805527622623,2.5321404893184205,2.541231393814087,457820000
2017-01-17,2.530665361319642,2.5355791527085034,2.4709613080533503,2.4842288494110107,580612000
2017-01-18,2.462854022076797,2.5363169923629165,2.435090425394463,2.52943754196167,654424000
2017-01-19,2.532386799674234,2.6156776189393804,2.530175580457246,2.5837371349334717,644872000
2017-01-20,2.6063406415777073,2.6240308604784963,2.533614810933331,2.5554816722869873,492024000
2017-01-23,2.5503215535791326,2.6019176631777796,2.5478645401902225,2.5820162296295166,369904000
2017-01-24,2.5920896045952624,2.6431943536601095,2.5773477599366825,2.637051820755005,428052000
2017-01-25,2.6793120595392805,2.6854545938119423,2.612482973711536,2.6483545303344727,522760000
2017-01-26,2.6510566167460743,2.7014242169402123,2.621573160606604,2.6940534114837646,458800000
2017-01-27,2.700933177066229,2.749089564687412,2.6743980868683974,2.746141195297241,471996000
2017-01-30,2.725257204859176,2.7274684234500004,2.651302873731205,2.7031445503234863,496004000
2017-01-31,2.6768549027404034,2.7038813467885467,2.658427536834174,2.6825058460235596,362756000
2017-02-01,2.7169039099491226,2.8038802408140517,2.6992139239274264,2.799703598022461,590004000
2017-02-02,2.78373292272414,2.8436827945949004,2.7532667480447266,2.835083246231079,483240000
2017-02-03,2.8365567348327905,2.847613059530586,2.7984739688257547,2.810267210006714,372744000
2017-02-06,2.8009311431123143,2.882747863702912,2.8009311431123143,2.882256507873535,506768000
2017-02-07,2.91640813427933,2.9709526134755375,2.8967524956535953,2.9269731044769287,746224000
2017-02-08,2.9090371424241126,2.931395353779773,2.8594064588999415,2.914196729660034,449580000
2017-02-09,2.920339771583535,2.925253799333136,2.8402431343632077,2.8594071865081787,842568000
2017-02-10,2.9466301383130773,2.9655486350118676,2.766535141116269,2.7915961742401123,1651092000
2017-02-13,2.7859440544600496,2.8004401074958505,2.6584279467649297,2.6628506183624268,1180724000
2017-02-14,2.6532681531761595,2.7063385680432464,2.6114998600572674,2.672678232192993,850632000
2017-02-15,2.6756268787262303,2.6977393000380108,2.647617483692082,2.678083658218384,373020000
2017-02-16,2.6876658419011523,2.688894348769158,2.596021291508716,2.635087013244629,647176000
2017-02-17,2.621573406001097,2.6390178268547433,2.574645526248158,2.6345951557159424,563740000
2017-02-21,2.659164713683124,2.73287347508703,2.6589189186189808,2.728942394256592,551952000
2017-02-22,2.740997152688993,2.750345401003291,2.705818168851619,2.7247607707977295,433772000
2017-02-23,2.595361932357602,2.6172563924874086,2.4521865728226797,2.4721128940582275,1592888000
2017-02-24,2.3879782029756456,2.5092590676893565,2.354275388339651,2.4959747791290283,1029904000
2017-02-27,2.5141797884062544,2.5835533349811732,2.498435382501932,2.568547010421753,715400000
2017-02-28,2.578140502477365,2.587980959057692,2.4792463068609387,2.496466636657715,625360000
2017-03-01,2.5532945965919693,2.5675630745056224,2.4873651163996096,2.5286941528320312,504804000
2017-03-02,2.5159020139332373,2.5299243875099204,2.4327519592113185,2.435457944869995,754332000
2017-03-03,2.424879900075746,2.4297998953837587,2.367068371592642,2.421435832977295,864692000
2017-03-06,2.3852721358852405,2.4133168744406275,2.34123712439807,2.402738571166992,883568000
2017-03-07,2.4027391736851964,2.448496229648575,2.3899468582881696,2.4290616512298584,603400000
2017-03-08,2.4772777154698327,2.4920381630308874,2.4224185408040695,2.4246325492858887,638712000
2017-03-09,2.40864263391315,2.4465273581106937,2.3960961929877334,2.4241409301757812,478060000
2017-03-10,2.4504649922689534,2.462273123988967,2.420206229506665,2.438410520553589,499740000
2017-03-13,2.4487418919439135,2.5154094423751507,2.44800381071738,2.5055692195892334,774136000
2017-03-14,2.5183617078253775,2.527709720704154,2.4716204703843276,2.503847360610962,522016000
2017-03-15,2.515409370077038,2.5336136526725763,2.467930056024989,2.522789478302002,615036000
2017-03-16,2.5333679845366004,2.554278488353498,2.519345613561585,2.553786277770996,523100000
2017-03-17,2.5712534552370663,2.6106145943346024,2.5537870128138374,2.609384536743164,1119688000
2017-03-20,2.62685012812746,2.69646976990313,2.6108596192288154,2.692533493041992,748568000
2017-03-21,2.6753135257334493,2.70508030386978,2.5975756835900263,2.605447769165039,913484000
2017-03-22,2.5943769281717475,2.663258717844418,2.5904408862328694,2.6585845947265625,616764000
2017-03-23,2.6507128047821245,2.670639358321993,2.6248823044614147,2.63447642326355,533940000
2017-03-24,2.6807251089111097,2.688597192658748,2.6179936057511357,2.6438241004943848,439500000
2017-03-27,2.5973298430900025,2.666949501440766,2.5481287167061453,2.663013458251953,506644000
2017-03-28,2.664243002135655,2.6787573492165864,2.6389044797197596,2.6492366790771484,432444000
2017-03-29,2.6566171847505906,2.6689175244648866,2.638412897814142,2.640626907348633,349992000
2017-03-30,2.6477604514204383,2.7060639436038483,2.6421023759033133,2.6913034915924072,525532000
2017-03-31,2.6817097597721022,2.7033583476353713,2.6667034349224865,2.679741621017456,440808000
2017-04-03,2.6802334992728953,2.6974538314549887,2.6425944045457865,2.6662111282348633,445232000
2017-04-04,2.543699671199006,2.5687923176445575,2.468421966471733,2.479246139526367,1271280000
2017-04-05,2.4605509660834834,2.518362502497302,2.447758648074507,2.460797071456909,747048000
2017-04-06,2.46596149585088,2.490808033461323,2.420942308061067,2.4787538051605225,635120000
2017-04-07,2.485151066423069,2.502617505550727,2.453170278908304,2.4681766033172607,429068000
2017-04-10,2.4689140268028047,2.475556053242162,2.4010164270806094,2.405198574066162,756332000
2017-04-11,2.3751864850574176,2.4329980116368706,2.3702664899114136,2.4138095378875732,618148000
2017-04-12,2.413808343061474,2.4280765799925756,2.388715699870162,2.3938817977905273,414092000
2017-04-13,2.3697745246909747,2.391422878807504,2.3491098880767822,2.3491098880767822,506892000
2017-04-17,2.3619020882337147,2.4413619653004024,2.3567359879856755,2.4411160945892334,497292000
2017-04-18,2.42684797404744,2.448742670257936,2.4010174690029116,2.4425923824310303,370116000
2017-04-19,2.4600593884200137,2.484167865321454,2.4455450342745833,2.4521872997283936,380828000
2017-04-20,2.466699969230436,2.4957286576960294,2.4455433640801894,2.4910545349121094,404016000
2017-04-21,2.480722486826468,2.504093104362313,2.4689143600263215,2.501387119293213,341896000
2017-04-24,2.532875598982098,2.545667911836018,2.5119653312191184,2.5326297283172607,371820000
2017-04-25,2.5471430762652383,2.5911780727872475,2.525740606339472,2.5766637325286865,388440000
2017-04-26,2.5901957551868167,2.5926556354701358,2.5569849079625815,2.558953046798706,327004000
2017-04-27,2.5663338451011852,2.607170684069444,2.5483754238648264,2.598806619644165,319700000
2017-04-28,2.591918046862452,2.5988061815607884,2.560183124647195,2.5658414363861084,348248000
2017-05-01,2.5766653995459357,2.6285727454194583,2.5695311600852895,2.623406410217285,307732000
2017-05-02,2.596591266982714,2.5978213241230095,2.523035351493277,2.545667886734009,629972000
2017-05-03,2.538779750574116,2.5742045984887425,2.5240195341318445,2.564610481262207,336904000
2017-05-04,2.5707609844770896,2.5818312660604823,2.5468983879355296,2.5547707080841064,209788000
2017-05-05,2.543207914979648,2.5621502781136383,2.5277093832606172,2.555016040802002,228428000
2017-05-08,2.566824871406738,2.5683007994263565,2.516885670296576,2.5282020568847656,365240000
2017-05-09,2.533859842803704,2.5813389238364275,2.5254955478217216,2.532383680343628,847672000
2017-05-10,2.811599766466896,2.9968421649137973,2.804957740546176,2.9838037490844727,2129096000
2017-05-11,2.953299892448665,3.208653959469508,2.9498558259892715,3.111973524093628,1939792000
2017-05-12,3.115171870746878,3.1882355858148634,3.0942613656837508,3.1461684703826904,962620000
2017-05-15,3.187251006687837,3.306563727037142,3.182822754318705,3.3041036128997803,1087540000
2017-05-16,3.3550268126075387,3.381103647531832,3.2807332881933133,3.365605115890503,1120700000
2017-05-17,3.2989387177487783,3.317635216639987,3.1378049367047187,3.1419870853424072,1271368000
2017-05-18,3.185775456842391,3.282455896465316,3.1255040565459296,3.273599624633789,1156032000
2017-05-19,3.3745683202543884,3.4038737188806705,3.329994428476225,3.349203109741211,1018372000
2017-05-22,3.392792284636819,3.4349034741420885,3.3819564728882208,3.4206202030181885,836608000
2017-05-23,3.440321006604809,3.442537347676648,3.342061261948861,3.374568223953247,681248000
2017-05-24,3.471350876427973,3.474059946987195,3.400426540218226,3.4124937057495117,815996000
2017-05-25,3.4477091123696786,3.4484479710604523,3.360038808092816,3.4048590660095215,608228000
2017-05-26,3.3967324227739026,3.577737071836149,3.376538751878215,3.4930219650268555,779140000
2017-05-30,3.5388264542797705,3.602609017813412,3.522819339707093,3.5676395893096924,989652000
2017-05-31,3.6124606598710454,3.6200949075400413,3.498193779091325,3.5548348426818848,887316000
2017-06-01,3.5705955153224203,3.571580738611516,3.50976813476719,3.5550808906555176,503340000
2017-06-02,3.552124747664303,3.5782288130501128,3.5314385869324734,3.537348985671997,487456000
2017-06-05,3.5210957621207415,3.6577726273235704,3.5095213282726676,3.6449668407440186,817376000
2017-06-06,3.640288124366664,3.686339734302007,3.615169277907878,3.628467559814453,758728000
2017-06-07,3.652847910980725,3.691018911034461,3.6373332873532505,3.672302722930908,612612000
2017-06-08,3.779181389644678,3.9402387167076354,3.738055193131496,3.9387612342834473,1161744000
2017-06-09,4.056968592955185,4.149564069233269,3.515431701147838,3.6841232776641846,3692928000
2017-06-12,3.592512937863152,3.7358390752595,3.499671093252213,3.693235158920288,1697532000
2017-06-13,3.802329573048199,3.8114415350197626,3.5868478070613516,3.728450298309326,1672504000
2017-06-14,3.73140604833155,3.7939572645243587,3.6570340337043596,3.7363312244415283,1184640000
2017-06-15,3.61910923781247,3.782629033417787,3.6077809332842055,3.7523386478424072,963824000
2017-06-16,3.761943358815148,3.8097188189460622,3.699884627493116,3.7338690757751465,924960000
2017-06-19,3.777949453417478,3.8794107462848753,3.7742556304991965,3.874239206314087,778176000
2017-06-20,3.916351028001462,3.9830887993768287,3.864389255296164,3.8685755729675293,1095444000
2017-06-21,3.8961572450890074,3.9308805473789987,3.8343446518377187,3.9271864891052246,682652000
2017-06-22,3.935312684859292,3.9486111988620407,3.8762091697967085,3.900096893310547,469132000
2017-06-23,3.907732255351695,3.923493244177839,3.7732714735532724,3.7882938385009766,1088588000
2017-06-26,3.8210462340968716,3.85650839374374,3.6528473989737518,3.746920585632324,1063960000
2017-06-27,3.729435991631379,3.738055226323667,3.6040871895566804,3.6097512245178223,999492000
2017-06-28,3.677228171735523,3.7417496075286203,3.589311500575937,3.7370705604553223,994948000
2017-06-29,3.7087495013575937,3.71170446597166,3.5481846811678057,3.612213611602783,1064424000
2017-06-30,3.6294517827276853,3.6429964262890584,3.5339011238461833,3.5600051879882812,731060000
2017-07-03,3.5720724995785407,3.5868482624597013,3.4127390279235383,3.431208848953247,709072000
2017-07-05,3.4944991131568592,3.551632661051754,3.475536796977167,3.522819757461548,820188000
2017-07-06,3.4937608734277066,3.580199828556754,3.441798860597108,3.533409357070923,746284000
2017-07-07,3.590049808801891,3.6324073556324783,3.5671470711354814,3.6141836643218994,654972000
2017-07-10,3.687571221301758,3.792479997873198,3.6614671507048624,3.7850921154022217,958492000
2017-07-11,3.7887857478005387,3.846411788246531,3.7469206937475423,3.838777542114258,757956000
2017-07-12,3.898373931530037,4.014118282752321,3.8555238851261895,4.00205135345459,1145208000
2017-07-13,4.014118233911097,4.095385643293909,3.9094558249090023,3.9557535648345947,1369132000
2017-07-14,3.9720067508002272,4.063617235487492,3.965111363227694,4.062139987945557,941948000
2017-07-17,4.096124522593807,4.124937662792359,3.983335137229177,4.044901371002197,930792000
2017-07-18,3.984073742137029,4.101542401794374,3.97225294333607,4.087012767791748,776640000
2017-07-19,4.096124912992245,4.122475349985745,4.0537675918855784,4.0658345222473145,687044000
2017-07-20,4.0862740421849155,4.125183663982333,4.036528609515007,4.124937534332275,699596000
2017-07-21,4.104497962034511,4.169265765479871,4.090214455601973,4.139713764190674,648332000
2017-07-24,4.146856513798631,4.156460739838933,4.081103709854206,4.091692924499512,652524000
2017-07-25,4.06878987861844,4.086274951638607,4.0284025305058,4.071991443634033,496556000
2017-07-26,4.129371175692267,4.184780891174555,4.084304544471581,4.119028091430664,640404000
2017-07-27,4.143899941228371,4.155474611015926,3.8801501737953497,3.983088970184326,782856000
2017-07-28,3.947380321870892,4.072729360478066,3.9225078406095464,4.048348903656006,513348000
2017-07-31,4.061893740624289,4.097848398858005,3.955507483306197,4.00205135345459,559672000
2017-08-01,3.9926932279115017,4.052535614606998,3.964865545792006,4.050811767578125,431384000
2017-08-02,4.081841324294483,4.085781277513314,3.9715146490450417,4.048348903656006,478444000
2017-08-03,4.047857168416192,4.103513007398751,4.030864826249129,4.099819183349609,442420000
2017-08-04,4.122474278668921,4.188227054368191,4.099818141346504,4.117795467376709,589096000
2017-08-07,4.146856691299808,4.2448698725345935,4.137251995135177,4.244377613067627,717412000
2017-08-08,4.282301416320592,4.298801029766987,4.154736252219313,4.193892478942871,755336000
2017-08-09,4.147839818293603,4.240928014512272,4.129123633258059,4.238465309143066,530784000
2017-08-10,4.239696441922096,4.252009968811545,4.046871260992244,4.0569682121276855,1328088000
2017-08-11,3.869806382252238,3.915611619411367,3.7656364869707755,3.840747117996216,1497196000
2017-08-14,3.9321129898582523,4.150796180397965,3.920538552553921,4.147102355957031,1279020000
2017-08-15,4.152272322117374,4.17837615242877,4.077900314121639,4.112131118774414,764532000
2017-08-16,4.127154224862567,4.150549224520308,4.034804874516045,4.067065238952637,596632000
2017-08-17,4.058693068263968,4.075684941084923,3.9742240846768198,3.976440191268921,525444000
2017-08-18,4.0306192672878804,4.047611611860987,3.9313742707063133,3.977179527282715,601204000
2017-08-21,4.001558907981509,4.012886978060727,3.8754712455131295,3.9193062782287598,623672000
2017-08-22,3.9557852433005176,4.012475928530424,3.9365596513816015,4.006560325622559,450456000
2017-08-23,3.973286154424343,4.097759235628306,3.9646588603591386,4.086667537689209,579520000
2017-08-24,4.118708955384752,4.123146009580043,4.045257796631876,4.071630954742432,469700000
2017-08-25,4.095787391581279,4.105893233617583,4.031208917191864,4.0376176834106445,357200000
2017-08-28,4.0565971129000955,4.069414176529954,4.001138619297182,4.06620979309082,389496000
2017-08-29,4.007544930893328,4.0812428840811945,3.9994108040892775,4.059552192687988,324096000
2017-08-30,4.079275043391392,4.0948038047070705,4.048957970612361,4.083712100982666,384400000
2017-08-31,4.103920107344961,4.180329300780093,4.096525957412655,4.176385879516602,612684000
2017-09-01,4.1889578257212285,4.237021694936312,4.180330531382972,4.201528072357178,445432000
2017-09-05,4.150259281382599,4.155189028900126,4.031455469045745,4.089378356933594,695364000
2017-09-06,4.122160858183123,4.135963775477058,4.052159946083931,4.086913585662842,397672000
2017-09-07,4.103675084137066,4.138182381950914,4.065717056541833,4.105893611907959,352868000
2017-09-08,4.094308108371186,4.109096880811328,4.01050428099938,4.034659385681152,498856000
2017-09-11,4.080257396270626,4.176138741938154,4.074834487871058,4.165539741516113,567444000
2017-09-12,4.190189957794529,4.190189957794529,4.115506107954333,4.180577278137207,411488000
2017-09-13,4.155436199304922,4.22814834416494,4.123147427953092,4.199310302734375,580960000
2017-09-14,4.160365620097038,4.25328944439174,4.13596416618348,4.175401210784912,513712000
2017-09-15,4.2606836546972495,4.439383029937744,4.255507560152269,4.439383029937744,1364792000
2017-09-18,4.563363153660662,4.712731317671001,4.556461694674351,4.622765064239502,1684460000
2017-09-19,4.572482878048468,4.679455956329136,4.550545830313191,4.617835521697998,874280000
2017-09-20,4.621532051339948,4.668856400388209,4.540439452354384,4.580615997314453,724920000
2017-09-21,4.477095951932818,4.503223248401384,4.377763802292685,4.4554057121276855,1075600000
2017-09-22,4.444065476757586,4.4936083539713785,4.4021635665339405,4.412022590637207,491232000
2017-09-25,4.381212525846245,4.382445197730314,4.194133176679744,4.214837551116943,874580000
2017-09-26,4.349169772947171,4.404135087542824,4.198815783307401,4.238499164581299,1125620000
2017-09-27,4.328712062666812,4.344733506207102,4.257971646840321,4.331423282623291,713720000
2017-09-28,4.3385706639466735,4.3425145553974716,4.28286584166587,4.330190658569336,435244000
2017-09-29,4.413994440079661,4.430015411810157,4.368888150606031,4.40635347366333,619092000
2017-10-02,4.456389374418309,4.485474224219115,4.362726529867753,4.412022590637207,503480000
2017-10-03,4.418184065285741,4.450966456967641,4.377021668559745,4.421142101287842,390332000
2017-10-04,4.427304884080673,4.480298494552268,4.390825410645643,4.458115100860596,427848000
2017-10-05,4.482517125076886,4.485967854391558,4.425825967601629,4.455650329589844,437364000
2017-10-06,4.4280440450528875,4.482023506757907,4.412022601951612,4.468713283538818,318800000
2017-10-09,4.505440868104126,4.602554950087487,4.486708197771023,4.569526195526123,563492000
2017-10-10,4.718399722418591,4.755865051096125,4.615616885018204,4.6567792892456055,974876000
2017-10-11,4.673293448992143,4.707801211423558,4.627448113519545,4.706322193145752,529508000
2017-10-12,4.709774072231793,4.759316965494428,4.681428722328736,4.7085418701171875,528292000
2017-10-13,4.770653416044017,4.806393377062807,4.723822229322731,4.796287536621094,628728000
2017-10-16,4.826113016925464,4.881571508960979,4.7630135562038705,4.878613471984863,576640000
2017-10-17,4.857908710522161,4.902521847004452,4.839669207739079,4.874176502227783,478596000
2017-10-18,4.883050891697038,4.883789930869529,4.764986093004536,4.8699870109558105,567316000
2017-10-19,4.792592087671353,4.880339358565424,4.743542357089443,4.875410079956055,570772000
2017-10-20,4.892415442013617,4.919528109046562,4.844351116105499,4.853224754333496,451620000
2017-10-23,4.8749156560253,4.901289287801833,4.8261122844662685,4.8463239669799805,428696000
2017-10-24,4.855444397096661,4.898825336694842,4.829563923242639,4.89709997177124,407244000
2017-10-25,4.857662495132704,4.910409763953196,4.7119918750405025,4.773365497589111,828160000
2017-10-26,4.800972184149839,4.834986319415834,4.777063421823301,4.823401927947998,322744000
2017-10-27,4.8754098717026375,4.975727856550621,4.849528927007057,4.9754815101623535,572192000
2017-10-30,4.975482402453677,5.079743828718711,4.959707298368314,5.024285793304443,504056000
2017-10-31,5.0560801277536385,5.124108859578023,5.050410870882183,5.097488880157471,411908000
2017-11-01,5.160094569907296,5.175376503929651,5.04301566130196,5.107100963592529,502576000
2017-11-02,5.077524054664331,5.122137190452961,5.019600693993222,5.076045036315918,342308000
2017-11-03,5.107103037063344,5.143828868865967,5.061257686509747,5.143828868865967,353640000
2017-11-06,5.107101880869919,5.175623779832591,5.094777980961805,5.166996955871582,389944000
2017-11-07,5.189673413754283,5.247596776474812,5.1775958604437,5.226152420043945,427700000
2017-11-08,5.221715080728075,5.2254126261958485,5.1080873694274995,5.155411720275879,522988000
2017-11-09,5.0595316338553,5.08565845446584,4.938755617342749,5.060763835906982,978564000
2017-11-10,5.25203312109238,5.389816419245245,5.216293155512763,5.327456474304199,1253256000
2017-11-13,5.327456576623527,5.352843884486151,5.225659588441793,5.240941524505615,582376000
2017-11-14,5.25006039061927,5.2944271749550404,5.206433115372637,5.279145240783691,529292000
2017-11-15,5.22418140678822,5.2254140789957155,5.121891709520981,5.175624370574951,501948000
2017-11-16,5.2495680618630285,5.279638769521863,5.206926639070606,5.215799808502197,441768000
2017-11-17,5.2727375737671665,5.307984377038409,5.194602999228636,5.2096381187438965,515664000
2017-11-20,5.225165886505949,5.288758498093586,5.188440068497015,5.276680946350098,396100000
2017-11-21,5.316365057631018,5.336823088519991,5.284568982552567,5.325238227844238,399176000
2017-11-22,5.352369793529708,5.352369793529708,5.26875426113043,5.301312446594238,356640000
2017-11-24,5.317592437010817,5.352370697085445,5.2931735585641,5.351383686065674,180752000
2017-11-27,5.3600158174172,5.361248875245773,5.278619887135503,5.281826496124268,422896000
2017-11-28,5.287006378794431,5.296379218174558,5.136301396260174,5.1972246170043945,512752000
2017-11-29,5.179960279305813,5.18267338366867,4.716745813201042,4.844758987426758,1396788000
2017-11-30,4.913328114727049,4.999163259213799,4.85043180242646,4.950572490692139,823768000
2017-12-01,4.916039395042334,4.936265115575482,4.747328790335551,4.875834941864014,811548000
2017-12-04,4.934291927410137,4.940458627359775,4.550746995472226,4.6040239334106445,1240844000
2017-12-05,4.498949670472915,4.753002373757933,4.454059030090378,4.630662441253662,981488000
2017-12-06,4.580345560606925,4.689859539097982,4.559133296120606,4.668154239654541,467032000
2017-12-07,4.734749345680823,4.775200786758396,4.689365203639137,4.735489368438721,542600000
2017-12-08,4.7853165772736945,4.804309253681932,4.714773963597796,4.723160266876221,466876000
2017-12-11,4.737217888978505,4.804307824798751,4.721432298463927,4.801347732543945,372748000
2017-12-12,4.757936014860618,4.781121360156989,4.683693324144435,4.707125186920166,455016000
2017-12-13,4.748070183575902,4.749303241559217,4.584785738024282,4.5921854972839355,554280000
2017-12-14,4.5857720652052345,4.67012762320997,4.5532138787023335,4.599338054656982,438164000
2017-12-15,4.643239716532574,4.74510736174695,4.578369901756307,4.724881649017334,670036000
2017-12-18,4.765335110151839,4.8842219233909265,4.7357370184166525,4.881262302398682,477704000
2017-12-19,4.871890206992257,4.8770698973589575,4.808746911657305,4.837111949920654,373100000
2017-12-20,4.876330987930178,4.885456842305982,4.798635144234003,4.854132175445557,288820000
2017-12-21,4.857584952613345,4.882496867856689,4.82330019565389,4.831686496734619,300904000
2017-12-22,4.794932691272047,4.8257643049522505,4.71723689307107,4.816391468048096,466276000
2017-12-26,4.761142941925168,4.877563193098827,4.731297856117916,4.869916915893555,355080000
2017-12-27,4.856597665426437,4.9323199401518965,4.842045134771584,4.863256931304932,329488000
2017-12-28,4.886935519573668,4.917767142670365,4.862763632447381,4.868929862976074,240248000
2017-12-29,4.895075553971699,4.895075553971699,4.772735595703125,4.772735595703125,279964000
2018-01-02,4.8289717966898795,4.9207271111997,4.7974006219009935,4.917026996612549,355616000
2018-01-03,5.034186893169818,5.270973980214777,5.025554077176567,5.240635395050049,914704000
2018-01-04,5.3217858543688354,5.378269421100774,5.246063099038484,5.268261909484863,583268000
2018-01-05,5.2830597559180745,5.350149201078348,5.206350484280392,5.3129048347473145,580124000
2018-01-08,5.436231649574199,5.5496917892252675,5.391340534578907,5.475696086883545,881216000
2018-01-09,5.481122714718078,5.520587155055783,5.392820994178467,5.474216461181641,497000000
2018-01-10,5.381969196102895,5.520588270746112,5.327705697285407,5.517135143280029,582664000
2018-01-11,5.549692747751451,5.581017879622063,5.50554164801738,5.527000904083252,406032000
2018-01-12,5.5151619022263745,5.549446658347346,5.459418358837358,5.499869346618652,359916000
2018-01-16,5.5262600999504325,5.611601724843823,5.344723494451286,5.429078578948975,702348000
2018-01-17,5.443630575604268,5.552651041138872,5.349902660839587,5.542785167694092,538408000
2018-01-18,5.523547156319014,5.590143580389749,5.492469013267313,5.535880088806152,408632000
2018-01-19,5.62590689433937,5.699902587922885,5.599021908382469,5.6757307052612305,609380000
2018-01-22,5.683624864195454,5.7657603578654495,5.626154764467906,5.764033794403076,550944000
2018-01-23,5.817311693254807,5.9154797795703535,5.798812997620069,5.892787933349609,475228000
2018-01-24,5.8959926508628095,5.931757445765686,5.760580217934518,5.81607723236084,579972000
2018-01-25,5.870342667315222,5.91350723528943,5.8148461049179785,5.829645156860352,409884000
2018-01-26,5.873301961690015,6.002054684040982,5.860475992962334,6.001808166503906,516356000
2018-01-29,5.987254096882132,6.119706900548548,5.934717177321568,6.08862829208374,455116000
2018-01-30,5.947051083034607,6.078023872790346,5.880454653575084,5.986762046813965,570832000
2018-01-31,6.061990289415672,6.1483189276848345,6.029432103138454,6.062730312347412,478576000
2018-02-01,5.883166696214036,6.089862201865626,5.871820775817728,5.932003974914551,519224000
2018-02-02,5.845676578607228,5.869601950904901,5.70187782729948,5.759840965270996,718464000
2018-02-05,5.599023602513741,5.7526882306683795,5.05638678386849,5.270975112915039,1165204000
2018-02-06,5.041586756070795,5.566957366578849,5.031720411614622,5.563997745513916,1114800000
2018-02-07,5.662658447930693,5.795604278287759,5.591622372278017,5.64341926574707,802932000
2018-02-08,5.7687209676278055,5.8017721938878655,5.364949716881092,5.365196704864502,1144000000
2018-02-09,5.876506858908696,5.89229244484088,5.365195292931244,5.7243218421936035,1674604000
2018-02-12,5.805223397028802,5.808183488222218,5.550431148244483,5.62442684173584,1093172000
2018-02-13,5.588170356666561,5.784012991390942,5.555858685964663,5.737888813018799,625524000
2018-02-14,5.697684279601359,5.983555198711346,5.686584876006259,5.9546966552734375,744988000
2018-02-15,6.037818090864681,6.126119805426468,5.957162652265348,6.079995632171631,698900000
2018-02-16,6.052864074029387,6.166324213744753,6.005259855390745,6.014386177062988,637656000
2018-02-20,6.03683247375609,6.21244938936461,6.033132358722428,6.1436333656311035,686240000
2018-02-21,6.208008474526043,6.21491472726364,5.953215734733468,5.956915378570557,892292000
2018-02-22,5.9907291074539275,6.062302685013316,5.911010689034174,5.976414203643799,534364000
2018-02-23,6.036142290374713,6.069707870483398,5.985547014095994,6.069707870483398,415300000
2018-02-26,6.115859449796671,6.120301875973909,6.023553770604395,6.08574914932251,469312000
2018-02-27,6.059093516110488,6.143254823898359,6.049961993267326,6.072915077209473,455436000
2018-02-28,6.083773609779952,6.123262569792871,5.96111097478095,5.972711086273193,523116000
2018-03-01,5.97049055395094,6.024294423214244,5.630144774605524,5.731088638305664,1040120000
2018-03-02,5.623726701513456,5.844371724315521,5.475396195597562,5.837954521179199,913428000
2018-03-05,5.787853976875706,5.855478937290603,5.6646975107328945,5.815989971160889,620776000
2018-03-06,5.901138538474955,5.99591234882591,5.858194295412294,5.976661205291748,636808000
2018-03-07,5.873990482066458,6.020840550102835,5.872756657541135,5.968764305114746,581208000
2018-03-08,5.996158361625562,5.996158361625562,5.90829510712101,5.9524736404418945,411912000
2018-03-09,5.999858682764769,6.067730294662885,5.9838166184539885,6.054896831512451,505524000
2018-03-12,6.096115851704075,6.244199256404852,6.087971010242875,6.164234161376953,605060000
2018-03-13,6.206930755721556,6.281219587830296,6.072421323424346,6.113637924194336,619772000
2018-03-14,6.156582578593625,6.183731420029194,6.076864161460417,6.139059543609619,505496000
2018-03-15,6.152633420557715,6.234819478970898,6.111910162003483,6.153867244720459,401952000
2018-03-16,6.170157666181403,6.201008454512309,6.13264300212399,6.182004451751709,399456000
2018-03-19,6.125238435700395,6.1541144427405,5.849309007901929,5.948031425476074,713772000
2018-03-20,5.950991338529074,6.198538036318587,5.950991338529074,6.159789562225342,554696000
2018-03-21,6.153373231955915,6.219517691114243,6.1042589350562935,6.134616374969482,438688000
2018-03-22,6.0714347105756685,6.117834224409769,5.9317423569067795,5.969009876251221,551196000
2018-03-23,5.9825845191133915,5.9850526385466,5.738740156358445,5.749846458435059,735620000
2018-03-26,5.873988239350757,6.0351526816287056,5.822159155652889,6.033918857574463,611424000
2018-03-27,6.114623867886442,6.170155360278043,5.4260347744670705,5.56597375869751,1409000000
2018-03-28,5.531670122241895,5.661490017910976,5.355697376563972,5.463057994842529,945904000
2018-03-29,5.531174636059601,5.812286936723993,5.4470138036293445,5.715785980224609,916628000
2018-04-02,5.64544600505391,5.791308393318002,5.368035658877873,5.455651760101318,922092000
2018-04-03,5.622246280923235,5.685181664595065,5.463056144156406,5.561778545379639,667432000
2018-04-04,5.306581299585368,5.594110820550993,5.281653908568248,5.583745002746582,789168000
2018-04-05,5.6419902571185485,5.6550708623099535,5.392469251442145,5.463796138763428,701240000
2018-04-06,5.3613725053149714,5.4692269132442615,5.258701006467194,5.2878241539001465,662988000
2018-04-09,5.3507614298033435,5.4783603542345265,5.296463734707514,5.316455364227295,499524000
2018-04-10,5.546230591759072,5.6518635522267235,5.489218120557853,5.624961853027344,761676000
2018-04-11,5.610153359377357,5.651369959907921,5.551166583719694,5.583745002746582,460244000
2018-04-12,5.676544635374441,5.807845479172479,5.6323660988398725,5.790075302124023,593920000
2018-04-13,5.853504372510021,5.86189588403577,5.665438199778203,5.713565349578857,503036000
2018-04-16,5.720228415903643,5.746636771032403,5.619284562649923,5.71331787109375,350792000
2018-04-17,5.765395109678466,5.883862016405811,5.70986360004201,5.862636566162109,447224000
2018-04-18,5.812288139933234,5.904840501847748,5.744910314204756,5.8337602615356445,391364000
2018-04-19,5.719734139343891,5.7530530365769,5.597565320235047,5.6528496742248535,471996000
2018-04-20,5.64421243710298,5.728373276907721,5.613608794921182,5.6447062492370605,386200000
2018-04-23,5.662476910211806,5.713565522288762,5.4995847963876985,5.52549934387207,427508000
2018-04-24,5.551167715232185,5.646928214098621,5.394198979811333,5.45935583114624,414596000
2018-04-25,5.429736089366668,5.4687317002254945,5.1903342585311325,5.3473029136657715,588492000
2018-04-26,5.508715603710221,5.566715224983749,5.4428182838610635,5.558570384979248,375824000
2018-04-27,5.6642045119618345,5.683948996221032,5.543762828458782,5.58596658706665,400848000
2018-04-30,5.602253984691383,5.65186208536608,5.531420911599946,5.550671577453613,327844000
2018-05-01,5.5425283074189835,5.608672297835369,5.484034874135928,5.605957508087158,253788000
2018-05-02,5.602502754213488,5.6469274892657895,5.559311372689677,5.58547306060791,268248000
2018-05-03,5.617312428771462,5.7765026331441955,5.57214672861668,5.750340938568115,443144000
2018-05-04,5.721709021760126,5.903358423765307,5.704432660821404,5.900149822235107,400660000
2018-05-07,6.0045490806614294,6.194589996888159,5.994676605184203,6.137577533721924,687616000
2018-05-08,6.137824691360849,6.18274370515324,6.088957063660716,6.180028915405273,506616000
2018-05-09,6.2000211846200886,6.3150328234467255,6.172872340759179,6.312811374664307,596760000
2018-05-10,6.365628803674077,6.429304693562391,6.34785862367767,6.420173168182373,994080000
2018-05-11,6.238768626377314,6.411779867810766,6.1834842650152755,6.281959533691406,1214456000
2018-05-14,6.319967484089346,6.379694737368533,6.278750887137057,6.302443981170654,523140000
2018-05-15,6.239016335939232,6.241731596918744,5.960372092830068,6.060575485229492,963528000
2018-05-16,6.022073855403854,6.13363022440499,5.985299673876456,6.071681976318359,553828000
2018-05-17,6.073408476923989,6.20717742641007,6.057365938004435,6.113637924194336,519784000
2018-05-18,6.165467725314809,6.228649788472439,6.065017203183081,6.069953441619873,483716000
2018-05-21,6.167194086060734,6.170896028749809,5.935442776367162,6.0279951095581055,640624000
2018-05-22,6.041323595806813,6.066497656515398,5.929520111309346,5.989987850189209,518264000
2018-05-23,5.933927641549898,6.1144547961253295,5.9331867008859875,6.113219738006592,442956000
2018-05-24,6.109515344681005,6.159154128524659,6.056419151854673,6.116923809051514,437372000
2018-05-25,6.129520311527187,6.172491110798442,6.09395844942009,6.156191825866699,292112000
2018-05-29,6.138163332343845,6.207065170517283,6.09247606783913,6.139151096343994,352684000
2018-05-30,6.172738449513654,6.256457226198308,6.148042463158842,6.247813701629639,390996000
2018-05-31,6.21595549753954,6.302391206269901,6.205336445776241,6.22805643081665,493868000
2018-06-01,6.27275736991768,6.368330741855272,6.264113844165808,6.362156391143799,421968000
2018-06-04,6.396234500090947,6.5626847221053835,6.36413005494326,6.540705680847168,642024000
2018-06-05,6.543917371439187,6.5836780559166925,6.4992178664673546,6.546140193939209,391712000
2018-06-06,6.456247074462109,6.551326316888527,6.43994778921863,6.5481157302856445,371356000
2018-06-07,6.544410560007406,6.556264669584595,6.402409010385018,6.492549419403076,369448000
2018-06-08,6.419942209006076,6.519713416624523,6.401173284021823,6.477236747741699,360456000
2018-06-11,6.464643753775056,6.506132672057842,6.423401658757259,6.436243534088135,265372000
2018-06-12,6.462667752286715,6.496747730793107,6.412534841996411,6.484646797180176,319160000
2018-06-13,6.486129253737014,6.560957684380621,6.471064555678711,6.4802021980285645,338208000
2018-06-14,6.525147249086228,6.648132562242383,6.5103293782680725,6.591578960418701,430016000
2018-06-15,6.534531083549756,6.605655260236894,6.50366122664477,6.550830364227295,432260000
2018-06-18,6.506872565569409,6.564167113288093,6.479707408653355,6.546633243560791,356268000
2018-06-19,6.443652003935613,6.510825143954485,6.2979466722976305,6.425130367279053,594932000
2018-06-20,6.466125548958562,6.5308285712775636,6.4278467467428735,6.47797966003418,369780000
2018-06-21,6.5098361362595965,6.528110946159926,6.341904024848245,6.349559783935547,359516000
2018-06-22,6.370304401232539,6.383640391929357,6.182121947314975,6.197432994842529,434160000
2018-06-25,6.091240680979333,6.094944913252802,5.816869364654443,5.905280590057373,665816000
2018-06-26,6.0183884672763535,6.066545376346424,5.924790646805313,5.976158142089844,478884000
2018-06-27,6.019624146145529,6.085809055214943,5.815882832784347,5.821316242218018,453892000
2018-06-28,5.8114372247181025,5.960106789022831,5.803781464255762,5.9482526779174805,338012000
2018-06-29,6.013203714633707,6.025798297033873,5.849222609771522,5.850457668304443,392300000
2018-07-02,5.781060146680569,5.986035985006223,5.760562515744338,5.9823317527771,357572000
2018-07-03,6.016905854307813,6.022832908507527,5.8405770516988,5.848973751068115,222732000
2018-07-05,5.904047108374707,5.999373177360567,5.8652746576449575,5.994434356689453,306216000
2018-07-06,5.9699831794953875,6.116429879101677,5.948744609142101,6.108033180236816,296352000
2018-07-09,6.182121848214617,6.191753135209769,6.076917218855485,6.155449867248535,303880000
2018-07-10,6.1677995454859555,6.276214315335852,6.12754521237883,6.25423526763916,360016000
2018-07-11,6.161625198114032,6.196199295933689,6.102354643227826,6.112974166870117,367508000
2018-07-12,6.158166230815989,6.252257211947357,6.148287650487848,6.204347133636475,345508000
2018-07-13,6.222870128482694,6.222870128482694,6.115195848443232,6.15717887878418,246988000
2018-07-16,6.129519462585449,6.182368837422584,6.117171706725446,6.129519462585449,197036000
2018-07-17,6.080374950814118,6.280164698186903,6.054938026672778,6.265100002288818,362136000
2018-07-18,6.257693384328493,6.27152302606882,6.165083772500083,6.215957164764404,277640000
2018-07-19,6.197187495628709,6.257692642102961,6.182123268106984,6.2241058349609375,235752000
2018-07-20,6.221636165334273,6.260408613393579,6.185086068664709,6.195952415466309,222352000
2018-07-23,6.169527776530568,6.171256481420087,6.008016338916703,6.159402370452881,301584000
2018-07-24,6.207312253221584,6.293747965843255,6.124580773514485,6.142115116119385,354620000
2018-07-25,6.151499736925843,6.232749337111001,6.093711064188622,6.220154285430908,319112000
2018-07-26,6.2001503662000355,6.330297340985421,6.183356965047485,6.2935004234313965,325124000
2018-07-27,6.330052217882627,6.336967038793999,6.17002263057959,6.223859786987305,295420000
2018-07-30,6.237935809244623,6.243862865019842,5.994186994719472,6.029008388519287,340340000
2018-07-31,6.01863642609009,6.121618259325417,5.979863974075255,6.047036647796631,283988000
2018-08-01,6.078400529764167,6.133472267190155,6.023081498023042,6.086796760559082,283556000
2018-08-02,6.015671956914451,6.193235380850384,5.956895992061863,6.189284324645996,269668000
2018-08-03,6.213732007171925,6.24954115667295,6.196939078955605,6.225832939147949,214288000
2018-08-06,6.213238787007001,6.276954037180822,6.166810583699202,6.273496627807617,207508000
2018-08-07,6.322147785866375,6.364130816722767,6.295476274280007,6.345608711242676,258132000
2018-08-08,6.346844012338107,6.426858550158742,6.312022622276411,6.381911754608154,262100000
2018-08-09,6.399691950486458,6.40240841888095,6.325851302236531,6.333507061004639,204280000
2018-08-10,6.2517642675789,6.324617157051541,6.240651098980135,6.29226541519165,256396000
2018-08-13,6.300909046836272,6.4456270643349765,6.299180342158649,6.325110912322998,375208000
2018-08-14,6.430316754671381,6.4703242640459075,6.347338443504889,6.456247329711914,466220000
2018-08-15,6.476990475627023,6.510824098989789,6.319677881261507,6.3982110023498535,591136000
2018-08-16,6.467853815635219,6.470323461195038,6.297698863546447,6.357709884643555,801260000
2018-08-17,6.24657837589318,6.247319316631019,6.01912888188141,6.046047687530518,1143188000
2018-08-20,6.005546564285344,6.252999104098668,5.895402637841754,6.12062931060791,854388000
2018-08-21,6.136928575750965,6.26040802205969,6.117171883183038,6.25596284866333,673988000
2018-08-22,6.22336509341703,6.495513651438657,6.219907683542983,6.490574359893799,749856000
2018-08-23,6.452049105658532,6.655049477901807,6.4382194653650915,6.589852333068848,720684000
2018-08-24,6.598248160623286,6.737285957048397,6.593802986980405,6.722715377807617,531512000
2018-08-27,6.752350641222818,6.887684213973202,6.720987129308817,6.813596725463867,505776000
2018-08-28,6.8076699582501785,6.830390417538581,6.656283917196165,6.776059150695801,475384000
2018-08-29,6.768398346735638,6.906276927029086,6.747642542911635,6.881320476531982,420108000
2018-08-30,6.850186574674709,6.961132100361953,6.827701119628795,6.864518165588379,346608000
2018-08-31,6.844502803952818,6.948282284843679,6.834618819442107,6.935433387756348,306592000
2018-09-04,6.922338715376303,7.047615374091476,6.893922960058998,7.01005744934082,391720000
2018-09-05,6.992512643685579,7.027846996897987,6.798790861002018,6.8795905113220215,393156000
2018-09-06,6.863281447613574,6.865752443712961,6.705882813566607,6.738746166229248,322796000
2018-09-07,6.646827226850209,6.842773021466372,6.602103281781058,6.717496395111084,295420000
2018-09-10,6.739981890261761,6.818063575972018,6.696246249083393,6.788412094116211,220140000
2018-09-11,6.742207738396584,6.829679050353501,6.7214519297209385,6.740725517272949,243112000
2018-09-12,6.700940977831211,6.720461517566138,6.4718848654366425,6.6270599365234375,419092000
2018-09-13,6.69278742429834,6.795084219203515,6.6754909216929175,6.704648017883301,305536000
2018-09-14,6.7948363284790885,6.8963917634365055,6.7580192902882485,6.830417633056641,386936000
2018-09-17,6.8049698526357085,6.853894459553764,6.7493736012982675,6.768646717071533,205528000
2018-09-18,6.77259875164951,6.875142504579018,6.690069455793789,6.696740627288818,299520000
2018-09-19,6.678209840706,6.738253692019162,6.628296934180421,6.720462799072266,224860000
2018-09-20,6.5986460418229385,6.640899004004836,6.525753284236876,6.579619884490967,430584000
2018-09-21,6.59147966883762,6.636944968454805,6.476580921521153,6.50969123840332,435128000
2018-09-24,6.478803653530786,6.568745936813636,6.391826754239927,6.565286636352539,293912000
2018-09-25,6.631262481340725,6.657207241476392,6.545767780747616,6.632250785827637,280388000
2018-09-26,6.637191797965088,6.6774681454405584,6.579618946290532,6.595432758331299,268548000
2018-09-27,6.630518972690883,6.65176916175962,6.5759115150664655,6.607292175292969,214428000
2018-09-28,6.7389946913903485,6.966073755699648,6.711072855092552,6.943835258483887,709396000
2018-10-01,7.021422892901421,7.216626899443846,6.982876196623898,7.149911880493164,622060000
2018-10-02,7.122484349927857,7.233923319338518,7.0565102065126695,7.07874870300293,383964000
2018-10-03,7.1489231934250075,7.156336182864405,6.981146632707836,7.084926128387451,320552000
2018-10-04,7.048849363688571,7.073064465721814,6.824240860442195,6.901087284088135,391220000
2018-10-05,6.876377774241846,6.93839822106676,6.610751584730088,6.66807746887207,426636000
2018-10-08,6.585054928878049,6.7002006335047914,6.426420533715067,6.567017078399658,408612000
2018-10-09,6.546508154164182,6.640898052408182,6.493630337263265,6.561334133148193,273500000
2018-10-10,6.455577424705536,6.501290152029572,6.06862824147266,6.070852279663086,684940000
2018-10-11,5.9838745927855195,6.1170586080207165,5.788423638256717,5.809920787811279,725436000
2018-10-12,6.066403256627934,6.165982080815734,5.921606103492449,6.091853618621826,608236000
2018-10-15,6.07851358673675,6.07851358673675,5.815111339166399,5.816099643707275,449760000
2018-10-16,5.928524842099572,6.08542954875887,5.879353295646235,6.074310302734375,408712000
2018-10-17,6.136331638373234,6.174384415634932,5.956941455350333,6.005866050720215,329668000
2018-10-18,6.075053844528361,6.113353117005261,5.858352183471174,5.918642997741699,524020000
2018-10-19,5.973745000606559,5.993265073204709,5.626330784670169,5.66265344619751,613608000
2018-10-22,5.714789595901414,5.814615397268397,5.61076314788748,5.713306903839111,368844000
2018-10-23,5.446692445200162,5.539600117668825,5.354773548313665,5.462259769439697,626436000
2018-10-24,5.423960399044169,5.470414002768898,4.913464203307828,4.927301406860352,884288000
2018-10-25,4.829945482552465,5.182795505816304,4.785715455981453,5.135600566864014,951720000
2018-10-26,4.900120171490404,5.061472497382579,4.771878628562228,4.8996262550354,664784000
2018-10-29,5.040469938771781,5.043929239272605,4.3491009273157415,4.5865583419799805,758016000
2018-10-30,4.609538637436392,5.025891886240145,4.586558794146445,5.016007900238037,807192000
2018-10-31,5.180325571282585,5.252971359393127,5.040964292333446,5.209482669830322,745772000
2018-11-01,5.245805181764511,5.398756701387198,5.119540234767627,5.38936710357666,566528000
2018-11-02,5.379978906192128,5.485488076428322,5.194163981511518,5.310545444488525,452960000
2018-11-05,5.297447335171757,5.320674605344344,5.072344905509968,5.232708930969238,379332000
2018-11-06,5.224801692967457,5.308813673785275,5.178100668658767,5.215165138244629,299012000
2018-11-07,5.281634986514557,5.3720712108376105,5.218131827199866,5.282623291015625,483812000
2018-11-08,5.223566509948047,5.224307855973232,5.036516377365908,5.089889049530029,511352000
2018-11-09,5.001182011826007,5.172170903514571,4.967577310306825,5.081981658935547,413240000
2018-11-12,4.990805014573588,5.012796555833674,4.661675598302019,4.683420181274414,617116000
2018-11-13,4.781022019519366,5.045906439734066,4.7748442925051275,4.924830436706543,644712000
2018-11-14,5.097548498019646,5.111880088075978,4.764713354751783,4.872446060180664,526580000
2018-11-15,4.866515335628465,5.072839031740589,4.830686599283498,5.000934600830078,840708000
2018-11-16,4.035539848212435,4.216906680104168,3.9932864149906986,4.062967300415039,1963520000
2018-11-19,3.9977339655585413,3.9984748403469115,3.5737205315327403,3.5754501819610596,1697820000
2018-11-20,3.3125412022072545,3.8116708096359573,3.294009204907279,3.683676242828369,1692032000
2018-11-21,3.8205671248087554,3.837369476002701,3.548516691992622,3.5756969451904297,1025496000
2018-11-23,3.54110405076815,3.696278904893853,3.528255151980657,3.5828628540039062,411968000
2018-11-26,3.703691870649483,3.79215146946641,3.621409527282587,3.781773567199707,814832000
2018-11-27,3.755828535667613,3.8796227224228974,3.7200000302761524,3.7985758781433105,738060000
2018-11-28,3.915945058544031,3.96042204772829,3.783749824743226,3.955233097076416,804524000
2018-11-29,3.9574594349031225,3.994560522752154,3.8619858052927607,3.8921613693237305,549172000
2018-11-30,3.9018082849210147,4.052933809984979,3.8515979921217385,4.042298316955566,729564000
2018-12-03,4.269109039647563,4.3205560529829405,4.139007330833629,4.205789566040039,890804000
2018-12-04,4.161268247019662,4.166215184297463,3.870889727888633,3.8859777450561523,812112000
2018-12-06,3.7457351670932777,3.9201106952041593,3.7301527393398577,3.915163993835449,692308000
2018-12-07,3.9193690831005537,3.9295101641674255,3.6017830797258505,3.651003837585449,681676000
2018-12-10,3.606235013243494,3.780857997862722,3.602524809979828,3.7561237812042236,629472000
2018-12-11,3.847640086361001,3.8558023450063783,3.5864478097089307,3.6653497219085693,671912000
2018-12-12,3.6710379820779226,3.778878709960328,3.5819952376689588,3.682910442352295,654136000
2018-12-13,3.7296576806140096,3.793719001292496,3.646798377869363,3.6826627254486084,471384000
2018-12-14,3.6411100571739334,3.7247114637579677,3.5988148252338936,3.622312307357788,471820000
2018-12-17,3.592384297015108,3.664360454269048,3.4934476571239874,3.551325559616089,662868000
2018-12-18,3.59510495972883,3.718280935640844,3.567897507686149,3.634432315826416,564372000
2018-12-19,3.600793542984009,3.6542193866108357,3.374476326159526,3.4259233474731445,745364000
2018-12-20,3.417513707699646,3.5072985491377735,3.281970637111503,3.3415799140930176,749588000
2018-12-21,3.368045045634862,3.400941517873868,3.177345002077389,3.2047998905181885,863740000
2018-12-24,3.128619182437066,3.214941263911748,3.0793981901919487,3.14321231842041,463840000
2018-12-26,3.1892178314133335,3.293101166837844,3.078408971744919,3.292111873626709,695100000
2018-12-27,3.239922696804846,3.274303111942917,3.0962173641050477,3.2443747520446777,637044000
2018-12-28,3.264904030953203,3.398221073910107,3.2231034462481607,3.305715322494507,628728000
2018-12-31,3.349000501334056,3.3814020973837278,3.2713353170839845,3.3020057678222656,465140000
2019-01-02,3.2312661611270252,3.425181565714648,3.2166730234265524,3.3692824840545654,508752000
2019-01-03,3.309178113220349,3.343063881144149,3.158300053822009,3.165720224380493,705552000
2019-01-04,3.23868531328507,3.4066299466717007,3.208015107582364,3.368539571762085,585620000
2019-01-07,3.425676183098107,3.5837272164281666,3.374476366534186,3.5468733310699463,709160000
2019-01-08,3.6282481901467687,3.630474453555184,3.3861011187874763,3.4585721492767334,786016000
2019-01-09,3.509771901302659,3.573833471465944,3.4593144099664945,3.5265913009643555,617260000
2019-01-10,3.507299179220437,3.600794004762269,3.4469478035821823,3.592137098312378,523156000
2019-01-11,3.569875090507365,3.7039341982501632,3.542172999617556,3.6811788082122803,874764000
2019-01-14,3.62899051315197,3.746230250626292,3.605493030231585,3.721001386642456,730168000
2019-01-15,3.7536509918768877,3.7929783515889905,3.688600353548841,3.7069036960601807,617012000
2019-01-16,3.7341100345948863,3.7670062699675806,3.6759849389447896,3.6814262866973877,470104000
2019-01-17,3.648529989064555,3.792482506736649,3.621322307234073,3.7526605129241943,493436000
2019-01-18,3.8023766394178167,3.907496705882418,3.7509296199826263,3.881525754928589,651336000
2019-01-22,3.8513502383184717,3.8629752589078197,3.6495198025286726,3.6796953678131104,661552000
2019-01-23,3.7348530468309113,3.8234011671041355,3.661392711040588,3.6925575733184814,591020000
2019-01-24,3.7769005278220016,3.9215949145072884,3.772201031450973,3.904033899307251,708972000
2019-01-25,3.8446716052502636,3.979225139482128,3.7422724559398466,3.9611692428588867,1154572000
2019-01-28,3.377444067456263,3.5033406966245266,3.240169859925918,3.413555860519409,2511528000
2019-01-29,3.3675513408905506,3.4157830490334176,3.2404179429634667,3.2550110816955566,1153932000
2019-01-30,3.3309441284015135,3.412566710091489,3.2515475742334536,3.398221015930176,974228000
2019-01-31,3.395005121130026,3.5911467388723395,3.37323902288696,3.5555295944213867,842852000
2019-02-01,3.5740803453368715,3.6307215036138554,3.5265909738818233,3.5797691345214844,625048000
2019-02-04,3.5955993656813554,3.72693759200291,3.573586058614457,3.6898365020751953,528592000
2019-02-05,3.7017088892498964,3.7454882999285384,3.668070559961658,3.7088818550109863,542424000
2019-02-06,3.7420248909658316,3.8486291221777678,3.7365835431549708,3.78432035446167,702464000
2019-02-07,3.738068038238784,3.740294065936095,3.603514488462521,3.6463043689727783,637120000
2019-02-08,3.5792745411478237,3.6754902556945326,3.5649288473641456,3.6648547649383545,461604000
2019-02-11,3.6208281317062947,3.674995825326401,3.5740806086947448,3.622312307357788,495180000
2019-02-12,3.6606507386046925,3.7546404468256993,3.6463048057117597,3.739057779312134,591060000
2019-02-13,3.768491240706484,3.854318683296899,3.7548873966883165,3.781352996826172,605372000
2019-02-14,3.7803637076114875,3.850361278446487,3.737326147698302,3.822164297103882,827264000
2019-02-15,4.030424790642507,4.0531799465823735,3.8689110205307045,3.8916664123535156,1516748000
2019-02-19,3.8810305343986,3.954738290641775,3.8619853461631073,3.874352216720581,551892000
2019-02-20,3.903538486120398,3.9886238199317057,3.8924083497895876,3.9215943813323975,540988000
2019-02-21,3.93420911878508,3.958695655777153,3.8382406134468496,3.8528337478637695,448548000
2019-02-22,3.904528185631433,3.956222405060103,3.8909243443573844,3.937424421310425,401740000
2019-02-25,4.020779204193187,4.088055860925728,3.9164009851696213,3.925058126449585,656020000
2019-02-26,3.920358360077931,3.9762574332662384,3.852339384284789,3.885730504989624,488464000
2019-02-27,3.8713846565324657,3.897850016459146,3.7870411676496665,3.8439297676086426,500256000
2019-02-28,3.8377401565705016,3.8600238468726964,3.797134499315095,3.819417953491211,324944000
2019-03-01,3.8691843733080757,3.91573237396247,3.810999372490083,3.8736412525177,357188000
2019-03-04,3.9120185178973528,3.9347973615143252,3.8253597864383737,3.8818118572235107,409992000
2019-03-05,3.866213812451286,3.913504673162684,3.8119902897875693,3.8753750324249268,362924000
2019-03-06,3.866460804939046,3.8748789345805448,3.7619752660135357,3.7646987438201904,403524000
2019-03-07,3.741177514158119,3.7508338899849236,3.6495669725600584,3.695619821548462,450104000
2019-03-08,3.606485389159032,3.740434992228738,3.585192011452044,3.729788303375244,422416000
2019-03-11,3.753310371225273,4.012543303389181,3.7062669675473696,3.98976469039917,859728000
2019-03-12,4.017494239799668,4.070232046156073,3.941482198135124,4.023931980133057,579576000
2019-03-13,4.061318860643894,4.20418172942845,4.053890807518709,4.1749653816223145,768900000
2019-03-14,4.184126771489781,4.196011468076578,4.091525688857443,4.099201202392578,519384000
2019-03-15,4.142283138474759,4.247016384503142,4.138816807769409,4.204430103302002,661484000
2019-03-18,4.235874755889158,4.289603356815503,4.156148673346275,4.183136940002441,486992000
2019-03-19,4.277470670939343,4.394831471395088,4.260634409266724,4.35051155090332,854972000
2019-03-20,4.3794792829241125,4.4327124765415435,4.2834118854468475,4.318075656890869,719148000
2019-03-21,4.341102415255136,4.580527596465815,4.336150380188734,4.554282188415527,824312000
2019-03-22,4.52704859076756,4.57557722980771,4.380966808806783,4.394832134246826,747644000
2019-03-25,4.354226799557572,4.41835393455882,4.236618512354495,4.302726745605469,525212000
2019-03-26,4.444103339017081,4.500060029751345,4.3230287371521126,4.379233360290527,703508000
2019-03-27,4.404734708346293,4.451034773354926,4.300744330698513,4.370070934295654,474372000
2019-03-28,4.396069416485582,4.454254662605151,4.335656084598918,4.388641834259033,480264000
2019-03-29,4.4552447468224665,4.470100855017658,4.404982950293312,4.445836067199707,456896000
2019-04-01,4.537446476833416,4.543388825178386,4.465891308838393,4.513182163238525,483824000
2019-04-02,4.53719852359258,4.575328155097509,4.494364317043656,4.531008243560791,440920000
2019-04-03,4.580527299193457,4.729085035779866,4.575575264448437,4.670156955718994,783504000
2019-04-04,4.654808080315493,4.703584653343044,4.5986039239933945,4.661245822906494,457376000
2019-04-05,4.704325641109393,4.745179222042119,4.66792917508908,4.727847099304199,481744000
2019-04-08,4.697392265379249,4.773651988152753,4.673375418435216,4.748644828796387,424192000
2019-04-09,4.715220510599144,4.726362354526328,4.64391280391559,4.686004161834717,439972000
2019-04-10,4.685262590126222,4.782072409229535,4.680805945787416,4.756322383880615,444772000
2019-04-11,4.7587982565709135,4.790243170654756,4.693185422101398,4.742456912994385,374600000
2019-04-12,4.7810813189665256,4.78504304231926,4.69590828102607,4.704574108123779,471708000
2019-04-15,4.696899617196402,4.701851654403267,4.533486167387928,4.57310152053833,440092000
2019-04-16,4.612222161967368,4.6788253180793395,4.5795394705271715,4.660007953643799,394964000
2019-04-17,4.6949178621396275,4.715715846704068,4.614944322265305,4.637228012084961,351004000
2019-04-18,4.643913169936649,4.67783362459838,4.5849850753044725,4.612715721130371,380988000
2019-04-22,4.5891951787742755,4.682043746684063,4.557750735792783,4.666445255279541,279936000
2019-04-23,4.679566336092608,4.752112286478688,4.669910197465085,4.720914840698242,346856000
2019-04-24,4.7313148195504775,4.77390157804458,4.670654025026676,4.733295917510986,318204000
2019-04-25,4.69318538879586,4.7154690819013725,4.548341855862243,4.627820014953613,499296000
2019-04-26,4.474310019505192,4.478767135766609,4.290841456651692,4.409440040588379,868988000
2019-04-29,4.41736259516939,4.467872324386639,4.3453120284149875,4.440141677856445,391920000
2019-04-30,4.407953864018122,4.506992223506752,4.388889044751232,4.481490135192871,362920000
2019-05-01,4.533732939797751,4.575824300781846,4.468119644225633,4.468367576599121,354280000
2019-05-02,4.478023351332537,4.577309160901699,4.434941681120272,4.535713195800781,394684000
2019-05-03,4.5441331196892465,4.55403672190538,4.469853977933064,4.5312581062316895,336824000
2019-05-06,4.345312561647405,4.465149394147996,4.308173230879485,4.453017234802246,422176000
2019-05-07,4.404737151190398,4.404737151190398,4.238104805556015,4.286138534545898,555220000
2019-05-08,4.258653604290829,4.386165459503043,4.246768906991969,4.306191921234131,419168000
2019-05-09,4.237360513333889,4.247016653445677,4.095240473162634,4.213838577270508,660248000
2019-05-10,4.183137160102314,4.248502530035827,4.0605768553508845,4.17991828918457,569500000
2019-05-13,4.048197112847471,4.071223656609961,3.9073148442360175,3.923161029815674,656912000
2019-05-14,3.9627753423697984,4.047205985847041,3.924150553189404,4.012047290802002,524880000
2019-05-15,3.9565864067558403,3.987535925842952,3.8974110830490076,3.951139450073242,502320000
2019-05-16,3.9456920247122484,4.008829068263898,3.903353202214998,3.9662423133850098,781088000
2019-05-17,3.9243988357806634,4.053396399499504,3.8362546249082308,3.875622272491455,1022068000
2019-05-20,3.7770789611764095,3.8320453318194754,3.7325115825736925,3.7572712898254395,572064000
2019-05-21,3.8179319155574447,3.8550712364442585,3.779306889604574,3.8392250537872314,361848000
2019-05-22,3.800600831718363,3.826598312997593,3.7575189202575143,3.7684133052825928,325868000
2019-05-23,3.7062662664840973,3.7062662664840973,3.5879153992055115,3.6475861072540283,591844000
2019-05-24,3.6664025172866244,3.701561208427773,3.587171850251032,3.5938570499420166,357584000
2019-05-28,3.6114373482718416,3.644120030658878,3.5468146000057823,3.548795461654663,428356000
2019-05-29,3.501256504505184,3.5361675046529855,3.440100330190307,3.474763870239258,559800000
2019-05-30,3.477986413949264,3.5136809634789703,3.410067601899992,3.4482409954071045,394300000
2019-05-31,3.399409121089743,3.4665842397642948,3.356030292484083,3.3577654361724854,389720000
2019-06-03,3.3689200673298636,3.407589187225042,3.2868723543429175,3.316122055053711,478644000
2019-06-04,3.380074213399917,3.549871243975112,3.358013069291645,3.544665813446045,641836000
2019-06-05,3.618285450031253,3.6237388590230597,3.4658401047548018,3.502030372619629,511616000
2019-06-06,3.5062449089870698,3.588540596250872,3.5037660648392492,3.5640006065368652,408140000
2019-06-07,3.5699491051075927,3.640842238561928,3.550862292227501,3.606635093688965,348856000
2019-06-10,3.6626563346899035,3.747678846182901,3.6626563346899035,3.6792643070220947,402780000
2019-06-11,3.739002687057581,3.7766803600690517,3.69735924180774,3.736771821975708,383872000
2019-06-12,3.6933931797938406,3.6995902902123228,3.6088666266878255,3.6239871978759766,358892000
2019-06-13,3.646047592665866,3.6933924190920746,3.628448180935148,3.6750495433807373,308080000
2019-06-14,3.5820955420182883,3.6063875513942576,3.540699839937277,3.585317850112915,394428000
2019-06-17,3.5835829437204834,3.6319194595030355,3.5607780974032335,3.5949854850769043,276040000
2019-06-18,3.6562115384735345,3.8448471865550116,3.6453049548652916,3.7895703315734863,581920000
2019-06-19,3.8247695314867194,3.83617183775806,3.769492434784261,3.7955198287963867,331644000
2019-06-20,3.8859955019712755,3.899876652621629,3.8054349487239656,3.8198118209838867,350168000
2019-06-21,3.8049387644565194,3.854018743770108,3.7553628271980513,3.761807680130005,434428000
2019-06-24,3.7831250635560445,3.81361418219415,3.7360279741490294,3.784116506576538,282948000
2019-06-25,3.7890742232735475,3.8639336089880127,3.75214025193033,3.7548668384552,311868000
2019-06-26,3.8820289983345857,4.008695191075361,3.8691392925448316,3.94771671295166,584072000
2019-06-27,4.033235228451945,4.06521151620896,3.9972926952527104,4.0461249351501465,445440000
2019-06-28,4.089999418724976,4.099171095213199,4.024311700565911,4.070912837982178,397668000
2019-07-01,4.277644134618608,4.31185152757884,4.081571927225259,4.119001865386963,709756000
2019-07-02,4.102392331026938,4.123462266558807,4.0081986322481065,4.021336078643799,400228000
2019-07-03,4.044637757349251,4.050339146838911,3.974488303601062,4.034226894378662,246636000
2019-07-05,3.9759752144020695,3.9804369447260943,3.908551883224979,3.9717612266540527,396552000
2019-07-08,3.9122699181399576,3.931108754208727,3.866908207875438,3.8969013690948486,329788000
2019-07-09,3.8547626680172926,3.927391202558349,3.8421209396168536,3.899380922317505,342860000
2019-07-10,3.9427589731733534,4.024806674809341,3.9288778253043866,3.9675469398498535,452076000
2019-07-11,4.040422524666223,4.162378985890485,4.003240815109876,4.121726989746094,682560000
2019-07-12,4.149489603741981,4.22558864483207,4.149489603741981,4.1546950340271,506392000
2019-07-15,4.175765807919174,4.191877587104491,4.118010105310479,4.146267890930176,289840000
2019-07-16,4.131395050866482,4.16857676853829,4.086033099999635,4.1415581703186035,341444000
2019-07-17,4.143292365625822,4.213690012341834,4.114042672468542,4.206749439239502,348204000
2019-07-18,4.2171603392476245,4.281112898528538,4.160643838195463,4.218399524688721,442192000
2019-07-19,4.256574572737633,4.2630191902095085,4.169320948320158,4.175270080566406,344896000
2019-07-22,4.196586434552319,4.259547552006564,4.189149903404396,4.246657848358154,315940000
2019-07-23,4.285822791668884,4.356219965418641,4.270206029436413,4.354237079620361,428176000
2019-07-24,4.397368680660208,4.434302653600209,4.321517848638418,4.428601264953613,366236000
2019-07-25,4.387206112042795,4.399848076562372,4.274421292935521,4.297721862792969,392700000
2019-07-26,4.324740369252087,4.386214094427422,4.324740369252087,4.33961296081543,274160000
2019-07-29,4.332425972249535,4.349529670547119,4.245420552103226,4.3334174156188965,248160000
2019-07-30,4.287062718608438,4.36117840703827,4.2726856121064625,4.349032402038574,197772000
2019-07-31,4.317553117945393,4.318545034155366,4.1400719806424,4.182211399078369,359416000
2019-08-01,4.192621089638232,4.282849034536858,4.0359617263873595,4.088016510009766,421212000
2019-08-02,3.995556116104126,4.064714570761832,3.9482115307507164,3.995556116104126,428348000
2019-08-05,3.8123755415864156,3.813614963813844,3.6909150000458584,3.7377641201019287,589156000
2019-08-06,3.8123752856044586,3.8577370013835552,3.7288401715288244,3.776432752609253,361272000
2019-08-07,3.7157022914951865,3.8265042141545442,3.6983508551753905,3.814605951309204,372560000
2019-08-08,3.87211392501999,3.9241684706234805,3.81485394849571,3.922929048538208,309300000
2019-08-09,3.88202880975371,3.8854990968057885,3.771474872818401,3.821794271469116,341816000
2019-08-12,3.769740219929557,3.8217947688812868,3.732310521570911,3.7541239261627197,279200000
2019-08-13,3.7526364487941066,3.914005523627661,3.713719586465195,3.868147850036621,351956000
2019-08-14,3.7801506444149013,3.7913052062117063,3.6762895375376137,3.7199161052703857,419880000
2019-08-15,3.7387555114348254,3.7585857940072143,3.6534852490944294,3.687692403793335,477200000
2019-08-16,3.949947796045755,4.004232969258714,3.8887215756327413,3.955153226852417,1007960000
2019-08-19,4.068186165550668,4.249137537708656,4.052073914585831,4.233273029327393,815112000
2019-08-20,4.227820082206071,4.228316040190973,4.14007097821964,4.1611409187316895,463188000
2019-08-21,4.227077668594591,4.299458243371762,4.205512236323074,4.244429111480713,427244000
2019-08-22,4.254095421008157,4.2964825715091655,4.211460055121014,4.250625133514404,303488000
2019-08-23,4.1742790731679635,4.228564496890677,4.006712855117116,4.026543140411377,568056000
2019-08-26,4.105121527700256,4.129165804585017,4.062982107485103,4.1011552810668945,318208000
2019-08-27,4.139326648585582,4.1420532351101444,3.9814281175999007,4.010677814483643,290968000
2019-08-28,3.9843782258174887,4.0528602686035375,3.94517437060847,4.000257968902588,255612000
2019-08-29,4.09156616161059,4.175928389541459,4.088092439516701,4.143672466278076,357976000
2019-08-30,4.189823581943815,4.239448592536736,4.138213722370114,4.156326770782471,290616000
2019-09-03,4.083626605631765,4.1166269680501015,4.0506262432134275,4.073453426361084,296140000
2019-09-04,4.133995918409182,4.194786537943837,4.133995918409182,4.187342643737793,227728000
2019-09-05,4.289321741960317,4.465986085467713,4.287584880726188,4.45978307723999,695676000
2019-09-06,4.436458106348805,4.493278540364988,4.394773444856032,4.432736396789551,376976000
2019-09-09,4.4637522898818425,4.564987152602954,4.462263416626171,4.478639602661133,417524000
2019-09-10,4.445886921570617,4.571685817970687,4.436210192599637,4.54513692855835,352812000
2019-09-11,4.559777403712635,4.621808437111051,4.530746736211372,4.573672294616699,361512000
2019-09-12,4.620069838310614,4.674656956799701,4.564241834595043,4.572181701660156,327840000
2019-09-13,4.505686610745012,4.54265715133636,4.470700919514769,4.514370918273926,324592000
2019-09-16,4.439437615064883,4.5059348042900425,4.429016445554475,4.471445560455322,231832000
2019-09-17,4.478144219521308,4.497001705724106,4.431744940740635,4.492783546447754,223048000
2019-09-18,4.48583762886005,4.5014693856580985,4.379392132674251,4.4657392501831055,258152000
2019-09-19,4.471693845847778,4.490055360905291,4.379639702455024,4.3903093338012695,245476000
2019-09-20,4.389315980085497,4.412887601997053,4.274682658844729,4.284855365753174,350244000
2019-09-23,4.2851027942122215,4.3836078907970535,4.281380611353213,4.33820104598999,249712000
2019-09-24,4.369465124848046,4.398991761132083,4.245403086988729,4.280884742736816,317268000
2019-09-25,4.280390340763202,4.441919433606291,4.235727910055264,4.4223175048828125,308432000
2019-09-26,4.412638803204647,4.4213231082739,4.349366896832507,4.400232315063477,234564000
2019-09-27,4.358549497883577,4.40916694978113,4.201238569050939,4.261781215667725,362056000
2019-09-30,4.287584600438513,4.329269267332629,4.256320627008765,4.319096088409424,186184000
2019-10-01,4.342173392025595,4.491048002975483,4.312646741686361,4.317360877990723,366008000
2019-10-02,4.295525327069913,4.307435369491787,4.2213362596719195,4.2935404777526855,293372000
2019-10-03,4.29800588359513,4.504941296869655,4.267734807064955,4.4987382888793945,450588000
2019-10-04,4.500971908211548,4.544393918211177,4.435963597026066,4.515115261077881,265524000
2019-10-07,4.5798753033046955,4.673169841237255,4.571190996489656,4.573672294616699,480984000
2019-10-08,4.482114082791431,4.482114082791431,4.379390802700661,4.397503852844238,444436000
2019-10-09,4.474173273041271,4.533227019421583,4.445391073078044,4.483850002288818,292412000
2019-10-10,4.481619382589685,4.5922825641161875,4.476408797089809,4.541417121887207,309124000
2019-10-11,4.62528122390011,4.697981398600452,4.606423740557816,4.6148600578308105,446404000
2019-10-14,4.606176435689826,4.649101996183618,4.5751609174816155,4.628259658813477,200040000
2019-10-15,4.718329403794119,4.944866797581369,4.704434037587428,4.8724141120910645,664124000
2019-10-16,4.838420013873234,4.943128605047771,4.8074045009637905,4.818818092346191,428944000
2019-10-17,4.8632341916707125,4.9081446092343555,4.766465436291236,4.820805072784424,263436000
2019-10-18,4.821298192620296,4.853802570802209,4.652325780837439,4.72651481628418,307440000
2019-10-21,4.787801700923436,4.876878525396235,4.768944219529625,4.8634796142578125,261868000
2019-10-22,4.9203018050100775,5.025258402248578,4.845864750381245,4.8535566329956055,328720000
2019-10-23,4.771674947710298,4.854796296784841,4.739914997500526,4.840653419494629,279916000
2019-10-24,4.881842269819497,4.918068371577361,4.847849478413519,4.8845720291137695,232020000
2019-10-25,4.964962835098794,5.095972317401238,4.957270954640952,5.075129985809326,423092000
2019-10-28,5.1188000557823345,5.183312379594485,5.089521403946788,5.130958557128906,330792000
2019-10-29,5.1170629633430345,5.123514432062237,5.015580584244966,5.034934043884277,211236000
2019-10-30,5.061732101187581,5.067439134059727,4.968933541298537,5.036919593811035,205960000
2019-10-31,5.016076812063298,5.036919146033415,4.908142958818643,4.987790584564209,209732000
2019-11-01,4.952556747800937,5.059002197409222,4.927496255656585,5.0267462730407715,283640000
2019-11-04,5.107634695669968,5.235418937100487,5.0845595239398795,5.223012447357178,376716000
2019-11-05,5.222764879702714,5.248817800370786,5.153041963491564,5.200930118560791,300868000
2019-11-06,5.1768616032258,5.202418072769225,5.064461125716639,5.151801109313965,269012000
2019-11-07,5.238148828988384,5.252788157298014,5.124755913235387,5.1694183349609375,280340000
2019-11-08,5.152545549764464,5.187034786552671,5.1150785661477896,5.15552282333374,189100000
2019-11-11,5.1547795116709585,5.188524319116942,5.068680394817068,5.165449142456055,243436000
2019-11-12,5.203659404546127,5.256758143748969,5.168673715892408,5.200930118560791,283504000
2019-11-13,5.169667029575882,5.197208828521388,5.108876870895727,5.175126075744629,300188000
2019-11-14,5.184056915405438,5.207629008615156,5.124259198305219,5.205395698547363,518080000
2019-11-15,5.203162361898849,5.254772221671864,4.978361886515721,5.066446304321289,1053628000
2019-11-18,5.059003616100386,5.293728865611318,5.056026341908343,5.2671799659729,574588000
2019-11-19,5.236163163136437,5.259734782811542,5.102672367728209,5.160733222961426,414564000
2019-11-20,5.137906487994394,5.3235031346345885,5.125252009839649,5.239885330200195,472588000
2019-11-21,5.235419469967482,5.29099903524504,5.193486334907724,5.215073108673096,288388000
2019-11-22,5.23765198031653,5.2840512599401555,5.209117762671569,5.23268985748291,224100000
2019-11-25,5.360474971920067,5.493717823469765,5.347572502805937,5.488755226135254,506476000
2019-11-26,5.471135165423651,5.475849772299444,5.377840658031676,5.384292125701904,385244000
2019-11-27,5.4297329618014505,5.46399899846414,5.392735152261117,5.419055461883545,215784000
2019-11-29,5.388265940558016,5.4165725647475265,5.357972055708968,5.381809711456299,141556000
2019-12-02,5.37485663201326,5.388265430503943,5.1806805399113,5.195827007293701,372036000
2019-12-03,5.012577294828823,5.1603199018521915,4.975331311183511,5.156347274780273,465232000
2019-12-04,5.239778515648959,5.262126202217156,5.171494128294318,5.20004940032959,273424000
2019-12-05,5.221901034014239,5.237544320755254,5.152623012378893,5.183165073394775,184884000
2019-12-06,5.252193808646158,5.301110450292041,5.242261293676923,5.268333435058594,232236000
2019-12-09,5.245489408402762,5.322961320172626,5.236798694608872,5.268333435058594,211880000
2019-12-10,5.298377997188875,5.3649247022824476,5.245736905989348,5.313276767730713,256388000
2019-12-11,5.323706960460603,5.402172038649379,5.321223831413108,5.396708965301514,233796000
2019-12-12,5.367904674619111,5.581945344521159,5.358965790344056,5.56381893157959,404348000
2019-12-13,5.566799639646705,5.6857388190319105,5.5079504769970145,5.561833381652832,454704000
2019-12-16,5.60925852527263,5.66289277086458,5.581199601512894,5.590635299682617,320976000
2019-12-17,5.609258882070009,5.6912002273833044,5.599823183300094,5.668604373931885,321196000
2019-12-18,5.703367280451248,5.759236487706067,5.694924738269037,5.698897838592529,343548000
2019-12-19,5.733412671137176,5.8600493863918635,5.728446414003654,5.846640586853027,445360000
2019-12-20,5.912939646392922,5.969057035341422,5.893820074180725,5.943729877471924,603044000
2019-12-23,5.9722845488565195,6.004316104397407,5.919395280275833,5.93007230758667,355060000
2019-12-24,5.9146767160689135,5.94223882710578,5.880410205351006,5.925105571746826,138864000
2019-12-26,5.9285834566869715,5.967319419774947,5.909712053622947,5.939260959625244,182852000
2019-12-27,5.95440666121821,5.9678154624624895,5.855332044762571,5.88165283203125,254644000
2019-12-30,5.859801344894404,5.865015772917134,5.73738589814169,5.768672466278076,258056000
2019-12-31,5.733413701629686,5.852104710968625,5.714294129198366,5.8426690101623535,231004000
2020-01-02,5.928333669430895,5.957137107849121,5.877927533796915,5.957137107849121,237536000
2020-01-03,5.83770339342862,5.905491449467579,5.812872574178656,5.861789226531982,205384000
2020-01-06,5.768672347337643,5.891584133115414,5.742600207761552,5.886369705200195,262636000
2020-01-07,5.9146772215510675,6.003322975997539,5.869733680543367,5.957634449005127,314856000
2020-01-08,5.95341258476723,6.010026777884842,5.913435305232208,5.968807697296143,277108000
2020-01-09,6.054970904760999,6.106618845916107,5.980727107752627,6.034361362457275,255112000
2020-01-10,6.141380980474923,6.1716743897886515,6.052487065850214,6.066640377044678,316296000
2020-01-13,6.149576012224581,6.281923504914229,6.126979682987287,6.256844520568848,319840000
2020-01-14,6.214134722815993,6.239462348536251,6.1269789517854685,6.140139579772949,359088000
2020-01-15,6.152803842842512,6.175151528370707,6.0718556439041,6.097679615020752,263104000
2020-01-16,6.151065142101568,6.187069795920927,6.127724301895055,6.181110382080078,284192000
2020-01-17,6.200230549789076,6.207679936211552,6.142375022038857,6.1898016929626465,253792000
2020-01-21,6.1533008348531135,6.190050478993046,6.122510605265829,6.156528949737549,217916000
2020-01-22,6.201721310324639,6.296822835062308,6.182849907874976,6.21041202545166,239240000
2020-01-23,6.250388007668793,6.287137171560822,6.161742265023293,6.2786946296691895,244516000
2020-01-24,6.393910829739287,6.44357246252044,6.165468171441158,6.21959924697876,373512000
2020-01-27,5.915672200872687,6.0152436577576704,5.766439574588025,5.964340686798096,470536000
2020-01-28,6.0301406941602735,6.189553975862552,5.977002775723372,6.15727424621582,310976000
2020-01-29,6.142871011283525,6.178875663738441,6.057204736572978,6.0969343185424805,258848000
2020-01-30,5.999349145534883,6.117046971026673,5.944473569825535,6.103638172149658,290504000
2020-01-31,6.057950619667328,6.0698694486625415,5.8290116343504925,5.870727062225342,370420000
2020-02-03,5.852601361983941,5.98693566495872,5.846393775927354,5.9675679206848145,255564000
2020-02-04,6.109101537748103,6.155535047308561,6.059191742920374,6.136415004730225,271544000
2020-02-05,6.257092159833184,6.267272844623342,6.14336743176508,6.226550579071045,208220000
2020-02-06,6.260817085167685,6.313209533691406,6.1798688956538586,6.313209533691406,218284000
2020-02-07,6.273232574934326,6.2953320882230726,6.221832806853207,6.2471604347229,189752000
2020-02-10,6.269757213066146,6.530479600799783,6.264790955072942,6.529735088348389,529608000
2020-02-11,6.637748408041317,6.766371455351388,6.575919776508791,6.651901721954346,638556000
2020-02-12,6.70454318700568,6.773821209071166,6.665807226145709,6.767364978790283,374644000
2020-02-13,6.709508110864326,6.790704473225048,6.682194170230948,6.723661422729492,528016000
2020-02-14,7.132871714549635,7.324316519639701,7.101585147569159,7.195693492889404,1041924000
2020-02-18,7.092647159324658,7.3824221104221035,7.073279416105086,7.364047050476074,620164000
2020-02-19,7.486213061326256,7.831856698208014,7.486213061326256,7.8142266273498535,694332000
2020-02-20,7.766303106390214,7.854452034035954,7.358582702673338,7.6652421951293945,810052000
2020-02-21,7.553257651855542,7.578336639966872,7.217297816442467,7.301970481872559,768180000
2020-02-24,6.709011073491668,6.999034134209443,6.6546318384086485,6.785737991333008,856916000
2020-02-25,6.8607273723321756,6.9225559983296225,6.405332082047458,6.506889820098877,1055496000
2020-02-26,6.50713847933115,6.839622002158671,6.505648980883391,6.645942211151123,747732000
2020-02-27,6.333134697199436,6.6337662913052915,6.183812887697738,6.275990009307861,906416000
2020-02-28,6.02405600239772,6.769422982151024,6.007409613455132,6.7100419998168945,1133252000
2020-03-02,6.879738703863825,6.896882208415457,6.484694089276187,6.868061065673828,890744000
2020-03-03,6.923715128015333,6.983344439079889,6.520968366746117,6.606188774108887,652792000
2020-03-04,6.713272364670828,7.0782537123650755,6.63873537880808,7.068812370300293,597408000
2020-03-05,6.869800768089446,7.03626612440936,6.745572904384784,6.790046691894531,540328000
2020-03-06,6.610908530328439,6.668302014749807,6.410156205287758,6.609914779663086,515412000
2020-03-09,5.960453109775377,6.444941989409287,5.917718976759138,6.098097801208496,614160000
2020-03-10,6.373882454356786,6.4866814613342285,6.111762085086141,6.4866814613342285,580648000
2020-03-11,6.347049964055862,6.375373996903059,6.026790637877311,6.123688220977783,499964000
2020-03-12,5.601682018569501,5.866535787380021,5.361673914199751,5.374345302581787,816540000
2020-03-13,5.726904246684154,5.988279679616138,5.456336262840261,5.983807563781738,634836000
2020-03-16,5.2774487368082355,5.6175850257486974,4.820041769777359,4.879671096801758,726972000
2020-03-17,4.991722819638062,5.487392094987451,4.745503441439184,5.398196220397949,833632000
2020-03-18,4.971599051150128,5.216079295688167,4.4890981795830935,5.039178848266602,874268000
2020-03-19,5.017811170475434,5.384780539879821,4.804885019488233,5.291361331939697,765512000
2020-03-20,5.441179152787275,5.7224309674992675,5.096571349869352,5.11197566986084,804636000
2020-03-23,5.110982203414798,5.37856939384944,4.932342581859462,5.284404277801514,643876000
2020-03-24,5.689636410549801,6.277482978063412,5.6660332856046995,6.1910200119018555,1101644000
2020-03-25,6.305805100753528,6.50506657225424,6.053871050370559,6.102568626403809,793432000
2020-03-26,6.309284089634278,6.51500567196271,6.211392763360578,6.391274929046631,696108000
2020-03-27,6.211392945580001,6.53736691560444,6.178596798409605,6.279221534729004,638828000
2020-03-30,6.344564958091358,6.607928356954407,6.300588285202859,6.598735332489014,602252000
2020-03-31,6.63873677969042,6.842470871593231,6.403946196155853,6.549293041229248,949960000
2020-04-01,6.351769813017478,6.4978615949247445,5.994738920187565,6.039212226867676,656912000
2020-04-02,6.0682825701850485,6.36046665043996,6.020330892045501,6.347298622131348,675764000
2020-04-03,6.309780672048575,6.351272726729449,5.922935360375219,6.060082912445068,663212000
2020-04-06,6.341583273592423,6.705322589635028,6.284189783712524,6.668550968170166,727884000
2020-04-07,6.889675569253382,6.913279161036016,6.3927642325792124,6.435747146606445,784520000
2020-04-08,6.54457209541664,6.657371111088002,6.474756003192719,6.632525444030762,542444000
2020-04-09,6.757996129395736,6.780853821789025,6.470284155436127,6.533143520355225,525564000
2020-04-13,6.473514482047425,6.713274312781902,6.385312806711786,6.704578399658203,398408000
2020-04-14,6.8325303425946045,7.088936469817945,6.804951750410875,7.054898262023926,530948000
2020-04-15,6.887191708782641,7.06036545365664,6.841972969339748,6.977629661560059,366148000
2020-04-16,7.132666503087581,7.42882556643318,7.119498475685138,7.3219895362854,745620000
2020-04-17,7.4039804904478155,7.425347792957144,7.129188706028905,7.262857913970947,539120000
2020-04-20,7.13664267731135,7.292175829064376,7.087696772999364,7.131921768188477,449388000
2020-04-21,7.0141542727746815,7.075273983417711,6.636501431378573,6.696130752563477,735160000
2020-04-22,6.8879379344289635,7.152295094093899,6.842470870529456,7.109560489654541,483356000
2020-04-23,7.1515491508620865,7.28323037195008,7.031296300850552,7.056390285491943,424160000
2020-04-24,7.04620405491623,7.197016283498686,6.971667057923223,7.195028781890869,352328000
2020-04-27,7.329194487555945,7.5406302366519835,7.3045971431487144,7.381121635437012,479388000
2020-04-28,7.5282064176232275,7.558021305767914,7.233538269760131,7.239004135131836,442904000
2020-04-29,7.373419918837021,7.46808167070093,7.298386285060615,7.415409088134766,379160000
2020-04-30,7.361494701113532,7.4154098329912435,7.2479507252078275,7.261864185333252,375916000
2020-05-01,7.064838190964827,7.177885523416327,6.9776302758674795,7.0258307456970215,342096000
2020-05-04,6.978624046997186,7.250931680845557,6.978624046997186,7.237266540527344,317556000
2020-05-05,7.3411205831014055,7.460379202042256,7.237265811479823,7.298137664794922,368896000
2020-05-06,7.377395399557176,7.503362433621966,7.339630026481675,7.398762226104736,323464000
2020-05-07,7.5376498918987815,7.637777522329543,7.486468166152815,7.57466983795166,373732000
2020-05-08,7.646224657266343,7.770452516763413,7.612434759096941,7.7642412185668945,339216000
2020-05-11,7.7592735868249,8.062389929650758,7.730701230129176,8.015680313110352,469060000
2020-05-12,8.073319236258097,8.122016340245983,7.744612362664973,7.754302024841309,493060000
2020-05-13,7.868593603118008,8.028598882068218,7.547837139628314,7.731943130493164,625852000
2020-05-14,7.79331117418389,7.986361386192228,7.640013841815122,7.980895519256592,602312000
2020-05-15,7.841015060461227,8.447992184242215,7.825362416366955,8.438302993774414,987660000
2020-05-18,8.706385238881781,8.86142174364779,8.626879484814598,8.696198463439941,774460000
2020-05-19,8.73595121255931,9.031364852697052,8.708620932289517,8.751107215881348,717320000
2020-05-20,8.935461979417953,8.987140816354259,8.833843488059705,8.914591789245605,587536000
2020-05-21,8.995587993509218,8.996581270452394,8.683527484566827,8.721044540405273,761068000
2020-05-22,8.770736577917994,9.03683343600463,8.659428881177773,8.970495223999023,1038764000
2020-05-26,9.100186813930394,9.125032953045377,8.61843140772294,8.663898468017578,770780000
2020-05-27,8.571723864190476,8.579425553108482,7.947354407491266,8.472590446472168,1175892000
2020-05-28,8.360287817879668,8.706387094062297,8.327491663644077,8.434576988220215,734896000
2020-05-29,8.501657646038316,8.820674896240234,8.432586984658801,8.820674896240234,745256000
2020-06-01,8.778685676901018,8.786139044935808,8.635823453606509,8.751852035522461,389876000
2020-06-02,8.741916492638026,8.78266265454262,8.60452010486707,8.770736694335938,391320000
2020-06-03,8.767752949429001,8.811480823540192,8.646257567101596,8.715328216552734,365440000
2020-06-04,8.678046281246372,8.892064345109882,8.627835393916108,8.716326713562012,424280000
2020-06-05,8.744162772614692,8.945503105070232,8.658157710663906,8.86894416809082,481748000
2020-06-08,8.826440228140672,8.838868493971896,8.63603657853043,8.75460433959961,387736000
2020-06-09,8.749633194746389,9.057609939303413,8.701162292308348,8.994224548339844,468488000
2020-06-10,9.11527853442806,9.44562653759529,9.10110934363464,9.313138961791992,632180000
2020-06-11,9.09762951041862,9.208242694149288,8.73571349742717,8.745904922485352,583652000
2020-06-12,9.110057459617575,9.134665556600186,8.653435597146515,8.881373405456543,570908000
2020-06-15,8.764794924642382,9.129693970720945,8.69370339239362,9.12124252319336,400004000
2020-06-16,9.17220189162035,9.213712893600825,8.788162066934026,9.016596794128418,535716000
2020-06-17,9.061587043912771,9.245776080449938,9.0183351251666,9.183136940002441,408304000
2020-06-18,9.174188600931451,9.229370971612544,9.062332316008169,9.165240287780762,254408000
2020-06-19,9.189597636085859,9.390937949959586,9.174434719956919,9.208239555358887,524160000
2020-06-22,9.246772592444106,9.476698867117852,9.220175131984616,9.472224235534668,398468000
2020-06-23,9.496332960119092,9.587309525836865,9.353654927459205,9.39591121673584,375108000
2020-06-24,9.422010504543877,9.501801913604517,9.092159424758266,9.182639122009277,449372000
2020-06-25,9.302198187756447,9.450593917756645,9.129691233331682,9.43567943572998,376072000
2020-06-26,9.445624728572614,9.445624728572614,9.0727711208658,9.102599143981934,592084000
2020-06-29,9.117263371240242,9.15181445013021,8.849056804789194,9.147339820861816,342248000
2020-06-30,9.26069330474524,9.471728291394323,9.213465502893916,9.443391799926758,367892000
2020-07-01,9.466258537018712,9.520944050860118,9.35912529912411,9.475455284118652,326648000
2020-07-02,9.583828405036837,9.681764862843078,9.523426117204961,9.557231903076172,364056000
2020-07-06,9.685989553860882,9.852033490649278,9.65690683203007,9.782931327819824,315892000
2020-07-07,9.889322168841927,10.01236361484961,9.79436877481935,9.815248489379883,357800000
2020-07-08,9.936549995462096,10.16647718547054,9.90846194337441,10.157527923583984,365480000
2020-07-09,10.320837695475568,10.509501363844844,10.174927184561719,10.448850631713867,494548000
2020-07-10,10.528143708751548,10.594262798531828,10.319345634913779,10.419270515441895,497676000
2020-07-13,10.534356593084116,10.73047698922072,9.96761851491164,9.994712829589844,457076000
2020-07-14,10.017334456489614,10.343208748675954,9.729491205941963,10.317605972290039,542676000
2020-07-15,10.354646445772193,10.373288375236228,9.99819777260471,10.168716430664062,403984000
2020-07-16,9.957677561652746,10.14832961882827,9.8388613835981,10.076742172241211,344964000
2020-07-17,10.166974030828735,10.189842154212721,10.03001277488039,10.143111228942871,266284000
2020-07-20,10.215443985468063,10.470972981230924,10.098616209013986,10.450590133666992,284852000
2020-07-21,10.45283007760043,10.499561960626455,10.227875286408675,10.269386291503906,277036000
2020-07-22,10.308161365872728,10.541815989518545,10.23259614351377,10.379003524780273,367292000
2020-07-23,10.390188199099878,10.486633131352665,9.973835145892702,10.071771621704102,411660000
2020-07-24,9.818482787368936,10.305429728756781,9.721044091849569,10.136154174804688,473292000
2020-07-27,10.173683955005732,10.381984204127468,10.159266334109978,10.36185073852539,292132000
2020-07-28,10.31487200985098,10.322577211722987,10.150816447226648,10.15703010559082,271636000
2020-07-29,10.33127937967535,10.456060818276672,10.28777996863067,10.405601501464844,284508000
2020-07-30,10.315616063796083,10.562196717208867,10.236322472403026,10.553248405456543,308880000
2020-07-31,10.502788631136903,10.704876167416607,10.373284166869748,10.553994178771973,386080000
2020-08-03,10.671069161625706,11.035222849930543,10.653917836860751,10.947229385375977,412720000
2020-08-04,10.986752340660678,11.163484573364258,10.843576512922905,11.163484573364258,310336000
2020-08-05,11.179643221178804,11.306661465559195,11.102338033544148,11.222147941589355,249924000
2020-08-06,11.284786678358554,11.29298969275469,11.11476590627286,11.270618438720703,244316000
2020-08-07,11.247749127029724,11.43889897025779,10.97432356068653,11.135396003723145,342516000
2020-08-10,11.269379858515242,11.342955734297458,10.794363445131376,11.10109806060791,427796000
2020-08-11,11.010368494518175,11.073008586632106,10.733959759991317,10.7878999710083,354512000
2020-08-12,10.927843787475073,11.401367625316079,10.895529538580869,11.374771118164062,464412000
2020-08-13,11.479915466163844,11.654660281162782,11.290754924571592,11.3775053024292,374460000
2020-08-14,11.464005528623535,11.637755639070226,11.37501832276075,11.497811317443848,366436000
2020-08-17,11.783416144782285,12.338719720568694,11.749611305924368,12.266386032104492,621300000
2020-08-18,12.378740485765862,12.424477676202287,12.01707295308066,12.190573692321777,503448000
2020-08-19,12.226120712995726,12.244514205502846,12.028756205783154,12.069025039672852,622624000
2020-08-20,11.906461006424056,12.30417121176024,11.810761365998337,12.071510314941406,921388000
2020-08-21,12.131910646894115,12.735436709967265,12.125447608200558,12.6109037399292,999868000
2020-08-24,12.810006820500528,12.838592680399442,12.435910109440096,12.647442817687988,490564000
2020-08-25,12.558456133077177,12.688209041803288,12.501782219926314,12.677023887634277,289076000
2020-08-26,12.725991685415721,12.79484543135099,12.605187089337212,12.699892044067383,321244000
2020-08-27,12.708344712184557,12.776453166999115,12.494575116940183,12.5559720993042,317604000
2020-08-28,12.602454409975303,13.07274675410688,12.570140159294503,13.072498321533203,537160000
2020-08-31,13.107296770619834,13.497301743517985,12.963127187794592,13.29794979095459,500840000
2020-09-01,13.406856687261872,13.917819141256148,13.363592772595911,13.746006965637207,511316000
2020-09-02,14.6239656123547,14.646841525282102,13.82457680383725,14.268654823303223,874012000
2020-09-03,13.753715512229732,13.809162909123005,12.808870357194603,12.944878578186035,945128000
2020-09-04,12.714387507269885,13.103515269917787,11.641242423905469,12.5540132522583,1463684000
2020-09-08,11.67082842971862,12.481903777414194,11.640742968653129,11.848360061645508,795728000
2020-09-09,12.332716222048454,12.739745856584113,12.165379076629385,12.646007537841797,736200000
2020-09-10,12.918767098090333,12.994354914581717,12.100978478450475,12.244943618774414,698684000
2020-09-11,12.417752852588826,12.583846512984273,11.831202602456209,12.098494529724121,636928000
2020-09-14,13.010021471853284,13.242751020108157,12.562711914830903,12.802403450012207,1201744000
2020-09-15,13.207941722010666,13.226590173176504,12.758146125908663,12.920510292053223,727556000
2020-09-16,12.886944754317081,13.021709497809459,12.445851578489565,12.4465970993042,556384000
2020-09-17,12.066419314288503,12.52143733948817,11.969448508524536,12.395872116088867,792512000
2020-09-18,12.525416935450114,12.56395637634697,11.923700090803646,12.123111724853516,698460000
2020-09-21,11.860292243862816,12.454549912007502,11.83990329972909,12.449328422546387,721044000
2020-09-22,12.506767294795011,12.579371147984176,12.08954412011194,12.56917667388916,646452000
2020-09-23,12.507263849012158,12.657942495758004,12.013707338704753,12.057965278625488,647012000
2020-09-24,12.006744330754543,12.50129577509505,11.948809980000965,12.280997276306152,731240000
2020-09-25,12.379960225173095,12.81359436481939,12.179305115812923,12.8038969039917,588016000
2020-09-28,12.969492081929529,12.980930038377432,12.680817182936027,12.96427059173584,573808000
2020-09-29,12.867301008299274,13.369809494477751,12.863074493765462,13.153986930847168,621460000
2020-09-30,13.086106534449147,13.548583556057018,13.078896040511102,13.457082748413086,689184000
2020-10-01,13.683348208064956,13.688071736035704,13.387710370072455,13.540626525878906,525004000
2020-10-02,13.153241172734813,13.44614260834066,12.980184565391687,12.991374015808105,552496000
2020-10-05,13.164181528727003,13.570216220179136,13.151003074175092,13.568475723266602,479820000
2020-10-06,13.754957214450531,14.065264550133465,13.590852555868134,13.661964416503906,784420000
2020-10-07,13.923788641560808,14.042640403712012,13.788277429663593,13.888232231140137,418084000
2020-10-08,13.998627485782533,14.008076438662577,13.683348120251452,13.763659477233887,378900000
2020-10-09,13.692297759480711,13.749237132534198,13.586624482486123,13.688070297241211,346892000
2020-10-12,13.913591958690121,14.26915221248606,13.837010100395466,14.148808479309082,434744000
2020-10-13,14.218927839781706,14.27064573492429,13.942684887481585,14.170939445495605,344604000
2020-10-14,14.212958430202395,14.264924826969352,13.884252095509092,14.018768310546875,276100000
2020-10-15,13.735808486117728,13.929750050585785,13.693041597740345,13.894194602966309,267224000
2020-10-16,13.96058695890525,14.044877283091475,13.71766195435964,13.73655891418457,242392000
2020-10-19,13.827558704209942,13.907621541917687,13.33400132974897,13.424508094787598,298068000
2020-10-20,13.50979116200591,13.724868132404456,13.433706338043972,13.571455001831055,229212000
2020-10-21,13.551068882438022,13.716665521672029,13.404369199715683,13.451362609863281,219596000
2020-10-22,13.449125399181334,13.53789073143853,13.159952541281239,13.288501739501953,290480000
2020-10-23,13.37701701892779,13.519490174370686,13.21912885025494,13.51650619506836,233484000
2020-10-26,13.354143296213284,13.618451231858877,12.967751138200027,13.06994342803955,336896000
2020-10-27,13.233798365065633,13.369061027837251,13.119919622663886,13.324056625366211,250520000
2020-10-28,13.126384857490965,13.18804870574498,12.540581144576285,12.558483123779297,376520000
2020-10-29,12.768838326092173,13.121166120183615,12.680818504298344,12.95333194732666,320080000
2020-10-30,12.78027345863708,12.866303309085502,12.23325768967022,12.465988159179688,416820000
2020-11-02,12.58906543818287,12.76709403265931,12.327741523587449,12.512483596801758,299652000
2020-11-03,12.639539305190821,13.03388739834692,12.534363056860535,12.948851585388184,272900000
2020-11-04,13.316599172080933,13.752471747994806,13.264632773822745,13.719401359558105,410228000
2020-11-05,14.08565213447711,14.261193784268926,13.915082519116078,14.083165168762207,319028000
2020-11-06,14.03318896935885,14.509589961526343,13.819604883139405,14.482985496520996,383348000
2020-11-09,14.47353602436871,14.611781731679114,13.536896506652354,13.556787490844727,582976000
2020-11-10,13.53266964084014,13.53266964084014,12.55972815670973,12.700709342956543,644068000
2020-11-11,12.98292010915212,13.362101817836644,12.877992334373559,13.345193862915039,404744000
2020-11-12,13.405861285173073,13.691303689939454,13.243745638126441,13.383731842041016,365812000
2020-11-13,13.553305579639913,13.594580483530914,12.988387818739444,13.224847793579102,346312000
2020-11-16,13.101025680736218,13.575437714224723,13.084615687771043,13.441916465759277,413776000
2020-11-17,13.478961861207623,13.522474277402354,13.231561881843696,13.349418640136719,312028000
2020-11-18,13.392186477279536,13.531924181183586,13.11345753865842,13.355884552001953,510924000
2020-11-19,13.141056448609183,13.414315378972356,13.028918190667222,13.367321968078613,565936000
2020-11-20,13.380995847364288,13.421275773566174,12.994105766643468,13.016733169555664,341088000
2020-11-23,13.099781223360337,13.309884305156885,12.94487607234443,13.068700790405273,361356000
2020-11-24,13.07118878802459,13.090582761074899,12.815086285194447,12.887441635131836,346500000
2020-11-25,12.961785995769935,13.19749954950545,12.949354010397753,13.162938117980957,259916000
2020-11-27,13.30242518425179,13.334749099812084,13.099034635548598,13.189291954040527,167276000
2020-11-30,13.193021446045464,13.339721115566775,12.901859617237223,13.328780174255371,286952000
2020-12-01,13.41903802202874,13.455339940878662,13.156469666121708,13.317342758178711,296948000
2020-12-02,13.278056936052282,13.599304211301206,13.162437699845077,13.471004486083984,283360000
2020-12-03,13.517765463078833,13.589893604205523,13.260592994303533,13.327248573303223,199520000
2020-12-04,13.37947526765477,13.490403730262978,13.320032329165677,13.488662719726562,202244000
2020-12-07,13.531442259514337,13.660775157722723,13.430712221462855,13.536913871765137,223244000
2020-12-08,13.515278179379305,13.528957686598924,13.213335648092489,13.281484603881836,271920000
2020-12-09,13.232236984460078,13.345154105047774,12.80220542358008,12.864384651184082,401300000
2020-12-10,12.802952434607922,13.001677197887197,12.78355178644564,12.905672073364258,207764000
2020-12-11,12.900697287883272,12.95317714039091,12.75718771417098,12.94646167755127,209264000
2020-12-14,13.020827307185531,13.320033514605955,13.010381243037374,13.24044418334961,270156000
2020-12-15,13.3707718895099,13.39489745979019,13.11907107095995,13.291929244995117,193016000
2020-12-16,13.353611291227617,13.36828606791019,13.144689037378825,13.174535751342773,223116000
2020-12-17,13.2981479389699,13.310833124873806,13.110864499454864,13.27277946472168,231384000
2020-12-18,13.31033340523875,13.336199985751847,13.003417409299962,13.203883171081543,342064000
2020-12-21,13.007648205683477,13.301382873993871,12.900948417581114,13.263826370239258,302332000
2020-12-22,13.250892022262283,13.268799292120496,12.98700315387117,13.210102081298828,185580000
2020-12-23,13.187965472083052,13.20686801104678,12.938254232061905,12.942481994628906,179144000
2020-12-24,12.970338727219502,13.065100006417657,12.872344955272986,12.927062034606934,97884000
2020-12-28,12.995460029586082,12.995460029586082,12.697746203513814,12.833793640136719,212564000
2020-12-29,12.858665667551723,13.005408696448747,12.776340043671759,12.876821517944336,170372000
2020-12-30,12.923580016159637,13.145933201726493,12.830560696633615,13.078282356262207,225396000
2020-12-31,13.069077859414788,13.08350310484441,12.848714303542376,12.987996101379395,192424000
2021-01-04,13.036992816736833,13.582429138755831,12.895970010039779,13.046195030212402,560640000
2021-01-05,13.032516872741898,13.374502622372711,13.019832636772176,13.335951805114746,322760000
2021-01-06,13.15463928774817,13.177023851121177,12.521406527298588,12.549759864807129,580424000
2021-01-07,12.900948633864056,13.30909383140625,12.820364960072336,13.275516510009766,461480000
2021-01-08,13.293919104792138,13.352118201712143,12.975063652438749,13.208608627319336,292528000
2021-01-11,13.349880341033488,13.889347964433247,13.293919414175052,13.551589965820312,518344000
2021-01-12,13.681918228400308,13.683908768453083,13.276510305945383,13.415542602539062,291476000
2021-01-13,13.420763670245865,13.555071023692324,13.316303027862848,13.462299346923828,210028000
2021-01-14,13.505328397210821,13.529951129095025,13.112853322479959,13.132501602172852,283120000
2021-01-15,13.160110379541644,13.256861253737839,12.78255862740494,12.793501853942871,277780000
2021-01-19,12.949447095978456,13.026798268994698,12.778081329831359,12.958401679992676,226188000
2021-01-20,13.04445921959332,13.361573751490564,12.989742128665867,13.29715633392334,258572000
2021-01-21,13.349631654463508,13.927401511527409,13.184981367786673,13.796327590942383,337780000
2021-01-22,13.669482236438519,13.77071039880611,13.557310847947868,13.642123222351074,246820000
2021-01-25,13.711019017208473,13.757529155129262,13.168567410462774,13.583178520202637,251112000
2021-01-26,13.510799710027586,13.574719948658196,13.31879041384867,13.36629581451416,163980000
2021-01-27,13.162098483674535,13.164834764389763,12.728087739342117,12.851451873779297,371272000
2021-01-28,12.9295498263929,13.271287026648704,12.89398291811221,12.984018325805664,228316000
2021-01-29,13.00789568264157,13.266312945852967,12.845234971987278,12.923083305358887,271552000
2021-02-01,12.986254604445072,13.202638021684217,12.836526748535896,13.169061660766602,217204000
2021-02-02,13.329984932916615,13.502345023877039,13.217315428489607,13.487174034118652,220440000
2021-02-03,13.566014514279491,13.860247226982565,13.44712862336559,13.46105670928955,245408000
2021-02-04,13.46155368214579,13.603322239769158,13.269295813752072,13.594120025634766,201340000
2021-02-05,13.654558033830845,13.666745108660233,13.476227305081746,13.521245002746582,169152000
2021-02-08,13.65679743774099,14.399466174887932,13.65679743774099,14.364645957946777,434624000
2021-02-09,14.267148904678315,14.508404628817875,14.149505903817214,14.190047264099121,287560000
2021-02-10,14.389022648859505,14.828505098313626,14.267897609078004,14.688477516174316,485352000
2021-02-11,14.903367720561645,15.193868916559543,14.848401111304003,15.172478675842285,450828000
2021-02-12,14.97276345262533,15.21277539337834,14.69917418586301,14.884469032287598,374756000
2021-02-16,14.98693515502818,15.29360353659292,14.873271342590193,15.251569747924805,321960000
2021-02-17,15.093138598804355,15.145369878254435,14.704145502301538,14.829499244689941,274756000
2021-02-18,14.653402510376162,14.79691205408046,14.500192644869683,14.752889633178711,233868000
2021-02-19,14.94738826308237,15.099105725035558,14.77055091017518,14.849891662597656,271724000
2021-02-22,14.698921307165705,15.055581855788054,14.251479612238253,14.282072067260742,325884000
2021-02-23,14.00300906755109,14.16567069273427,13.320778641894504,14.069416999816895,391780000
2021-02-24,14.050268938182565,14.43229798344174,13.68540047372523,14.42458724975586,448320000
2021-02-25,13.973416830192615,14.300977418786859,13.148423242582279,13.239204406738281,824436000
2021-02-26,13.681917670854737,13.783394411878966,13.29242744323524,13.644113540649414,500932000
2021-03-01,13.803791109861447,13.853534691004315,13.483692697486628,13.770711898803711,353184000
2021-03-02,13.828659823403687,13.849054792199592,13.32724682102197,13.337444305419922,264116000
2021-03-03,13.35734404205113,13.382463937464099,12.733063976194641,12.739033699035645,377592000
2021-03-04,12.735051323937004,12.908407604408795,12.02173124079755,12.306760787963867,573344000
2021-03-05,12.485590681099316,12.485590681099316,11.61930914685573,12.397544860839844,542840000
2021-03-08,12.386100946731473,12.407241654699087,11.50713535777031,11.533748626708984,543112000
2021-03-09,12.072159199010558,12.55632917757728,12.001499113514425,12.460291862487793,521824000
2021-03-10,12.779007652547866,12.917839263049766,12.397842388909234,12.408540725708008,384376000
2021-03-11,12.887982786943063,12.983772381108242,12.673514929162938,12.9312744140625,299916000
2021-03-12,12.587677234677724,12.827025929600989,12.529706717484979,12.794432640075684,243964000
2021-03-15,12.803142092591518,13.143504301301956,12.706109160796741,13.12807846069336,221988000
2021-03-16,13.292537069306986,13.447790141533767,13.0539352931175,13.22760009765625,272128000
2021-03-17,12.977305373429337,13.388825038522612,12.927295957365558,13.277361869812012,243864000
2021-03-18,13.07359132528923,13.120863512138007,12.656099908286295,12.66157341003418,293896000
2021-03-19,12.68893987970819,12.859618766234545,12.552098561022962,12.784231185913086,299208000
2021-03-22,12.850915260869746,13.33035785281536,12.844943476614104,13.1231050491333,297804000
2021-03-23,13.190775433395043,13.280593244475526,12.958891459690443,13.00815486907959,222048000
2021-03-24,13.088269018279323,13.096231078614293,12.576233274539561,12.582452774047852,245840000
2021-03-25,12.439641491398485,12.65386069712674,12.2132310027731,12.4752197265625,295144000
2021-03-26,12.494377029182635,12.794682152334557,12.314244068153682,12.777763366699219,363968000
2021-03-29,12.758854634186175,12.999944962976231,12.639180750258788,12.886241912841797,273520000
2021-03-30,12.780500784061243,12.913112896753688,12.644156781650523,12.810108184814453,200204000
2021-03-31,12.953169750877729,13.405990711832604,12.92032779315816,13.284326553344727,314776000
2021-04-01,13.507256145400948,13.803579814393816,13.446547439602472,13.745609283447266,308276000
2021-04-05,13.801090791161734,13.946888858751477,13.667234391669156,13.920516014099121,255672000
2021-04-06,13.932705651391382,13.98694428007725,13.707539461225052,13.795117378234863,191744000
2021-04-07,13.814277068484714,14.175289971373456,13.645838042143147,14.075769424438477,251284000
2021-04-08,14.184495575099847,14.402198005906836,14.180762736178757,14.248437881469727,244416000
2021-04-09,14.145927469530193,14.338998626930923,14.107114684850188,14.331036567687988,195172000
2021-04-12,14.221320048484545,15.278980667013547,14.071540459342406,15.136167526245117,869324000
2021-04-13,15.158558477798532,15.624815043568274,15.053314813963015,15.604413032531738,676212000
2021-04-14,15.550176216248406,15.645218885689257,15.15457969534275,15.203843116760254,385500000
2021-04-15,15.587492029138685,16.13659985814199,15.556640352730028,16.059968948364258,598480000
2021-04-16,15.976124276327353,16.08833533705713,15.789273517405002,15.836297988891602,335208000
2021-04-19,15.46209570767448,15.731797798065214,15.160048993973174,15.288182258605957,404420000
2021-04-20,15.249866208010582,15.422784036919696,14.891341936905754,15.098594665527344,334132000
2021-04-21,15.046347575304525,15.28893085259979,15.029927070355269,15.286940574645996,216776000
2021-04-22,15.301370575475275,15.364566882387335,14.712702932237502,14.779133796691895,277788000
2021-04-23,14.86273203688158,15.261563065807191,14.828895411965819,15.192147254943848,227500000
2021-04-26,15.112282067435485,15.404873825568805,15.052568979496371,15.403878211975098,197796000
2021-04-27,15.503897705170875,15.595457144527792,15.280970415828268,15.308090209960938,164572000
2021-04-28,15.29092347509163,15.457870521096856,15.142636830063717,15.203593254089355,209416000
2021-04-29,15.32625115862929,15.362576342418699,14.999324504524623,15.251361846923828,173196000
2021-04-30,15.101832829586288,15.291419872387051,14.92518212012407,14.9376220703125,201912000
2021-05-03,15.0525689765553,15.173735815261006,14.716685585647,14.76569938659668,203912000
2021-05-04,14.567154756246032,14.567403422368976,13.94315749215213,14.282524108886719,405324000
2021-05-05,14.638560411281018,14.742560743124349,14.318600201838999,14.389260292053223,292024000
2021-05-06,14.425833080432389,14.501469334711977,14.149911470541818,14.453450202941895,193380000
2021-05-07,14.737333378945776,14.899054593283333,14.601486723687938,14.741313934326172,229328000
2021-05-10,14.716434736221853,14.73509513395343,14.181758011696585,14.197432518005371,268904000
2021-05-11,13.75879529407013,14.286008322864332,13.684154640398528,14.237740516662598,285584000
2021-05-12,13.942409127844432,14.191958844362496,13.643597898091196,13.692611694335938,303408000
2021-05-13,13.9665447300379,14.013320537107868,13.394547147231089,13.599809646606445,285404000
2021-05-14,13.823482138772494,14.259384315186782,13.682659301255852,14.17479133605957,258616000
2021-05-17,14.089204485525109,14.101395769520703,13.787158662144325,14.097663879394531,216980000
2021-05-18,14.19867642444646,14.335269089608653,13.936935429096572,13.948629379272461,186256000
2021-05-19,13.501532501812244,14.012076335077285,13.478394213384284,13.998392105102539,344000000
2021-05-20,14.23400657092492,14.613431183534683,14.202160225647615,14.542522430419922,321592000
2021-05-21,15.09112955927418,15.149101021619929,14.798289203895255,14.919953346252441,672992000
2021-05-24,15.139648534960056,15.669598713415175,15.10332335245462,15.537236213684082,554816000
2021-05-25,15.690497590957026,15.742745944567211,15.408355532354786,15.572813987731934,435408000
2021-05-26,15.658899315983863,15.718114114485589,15.51160831799245,15.624813079833984,370440000
2021-05-27,15.62456385589873,15.674573261836494,15.38596210958284,15.413827896118164,581476000
2021-05-28,15.426765997018279,16.19954708212294,15.426765997018279,16.166704177856445,644536000
2021-06-01,16.192085626438377,16.30976923688421,15.827091228848875,16.18661117553711,472804000
2021-06-02,16.17441879999118,16.837727029046853,16.157748681493572,16.697898864746094,594168000
2021-06-03,16.620770279953966,17.17634723996849,16.503584018913063,16.88848114013672,580008000
2021-06-04,17.030548852392332,17.576422190681168,17.013631964827372,17.494070053100586,617120000
2021-06-07,17.48710229431981,17.727196038292035,17.110414943863784,17.534622192382812,575756000
2021-06-08,17.443314784213733,17.53711316104232,17.16838687091044,17.373401641845703,323848000
2021-06-09,17.435862301693522,17.494841943488854,17.177047922626723,17.27907943725586,381656000
2021-06-10,17.27086894747683,17.412221498632054,17.09766275489283,17.34552574157715,287772000
2021-06-11,17.39977978705198,17.85743409569149,17.36419339668503,17.743953704833984,416308000
2021-06-14,17.82433623634231,17.957226532251276,17.582195733025387,17.93657112121582,321376000
2021-06-15,17.833292979468382,17.9340808879031,17.64714558818746,17.707368850708008,243032000
2021-06-16,17.709607366236927,17.87285892613583,17.504296927782022,17.72901725769043,307124000
2021-06-17,17.693435236474446,18.749097779560163,17.675268955812072,18.572158813476562,809656000
2021-06-18,18.69833507661879,19.28663939831395,18.49924642659552,18.553747177124023,968856000
2021-06-21,18.35116743365587,18.45195723428612,17.741461763180403,18.343204498291016,672384000
2021-06-22,18.3872508758273,18.87725613721242,18.302140132099126,18.80060577392578,580144000
2021-06-23,18.92105744176349,19.065396569450836,18.821513150301545,18.9703311920166,332356000
2021-06-24,19.140058125456942,19.331430625682103,19.00119278333372,19.117908477783203,320924000
2021-06-25,19.192566694456715,19.257270776737716,18.80832746643894,18.944204330444336,278364000
2021-06-28,19.27294637389471,19.987174655201073,19.23088938832883,19.89385223388672,495436000
2021-06-29,19.79181849083902,20.007081674259897,19.567346857383377,19.93541145324707,367632000
2021-06-30,19.908036750212215,20.070542160413943,19.77315479150044,19.911272048950195,326568000
2021-07-01,20.033212727409474,20.362702460566606,19.927695282223045,20.119815826416016,480136000
2021-07-02,20.347030221460038,20.41173431290762,20.195225563823374,20.393566131591797,342764000
2021-07-06,20.64292096446594,20.746944185216677,20.257438112216875,20.60409927368164,446708000
2021-07-07,20.758390496324644,20.779792073320536,20.239269348710295,20.278837203979492,418428000
2021-07-08,19.765933222680236,20.041170879726913,19.61089333995601,19.81197166442871,503300000
2021-07-09,19.871455805781903,19.988668945478935,19.664155534759942,19.958805084228516,296624000
2021-07-12,20.14768528825226,20.439099465381375,20.09567369123447,20.418943405151367,321984000
2021-07-13,20.307459143346122,20.36793303880323,20.02226675099357,20.15764617919922,290708000
2021-07-14,20.264905154039226,20.324630982790477,19.662664809285303,19.751008987426758,380100000
2021-07-15,19.721394132584212,19.75648307783893,18.772490778787795,18.879749298095703,550564000
2021-07-16,18.943704278756737,19.069626505196034,17.99057088100206,18.078168869018555,688224000
2021-07-19,17.833544044539046,18.955154278049445,17.78401966527489,18.694101333618164,749060000
2021-07-20,18.644574810811843,18.752082041477266,18.081156267494258,18.52711296081543,434687000
2021-07-21,18.795882316770854,19.43794103502016,18.656521440989437,19.321474075317383,371017000
2021-07-22,19.55242200731095,19.796303610975237,19.188090042132742,19.504640579223633,323826000
2021-07-23,19.566356036946843,19.610155991186033,19.162207523387156,19.46880340576172,195672000
2021-07-26,19.222923942720286,19.353325073529764,18.827733386815776,19.20600128173828,203943000
2021-07-27,19.177132989949083,19.532505085696283,18.655522752528007,19.120393753051758,248863000
2021-07-28,19.230890227163382,19.556398512743925,18.908368517411507,19.414051055908203,202191000
2021-07-29,19.42997730193718,19.762455536602744,19.239848425490685,19.57232666015625,190781000
2021-07-30,19.329438564431676,19.540471578419623,19.175146696320255,19.410070419311523,183497000
2021-08-02,19.610152354563404,19.869961658246222,19.27269777815783,19.659923553466797,217444000
2021-08-03,19.64996404799966,20.129765956669914,19.132335354054607,19.72462272644043,301811000
2021-08-04,19.898826814854456,20.225331848038415,19.737565032108463,20.18153190612793,231309000
2021-08-05,20.40650479203226,20.638441941721155,20.249224447514635,20.542879104614258,211435000
2021-08-06,20.430395502608686,20.476185237621273,20.117826497097322,20.273115158081055,178497000
2021-08-09,20.352750666567054,20.41446817532741,20.051133065996048,20.20244026184082,146443000
2021-08-10,20.229314798148827,20.33682202830791,19.744534522125157,19.845075607299805,179238000
2021-08-11,19.951586593338543,19.957559744802627,19.341383413828332,19.609155654907227,185925000
2021-08-12,19.779376396027782,19.937649714347675,19.53051661292987,19.81421661376953,151652000
2021-08-13,19.814214187047156,20.12180485647357,19.760459629886572,20.095922470092773,183063000
2021-08-16,20.043170247358894,20.194477444097572,19.364279545633938,19.8590145111084,210876000
2021-08-17,19.595220967543515,19.679834290499414,19.179128093035906,19.3692569732666,204585000
2021-08-18,19.411068171281503,19.544457824646162,18.913348474581976,18.953166961669922,285913000
2021-08-19,19.405090193128377,20.40152612998121,18.67642838900111,19.707704544067383,766555000
2021-08-20,19.89981630643897,20.769830365774006,19.84208219259988,20.721054077148438,675741000
2021-08-23,20.87535134215938,21.89667080050031,20.854447214890527,21.85784912109375,575807000
2021-08-24,21.653790746731485,21.858850614050873,21.43678457528005,21.693607330322266,297299000
2021-08-25,21.63785602487588,22.367512579613624,21.622925048155796,22.111684799194336,347701000
2021-08-26,22.098751769400412,22.238112654688,21.69062183507276,21.96735382080078,237940000
2021-08-27,22.082826190221216,22.61837265798481,22.06590352409162,22.532764434814453,304722000
2021-08-30,22.725876717636822,22.937904612772638,22.448149850901924,22.584524154663086,262580000
2021-08-31,22.59547666794216,22.59547666794216,22.022999320495497,22.286836624145508,259850000
2021-09-01,22.386398003393204,22.597468221617223,22.25895905860022,22.34259033203125,201767000
2021-09-02,22.419249529951113,22.493921385599155,22.197227896388572,22.29778480529785,187834000
2021-09-03,22.227096544764898,22.885197091806518,22.102644720659796,22.74282455444336,280532000
2021-09-07,22.732867877774773,22.798578424834954,22.42323092316532,22.562618255615234,198107000
2021-09-08,22.41427219080018,22.510846929460918,21.880621559926695,22.24103546142578,254434000
2021-09-09,22.214154452621685,22.43916319750874,22.033948443162565,22.07974624633789,196856000
2021-09-10,22.249995986999718,22.52677674082894,22.1723389246809,22.379426956176758,248376000
2021-09-13,22.584527770420298,22.863300618199723,21.762149673506425,22.054861068725586,297500000
2021-09-14,22.177318823418137,22.311727046467276,21.989148450540036,22.14446449279785,199755000
2021-09-15,22.21116747444568,22.268913686849235,21.86967123574188,22.243026733398438,166538000
2021-09-16,22.085723205642353,22.179310858145648,21.830845305683194,22.14446449279785,156033000
2021-09-17,22.202204344488806,22.223112159489396,21.734266176153632,21.803958892822266,294503000
2021-09-20,21.053270591267214,21.339012693768538,20.57139376968549,21.020416259765625,349440000
2021-09-21,21.323081688701794,21.33104602969822,20.858130525552628,21.15283203125,204688000
2021-09-22,21.272300812492595,21.86369574938004,21.103046254185703,21.84477996826172,268726000
2021-09-23,22.04291020210144,22.43617848847477,21.794006511837477,22.383411407470703,248555000
2021-09-24,21.973213750163456,22.051867773910164,21.76513066495934,21.98416519165039,217655000
2021-09-27,21.614793860062722,21.70340426569089,21.231483878149266,21.565013885498047,245215000
2021-09-28,21.12096960542121,21.32507053002053,20.560436939331986,20.608226776123047,343069000
2021-09-29,20.848170149177676,20.92483213876471,20.3772429721725,20.427024841308594,218394000
2021-09-30,20.676926507135207,20.973620032961403,20.59727740414024,20.625154495239258,221009000
2021-10-01,20.65900727941029,20.767528549150793,20.11440509795195,20.651042938232422,240978000
2021-10-04,20.41408754199275,20.45192101438955,19.469249598030608,19.64547348022461,345635000
2021-10-05,19.86251425727249,20.557453280437706,19.766934576510337,20.361316680908203,279282000
2021-10-06,20.03176974378131,20.629137078715868,19.99194424199397,20.60922622680664,297202000
2021-10-07,20.999505841929384,21.228498682857182,20.880033132647856,20.982582092285156,256919000
2021-10-08,21.00846910302151,21.11300820810894,20.683898444287028,20.739652633666992,151258000
2021-10-11,20.484777230220068,20.970636266074724,20.42105679829809,20.604249954223633,163388000
2021-10-12,20.736660050850766,20.964655885876756,20.437976429822484,20.58034896850586,162134000
2021-10-13,20.82627159125142,20.897956364840443,20.62217061425667,20.847179412841797,180652000
2021-10-14,21.194648710999132,21.659599896985824,21.029376283806112,21.6506404876709,243589000
2021-10-15,21.71435652898172,21.834826198844418,21.56700673526924,21.766128540039062,226994000
2021-10-18,21.653626407282953,22.193249435993522,21.54908541210571,22.12455177307129,189494000
2021-10-19,22.178308856137,22.28085779315563,21.940358557922448,22.192249298095703,161473000
2021-10-20,22.207186839128415,22.334625782730672,21.885603327165416,22.006072998046875,146276000
2021-10-21,22.00009915262171,22.611406925381793,21.986160606952357,22.59248924255371,187590000
2021-10-22,22.722917534822606,23.02857050189633,22.462067311679963,22.6263427734375,249384000
2021-10-25,22.872258622224397,23.25258344955109,22.67014969676888,23.06441307067871,230235000
2021-10-26,23.88380198609397,25.148233144137606,23.81908649717466,24.60860824584961,485898000
2021-10-27,24.366676556372838,24.979974473581777,24.175517185619338,24.34377670288086,245990000
2021-10-28,24.768901535208865,24.840586291381936,24.415458790011783,24.83162498474121,234204000
2021-10-29,24.89136187149755,25.596257241681755,24.890366803732874,25.454879760742188,292503000
2021-11-01,25.536524276050844,25.780448839610433,25.116373947615195,25.713743209838867,265740000
2021-11-02,25.70876724972974,26.56101256170564,25.68686246202582,26.285226821899414,294112000
2021-11-03,26.55304041683537,26.666540795814445,26.119948614532124,26.481355667114258,239910000
2021-11-04,27.109593234066324,31.227455386633288,26.999079939655886,29.67031478881836,1153631000
2021-11-05,30.05462047753978,31.262300425460428,29.28102744943848,29.62152862548828,851260000
2021-11-08,30.01678837668219,30.963618188602332,29.775849037020173,30.668916702270508,503101000
2021-11-09,32.140431924829684,32.16830901202429,29.832596497880946,30.52255630493164,646746000
2021-11-10,29.227262149282613,30.714709797083966,28.65179591122643,29.329809188842773,636206000
2021-11-11,30.334391912355496,30.45585665879576,29.646422105832695,30.256732940673828,332172000
2021-11-12,29.87840015502357,30.545462142052177,29.500065470388805,30.256732940673828,413054000
2021-11-15,30.418020909460683,30.509616521619076,29.118743398652445,29.89333152770996,384909000
2021-11-16,29.628497753453818,30.256729228063044,29.57572877826621,30.07054901123047,264484000
2021-11-17,30.284610635448647,30.37521308737603,28.673705838544485,29.1326847076416,428508000
2021-11-18,32.225065268536866,32.61633964212017,31.183650744846176,31.53609848022461,781711000
2021-11-19,32.10160442864808,32.94290005570085,31.765087317217567,32.84035110473633,533867000
2021-11-22,33.37001812058742,34.49506385982345,31.76011037964673,31.81586456298828,754335000
2021-11-23,31.39670778185482,32.21809062628642,30.744579503591616,31.606782913208008,532163000
2021-11-24,31.323032237725272,32.71091813220103,30.792368699348174,32.53071212768555,435162000
2021-11-26,32.457044497118794,32.566562744726234,31.21252776050895,31.364856719970703,283069000
2021-11-29,32.22407162500823,33.26548239676256,31.89551689877383,33.22964096069336,454964000
2021-11-30,33.02354533082021,33.20674036434526,31.72426963928221,32.53270721435547,622066000
2021-12-01,33.07737601000796,33.1470772684117,31.24621379716434,31.300979614257812,484368000
2021-12-02,31.08091667285877,32.339527421049986,30.892721414598597,31.98902702331543,472890000
2021-12-03,31.863574209549956,31.992025853618237,30.00154575602389,30.56214714050293,544325000
2021-12-06,29.752611029224973,30.11207202986678,27.918465014907625,29.90894317626953,658938000
2021-12-07,30.825026722109563,32.310666695449044,30.520329586656192,32.28875732421875,593053000
2021-12-08,31.86257802352817,32.15233775708551,31.287041214384153,31.69031524658203,475551000
2021-12-09,31.59870204936308,32.06769651903593,30.29827039453706,30.36000633239746,488507000
2021-12-10,31.017194834238797,31.171534691574287,29.733690792322534,30.06925392150879,488825000
2021-12-13,30.12003667037444,30.16484489291169,27.9961292011688,28.040937423706055,598344000
2021-12-14,27.580906118057847,28.55573229210016,27.1338209994663,28.2161865234375,667035000
2021-12-15,28.27891810418674,30.36996527334218,27.71931388041696,30.329139709472656,698297000
2021-12-16,31.01918703981043,31.027152355261656,27.97322876019045,28.265974044799805,707366000
2021-12-17,27.865685848167104,28.7986911983122,27.64164476154894,27.682470321655273,713758000
2021-12-20,27.188586061521594,28.024007803925517,27.029268369795737,27.600820541381836,461847000
2021-12-21,28.253028750149053,28.995848487605922,27.28417563606335,28.951040267944336,524385000
2021-12-22,28.767829354035246,29.42899807324993,28.327712401555452,29.274658203125,395184000
2021-12-23,29.628139385488993,29.930844139118374,29.305521344818228,29.513629913330078,343022000
2021-12-27,29.533547027159024,30.954463182806666,29.51363183960114,30.813068389892578,403686000
2021-12-28,31.178505155996454,31.196428065606888,29.88404641723083,30.192726135253906,420591000
2021-12-29,30.14393618740853,30.41776338511472,29.240801560831677,29.87309455871582,343139000
2021-12-30,29.699839255631407,30.327154462138402,29.41406405862047,29.459867477416992,308864000
2021-12-31,29.54748365345647,29.90196673147179,29.20594563568724,29.28560447692871,266530000
2022-01-03,29.687889053615017,30.580069009930835,29.658016270092954,29.992584228515625,391547000
2022-01-04,30.14792231126296,30.338108017250157,28.228142339164982,29.165130615234375,527154000
2022-01-05,28.825579893631648,29.290589869699456,27.415618321755158,27.48631477355957,498064000
2022-01-06,27.522156879900578,28.316754959283724,26.949609518873476,28.057863235473633,454186000
2022-01-07,28.02102409273095,28.300826210955492,26.941644095796043,27.130834579467773,409939000
2022-01-10,26.467675485447426,27.351890124020873,25.53466996334042,27.283184051513672,594681000
2022-01-11,27.206510950592097,27.94534808174242,26.72457518291045,27.69840431213379,404089000
2022-01-12,27.947338113635016,28.473086907923104,27.49029538667551,27.879629135131836,383413000
2022-01-13,28.258008185903833,28.358577413604603,26.38502715764647,26.461700439453125,540171000
2022-01-14,26.18787012536713,27.08104705883841,26.098253685229988,26.827133178710938,395832000
2022-01-18,26.148046566250244,26.524435305727852,25.660135800028776,25.79256820678711,424270000
2022-01-19,25.96781525631739,26.42983583830402,24.94519334293258,24.960128784179688,488315000
2022-01-20,25.196118325519468,25.469945494898944,23.97534359217132,24.04703712463379,435181000
2022-01-21,23.40678352912288,24.717173064459438,23.163824281021945,23.274351119995117,718958000
2022-01-24,22.234798657209716,23.280321348926336,20.798947012783948,23.272356033325195,913982000
2022-01-25,22.449878275649777,22.845186990931126,21.906206530046255,22.228824615478516,664616000
2022-01-26,23.140916602745857,23.954432781138927,22.20492373788374,22.674911499023438,755959000
2022-01-27,23.467523671999473,23.89270329457415,21.582592522124454,21.850446701049805,573353000
2022-01-28,21.91814783867221,22.760541465773002,21.20520100162781,22.742618560791016,543774000
2022-01-31,23.083163840300895,24.40450780299976,22.95371892485848,24.38160514831543,564680000
2022-02-01,24.996973791149287,25.03779935981821,23.788148758594023,24.532960891723633,518925000
2022-02-02,25.684028862008926,25.70692961725198,24.448318695078196,25.134382247924805,543419000
2022-02-03,24.35372741378853,24.970087889771477,23.678618459668993,23.845901489257812,410178000
2022-02-04,23.869799837318162,24.529973363145128,23.531249213857308,24.215320587158203,354829000
2022-02-07,24.268090747101677,25.074636814466327,24.098815458966705,24.622573852539062,376868000
2022-02-08,24.255148284706152,25.122435194530542,23.877764383475125,25.00095558166504,410359000
2022-02-09,25.51276352295215,26.611061657409135,25.244911267514784,26.59114646911621,524282000
2022-02-10,25.884175827584478,26.81020934447509,25.490859383243375,25.713903427124023,513200000
2022-02-11,25.80550800141122,26.040501880764474,23.671644989793617,23.846893310546875,605472000
2022-02-14,23.831961302784133,24.768949487290513,23.653723589292724,24.163541793823242,440424000
2022-02-15,24.84262993037753,26.43182609028829,24.67833439160507,26.38204002380371,699869000
2022-02-16,26.147049472381745,26.468672364813905,25.44306293139375,26.397974014282227,732676000
2022-02-17,25.520724748344236,25.67506458405284,24.061972575195895,24.40251350402832,810595000
2022-02-18,24.562829258106373,24.87947428103264,23.00151540777712,23.54120445251465,761255000
2022-02-22,22.936789580443467,23.96140174606812,22.901938955709063,23.29027557373047,633422000
2022-02-23,23.700523668904758,24.052019342712313,22.205923511795177,22.291555404663086,566511000
2022-02-24,20.92540691455172,23.698533574396834,20.800939822460943,23.64675521850586,735801000
2022-02-25,23.619868407786754,24.11375214772827,23.281317813989904,24.05400848388672,528866000
2022-02-28,23.88971413278726,24.559845228253224,23.605929341272788,24.281038284301758,477319000
2022-03-01,24.187438016478104,24.27307180434672,23.033378906753704,23.376907348632812,412056000
2022-03-02,23.658754033910338,24.309080821194527,23.319150331128935,24.120853424072266,389642000
2022-03-03,24.16268331262876,24.226422409350747,23.372930165463426,23.616928100585938,365095000
2022-03-04,23.288273750720784,23.583061545150027,22.389965840443992,22.84210777282715,431415000
2022-03-07,22.723596178824522,22.938713469563773,21.242683821437815,21.26459312438965,450821000
2022-03-08,21.22176739996016,22.281410884459255,20.565464751978574,21.425928115844727,557467000
2022-03-09,22.295352427006858,23.124942518382856,22.15592615939423,22.91978645324707,492742000
2022-03-10,22.438769465948972,22.69471740580175,21.79242598093224,22.565250396728516,428066000
2022-03-11,22.92774970967302,23.05024725471571,21.955745518411543,22.009525299072266,367209000
2022-03-14,21.77947065227046,22.17086141206027,21.072378211360963,21.242677688598633,385354000
2022-03-15,21.429910411009644,22.943688372057732,21.234713636338597,22.87895393371582,491996000
2022-03-16,23.403796625061247,24.49630589121448,23.077140259936503,24.395719528198242,671422000
2022-03-17,24.02125840895199,24.74030090825493,23.80813378286248,24.664613723754883,471941000
2022-03-18,24.69747741085638,26.460231824316143,24.523194587296928,26.34470558166504,730719000
2022-03-21,26.398487485905324,27.040847486368627,25.860697187971265,26.624557495117188,591727000
2022-03-22,26.617582876634945,27.126492498169284,25.965265566055862,26.415414810180664,547007000
2022-03-23,26.01905266902892,26.50306328876022,25.47030949447429,25.529067993164062,502120000
2022-03-24,26.058884112048176,28.204065572576116,25.80094361026962,28.034761428833008,877379000
2022-03-25,27.77184415178732,28.241912070470075,27.159361974596653,27.578638076782227,579016000
2022-03-28,27.64237355173041,28.134350707606135,27.094623991150144,28.103477478027344,425494000
2022-03-29,28.5775285613948,28.827500474518697,27.86545546506131,28.53868865966797,488984000
2022-03-30,28.188133610446798,28.37934706350977,27.390412047597884,27.57664680480957,463487000
2022-03-31,27.668271007248077,28.13236299140276,27.158367800089522,27.174301147460938,523440000
2022-04-01,27.26293568960486,27.383440643848896,26.15947167732759,26.602649688720703,517235000
2022-04-04,26.61858452561167,27.44518668797612,26.504055527761597,27.247997283935547,397120000
2022-04-05,27.142426260215576,27.207160692640215,25.714296808195737,25.82484245300293,436615000
2022-04-06,24.831926142575206,25.19642705051053,23.904737678545857,24.307083129882812,703833000
2022-04-07,24.340944116539315,24.620793903525843,23.3818870718976,24.108898162841797,557992000
2022-04-08,23.819082497525578,23.825058449918917,22.967583363529346,23.024349212646484,524781000
2022-04-11,22.12306125571871,22.228626311058377,21.57132836419141,21.8272762298584,575207000
2022-04-12,22.44474005075557,22.63197015423266,21.194876629839,21.41596794128418,662258000
2022-04-13,21.639052358381548,22.40789137072251,21.367169228856223,22.112106323242188,516943000
2022-04-14,22.412865542843637,22.68375325848132,21.076360522778845,21.170970916748047,569097000
2022-04-18,21.113218721167843,21.9975822866679,20.992713745016705,21.693832397460938,525701000
2022-04-19,21.631082424341212,22.28140906472453,21.226744362071575,22.107126235961914,512781000
2022-04-20,22.424823034682213,22.577196581632325,21.11321496007185,21.394060134887695,468974000
2022-04-21,21.620128118741523,22.30033264038632,19.918124725646763,20.10037612915039,656209000
2022-04-22,20.219882348509838,20.402133738806455,19.42017020020564,19.435108184814453,624713000
2022-04-25,19.123394685988696,19.8633531842539,19.017829608738282,19.82052993774414,641566000
2022-04-26,19.637281368701824,19.706994507674615,18.593571203547693,18.711088180541992,653143000
2022-04-27,18.52186245193841,19.088533303599878,18.215124690050864,18.33961296081543,499460000
2022-04-28,18.8893550683818,19.95497647373352,18.41430844686625,19.701019287109375,570327000
2022-04-29,19.322576485275174,20.045604367770206,18.441199089362883,18.47107696533203,500435000
2022-05-02,18.46509770793821,19.493867882415657,18.315712153889976,19.45303726196289,572049000
2022-05-03,19.320578698241782,19.743839946636715,19.054671561830528,19.521751403808594,475751000
2022-05-04,19.84144044981811,20.316487014368857,18.67423744950525,20.250757217407227,648855000
2022-05-05,19.785671961147454,19.84343319196136,18.424267408174938,18.76685905456543,626331000
2022-05-06,18.65929999241693,19.432122333318322,17.916353624000763,18.598548889160156,633297000
2022-05-09,17.960173412210224,18.180267458938104,16.75811385880719,16.880611419677734,644455000
2022-05-10,17.61658525253339,18.12350232079174,16.955303927577983,17.52297019958496,761474000
2022-05-11,17.275985907406866,17.680323983243905,16.50017560428246,16.561920166015625,670167000
2022-05-12,16.152598484777172,16.719269214117087,15.503268328906717,16.10877799987793,708728000
2022-05-13,16.719273249889806,17.854605700388568,16.525071846466627,17.633514404296875,670437000
2022-05-16,17.437322904145635,17.715180072849822,17.035972816221634,17.19332504272461,521446000
2022-05-17,18.00000966759252,18.295794716695035,17.561812268275418,18.102588653564453,585830000
2022-05-18,17.63252027278685,18.043829664901942,16.794963502496497,16.86865997314453,545161000
2022-05-19,16.86766690277533,17.614596699783718,16.665496886231242,17.05390167236328,621310000
2022-05-20,17.26104666528793,17.338726466049714,15.690502001783667,16.62565803527832,739105000
2022-05-23,16.207377095601466,16.845753691955995,16.112766693765444,16.82882308959961,639889000
2022-05-24,16.44241318228326,16.529056923699873,15.715401091996485,16.08786964416504,588550000
2022-05-25,15.954421301148022,17.040954810049584,15.934502716862164,16.9055118560791,781132000
2022-05-26,15.97034965113775,18.017932366337,15.956407026409044,17.77791976928711,996575000
2022-05-27,18.11155027204223,18.80370475029721,18.025901901467446,18.733991622924805,738379000
2022-05-31,18.902301701134324,19.121402309598214,18.27488154857996,18.595563888549805,664100000
2022-06-01,18.64735401344506,18.975005819632933,18.047817122189745,18.245006561279297,544514000
2022-06-02,18.217119410706687,19.538686849184053,18.12350434729059,19.511796951293945,648656000
2022-06-03,19.003881477132655,19.252858009305765,18.446172677395946,18.643362045288086,598779000
2022-06-06,19.06065056239769,19.25783996366541,18.488003681659272,18.709095001220703,422406000
2022-06-07,18.396380279945216,18.92221865575563,18.113542511249516,18.848522186279297,388914000
2022-06-08,18.726000947489727,19.105521994199414,18.463026152906487,18.57558822631836,363252000
2022-06-09,18.40923976956871,18.859484333750544,17.970947743399975,17.977920532226562,395574000
2022-06-10,17.531657297722646,17.628280755740548,16.803494968741788,16.90808868408203,465248000
2022-06-13,15.9378697072585,16.248658440141707,15.54539961251888,15.586240768432617,604153000
2022-06-14,15.669913807719103,16.0036129839423,15.35215229559049,15.774506568908691,469680000
2022-06-15,16.03249841468416,16.80249737716836,15.86415501064633,16.46282196044922,563936000
2022-06-16,15.79841174165895,15.880094046952882,15.341194505792407,15.540417671203613,545749000
2022-06-17,15.587237016415061,15.932889702329279,15.268479912389294,15.818336486816406,630334000
2022-06-21,16.411024604098987,16.94195389912008,16.343287871553795,16.501670837402344,483089000
2022-06-22,16.16299022237989,16.59729794626429,16.117169323053933,16.296470642089844,437135000
2022-06-23,16.45485004508153,16.520593728784007,15.791436941343258,16.1619930267334,463680000
2022-06-24,16.435929188204064,17.07344340934076,16.24666644132576,17.059497833251953,472153000
2022-06-27,17.244770110232803,17.26269985867149,16.561433331282462,16.803489685058594,427968000
2022-06-28,16.834373533612357,17.135200852696613,15.883082065971653,15.919939041137695,461149000
2022-06-29,15.752589638361185,15.758565905380278,15.111090429737093,15.481645584106445,482352000
2022-06-30,15.301351073584014,15.506551472546047,14.804289165625038,15.100135803222656,686070000
2022-07-01,14.841145535452219,15.004508262689948,14.336114308605408,14.466605186462402,577610000
2022-07-05,14.119955710684517,14.91286420559904,14.000421809691066,14.905891418457031,651397000
2022-07-06,14.951714146500859,15.259514268350555,14.73157165387112,15.071248054504395,529066000
2022-07-07,15.395979807095815,15.88308023518351,15.329239601625927,15.796418190002441,492903000
2022-07-08,15.370082202682903,15.974725437074959,15.329241049958439,15.776497840881348,467972000
2022-07-11,15.465709825855997,15.466706345467303,14.97960489954158,15.093162536621094,437321000
2022-07-12,15.208711284952944,15.371078433295626,14.819229812840817,15.023433685302734,458483000
2022-07-13,14.533346313141694,15.31529795939853,14.408831695585608,15.105116844177246,521918000
2022-07-14,15.049333517821207,15.412915948428,14.670808992131683,15.312308311462402,456235000
2022-07-15,15.598196388630521,15.720717973194386,15.385026652948966,15.700796127319336,385935000
2022-07-18,16.23869663998441,16.83138547101321,15.939862350377403,16.038476943969727,670517000
2022-07-19,16.42198582931977,17.043563418815324,16.1092058948289,16.926021575927734,702366000
2022-07-20,16.881191075573774,17.863362252554914,16.73575812116985,17.737850189208984,760538000
2022-07-21,17.815547810901403,18.07354091727774,17.476867973237123,17.97990608215332,557049000
2022-07-22,17.823517582725398,17.897229633267205,17.07045276387724,17.251747131347656,536671000
2022-07-25,16.95291172337914,17.057505436276674,16.584349553933702,16.95789337158203,480748000
2022-07-26,16.823418108378,16.853302299081996,16.414014765426856,16.468801498413086,397865000
2022-07-27,16.965862630194085,17.86635353894504,16.84732523587989,17.72092056274414,569776000
2022-07-28,17.90519775674753,18.069556021471275,17.372275483342808,17.914161682128906,474646000
2022-07-29,17.743827026455214,18.173153093615777,17.623296613411778,18.09246826171875,435460000
2022-08-01,18.111393572390696,18.772816539459214,17.9201397228468,18.369388580322266,476469000
2022-08-02,18.05163093309131,18.864462341148062,18.021746740904135,18.45406150817871,489527000
2022-08-03,18.113388905855146,18.89434491533446,18.066570532098716,18.81963539123535,418146000
2022-08-04,18.775802954410633,19.19915175470648,18.687147876727973,19.140380859375,409652000
2022-08-05,18.736960242767893,19.154333889054843,18.593520291504326,18.915266036987305,386068000
2022-08-08,17.43403710855411,18.168174706690454,17.175046511530418,17.723905563354492,981859000
2022-08-09,17.18500523413819,17.379247676702683,16.659055765062003,17.019649505615234,668263000
2022-08-10,17.62926940457236,18.047638401864614,17.249748509185338,18.02672004699707,597422000
2022-08-11,18.06059303930121,18.634356491462075,17.80658220790549,17.872325897216797,509327000
2022-08-12,18.089480817540075,18.645314550682862,17.883283911712684,18.636348724365234,478094000
2022-08-15,18.628377746767622,19.089579103680688,18.540720134854304,18.958091735839844,457666000
2022-08-16,18.846535746266735,19.067673865685457,18.429162055123474,18.805694580078125,451240000
2022-08-17,18.451067388569353,18.615425629733355,18.074535077980343,18.263795852661133,446799000
2022-08-18,18.229934589865376,18.791743657859055,18.11239277422747,18.700101852416992,415447000
2022-08-19,18.33452409224492,18.448081715081848,17.700994191090388,17.779687881469727,441588000
2022-08-22,17.422080214103385,17.489816937587364,16.900114915309967,16.967851638793945,409593000
2022-08-23,16.923028743581053,17.397180176245477,16.904101521089547,17.114282608032227,369986000
2022-08-24,16.94593725189229,17.338408253803493,16.829392914726995,17.155122756958008,522661000
2022-08-25,16.7785918674599,17.877309377171127,16.767634901441976,17.843441009521484,770691000
2022-08-26,17.78766010205869,17.85439937298572,16.17394986366487,16.196861267089844,769127000
2022-08-29,15.957791581811284,16.274555614443177,15.705773773179859,15.739641189575195,496132000
2022-08-30,15.898026205963157,15.976718964475275,15.123047357717592,15.407937049865723,530181000
2022-08-31,15.324260876966457,15.479655236596056,14.900911041431531,15.03538703918457,573710000
2022-09-01,14.153824316249922,14.324160780710457,13.21847139112477,13.882881164550781,1178865000
2022-09-02,14.045247525726571,14.115970968690647,13.538223289757255,13.594006538391113,743157000
2022-09-06,13.67767991813969,13.725493859595561,13.299155414870102,13.412713050842285,535751000
2022-09-07,13.514348937264758,13.788363076170643,13.298127313591545,13.664807319641113,512657000
2022-09-08,13.410721079373277,13.95775250797317,13.321044715093802,13.93981647491455,624873000
2022-09-09,14.106216544794995,14.422079811274344,14.075328559341035,14.335391998291016,486612000
2022-09-12,14.31745676821465,14.49481775493603,14.147069690827237,14.45296859741211,484159000
2022-09-13,13.752490135017588,13.872059562410795,13.052011836426038,13.08389663696289,714956000
2022-09-14,13.206456253054055,13.242327368226784,12.86667985035143,13.08090877532959,588507000
2022-09-15,12.968312751976555,13.185530199582288,12.744119495023593,12.882620811462402,523625000
2022-09-16,12.6962911946005,13.164605464480621,12.571739597842733,13.150655746459961,670751000
2022-09-19,12.965325985679057,13.414708459666146,12.963333304125877,13.333998680114746,569685000
2022-09-20,13.167595196842449,13.434633475375263,13.010161983326146,13.128734588623047,524818000
2022-09-21,13.165603203916465,13.98066875064519,13.06297204241683,13.213430404663086,807679000
2022-09-22,13.023116575574866,13.101833667672771,12.383420232786193,12.515942573547363,759162000
2022-09-23,12.375447364597502,12.565762199000392,12.213031967666868,12.471102714538574,663309000
2022-09-26,12.446192490592988,12.613590061867972,12.170185718593245,12.184135437011719,547343000
2022-09-27,12.462133804063294,12.690312407168465,12.214027440777055,12.368471145629883,553854000
2022-09-28,12.365484415747904,12.777003065810181,12.309685534452253,12.690315246582031,542414000
2022-09-29,12.403345461298121,12.455158968218063,11.903146421572972,12.176163673400879,532763000
2022-09-30,12.043642606978148,12.587684528904116,12.03168556856468,12.09545612335205,565638000
2022-10-03,12.30271017308679,12.632523169207891,12.061577674019702,12.467118263244629,547478000
2022-10-04,12.832798329827137,13.172575601055602,12.832798329827137,13.119765281677246,584182000
2022-10-05,12.864684994243332,13.273214061069236,12.575725340860139,13.161615371704102,507131000
2022-10-06,13.172578310658011,13.60701418955063,13.055997427970787,13.082901000976562,644157000
2022-10-07,12.460142467451544,12.624550545260242,11.978875271525471,12.032681465148926,672478000
2022-10-10,11.993822685224918,12.080510507633305,11.367079212741848,11.62813949584961,698699000
2022-10-11,11.519526522035383,11.803503975358765,11.242523926856697,11.544437408447266,667482000
2022-10-12,11.537464950855002,11.692904543242312,11.304304136894011,11.458747863769531,492590000
2022-10-13,10.931645390841727,12.03467479522763,10.77421216389864,11.917098045349121,850103000
2022-10-14,12.013750129635845,12.067556325773387,11.163810263463406,11.186727523803711,713432000
2022-10-17,11.476680559836852,11.905138303672846,11.475684694532076,11.845353126525879,580774000
2022-10-18,12.299718771902551,12.447187622313416,11.57632328719115,11.924071311950684,659362000
2022-10-19,11.836389481808228,12.30570066362384,11.791550821758921,12.007772445678711,523131000
2022-10-20,12.069548299667495,12.72319524071747,12.061576624677791,12.15025806427002,652398000
2022-10-21,12.054602792053803,12.453168520670618,11.844360180299446,12.421282768249512,609494000
2022-10-24,12.463133124887893,12.664408199415522,12.020725546952368,12.55380630493164,517457000
2022-10-25,12.64846488467942,13.252291014913888,12.618571815177777,13.213430404663086,505482000
2022-10-26,12.82283740595862,13.339974778311161,12.662414686166759,12.849740028381348,532953000
2022-10-27,13.581106467465899,13.788360510627266,13.07492839668743,13.128734588623047,583113000
2022-10-28,13.056994256397354,13.800318541551777,13.014148282801942,13.784375190734863,521040000
2022-10-31,13.728576716312174,13.788361907995785,13.249302168056532,13.44858455657959,486341000
2022-11-01,13.761456412532556,13.875047785742884,13.470504070891979,13.494418144226074,432817000
2022-11-02,13.800316292387196,14.159024522745352,13.163608637105877,13.171579360961914,672628000
2022-11-03,12.996212781616933,13.731565367636188,12.909524971705448,13.372856140136719,500065000
2022-11-04,13.93582958769378,14.177957930344933,13.647865776966073,14.105219841003418,612576000
2022-11-07,14.176962450071352,14.360302439141222,13.903946098084313,14.249700546264648,410061000
2022-11-08,14.747906191962752,14.837583500238217,14.165004638425565,14.549620628356934,595292000
2022-11-09,14.111196561878556,14.160021522270355,13.709642359692431,13.726581573486328,454414000
2022-11-10,14.746911302518129,15.716420641158038,14.49481857705905,15.693503379821777,700819000
2022-11-11,15.750300264782156,16.33021240348013,15.426466233654237,16.268434524536133,655487000
2022-11-14,16.159822116780518,16.480667518589406,15.864883468839679,16.23654556274414,527852000
2022-11-15,16.662013391587355,16.937022370999905,16.32323291950231,16.60621452331543,545876000
2022-11-16,16.1040250035794,16.303306431643236,15.816061182952085,15.852928161621094,649547000
2022-11-17,15.658628528149201,16.207652616827055,15.479273906047151,15.62076473236084,710894000
2022-11-18,15.908727567818614,15.944599632440841,15.0657625567973,15.353726387023926,492072000
2022-11-21,15.092667029508789,15.42148322185073,15.025906975198518,15.262057304382324,404739000
2022-11-22,15.273013794121328,16.000395552590362,15.067752452914368,15.980466842651367,472866000
2022-11-23,16.040252289045704,16.467714217291594,15.990432410924427,16.459741592407227,427241000
2022-11-25,16.259467561128588,16.42786007515215,16.113991359394493,16.211639404296875,167934000
2022-11-28,15.968512050766721,16.298325994560756,15.668593078367639,15.77022647857666,303741000
2022-11-29,15.770226349121932,15.874850195864996,15.464328384954916,15.582901000976562,298384000
2022-11-30,15.644688755545094,16.87358049316019,15.545022579304094,16.86660385131836,565298000
2022-12-01,16.942353455622023,17.207465887298017,16.579566121809616,17.077899932861328,470977000
2022-12-02,16.603489123219873,16.876576265200864,16.390201516412013,16.819765090942383,371389000
2022-12-05,16.623421575647185,16.93836855658918,16.41711062983356,16.554651260375977,352255000
2022-12-06,16.474919041618143,16.51777502605684,15.766287810992363,15.933728218078613,352694000
2022-12-07,15.719445161170468,16.132066147916248,15.614794545863099,16.066286087036133,372388000
2022-12-08,16.218773657752436,17.121754700808335,15.905818930591325,17.111787796020508,515456000
2022-12-09,17.102817944678048,17.524408725344184,16.91843494852363,16.944347381591797,465338000
2022-12-12,16.9802285062354,17.47955848372448,16.741028482869503,17.4765682220459,457328000
2022-12-13,18.469247954138357,18.727385645434474,17.65198080321333,18.011777877807617,656589000
2022-12-14,17.927065273167447,18.19118356291585,17.361955128916474,17.615108489990234,496888000
2022-12-15,17.088863487866476,17.262283446585172,16.64435056625301,16.895509719848633,478542000
2022-12-16,16.80780430040909,16.98421452775994,16.355316696171542,16.515779495239258,478232000
2022-12-19,16.516777854754576,16.55365331311345,16.091200695343332,16.19983673095703,354039000
2022-12-20,16.01047265280894,16.25565325018952,15.799180110626692,16.031402587890625,403260000
2022-12-21,16.060302979691098,16.571593975514052,16.04834193364069,16.446012496948242,325025000
2022-12-22,16.040370897342594,16.084224902594713,14.832409670787916,15.287886619567871,565045000
2022-12-23,15.14536375199491,15.287886895394593,14.83340700919184,15.155330657958984,349326000
2022-12-27,15.023769443130346,15.049682826445732,14.009161111934528,14.073945045471191,464902000
2022-12-28,13.880591262742838,14.214474984092547,13.837734330636081,13.989228248596191,351066000
2022-12-29,14.354009920900088,14.634072755943127,14.179592867751314,14.554339408874512,354923000
2022-12-30,14.286236129267657,14.580253211433105,14.18557284700013,14.565303802490234,310490000
2023-01-03,14.801513863050983,14.94603115548883,14.049029532918041,14.26729965209961,401277000
2023-01-04,14.518458311262469,14.803504564817873,14.193544438500394,14.699851036071777,431324000
2023-01-05,14.442711169863427,14.515467863086679,14.100853753433299,14.217464447021484,389168000
2023-01-06,14.42576814608272,14.959982279736408,13.987234779976571,14.80948543548584,405044000
2023-01-09,15.233071281819589,16.00249819636459,15.09054718354253,15.57592487335205,504231000
2023-01-10,15.455326689560788,15.908810437445068,15.42044347056914,15.855987548828125,384101000
2023-01-11,15.787214829354719,15.974588063145106,15.511137480198716,15.947677612304688,353285000
2023-01-12,16.046348710283624,16.581557963434708,15.440374057820266,16.455978393554688,551409000
2023-01-13,16.223760351513295,16.865615498543143,16.11113791019783,16.84269142150879,447287000
2023-01-17,16.842689261696506,17.668927336507764,16.842689261696506,17.64301300048828,511102000
2023-01-18,17.60812825910423,17.81344118394388,17.224410962438323,17.319095611572266,439624000
2023-01-19,16.97923193804357,17.139696655240964,16.67524985593479,16.709135055541992,452932000
2023-01-20,16.954316196674295,17.796501732635843,16.76893705940326,17.779558181762695,564967000
2023-01-23,18.003802360832424,19.18086843158552,17.758623747963394,19.12904167175293,655163000
2023-01-24,18.764265416274096,19.430040716014094,18.75728877168834,19.2008056640625,496204000
2023-01-25,18.849974303107246,19.30545212333689,18.51808381196262,19.258607864379883,449537000
2023-01-26,19.635350144248754,20.0988007667648,19.213759381728458,19.736013412475586,489535000
2023-01-27,19.39715101578,20.55926617927685,19.34034173496809,20.297142028808594,542142000
2023-01-30,19.88351669300846,20.072882142699807,19.086181580178014,19.098142623901367,488611000
2023-01-31,19.10612138016746,19.621398819093155,18.886855153366426,19.471899032592773,498017000
2023-02-01,19.625385818373413,21.121383652696668,19.54565246966647,20.873214721679688,660477000
2023-02-02,20.9300225588854,21.875859651889073,20.631022997012753,21.636659622192383,564276000
2023-02-03,20.930024532480385,21.672542905902933,20.719727178290317,21.029691696166992,429366000
2023-02-06,20.736666558099405,21.498120569952917,20.716732749173072,21.01872444152832,452197000
2023-02-07,21.310752619510932,22.18483115792308,21.079525321136718,22.099117279052734,664150000
2023-02-08,22.31239512578261,22.801760008367797,21.934658420888432,22.13100242614746,559651000
2023-02-09,22.530676010395137,22.94329609032527,22.046295338000963,22.262571334838867,523876000
2023-02-10,21.6177244226343,22.00443010232316,20.74165374341449,21.19413948059082,550737000
2023-02-13,21.466229945466377,21.974530722285284,20.89214911284721,21.715396881103516,474919000
2023-02-14,21.506097057062863,22.972196070287414,21.294803588437638,22.89445686340332,675474000
2023-02-15,22.47385907538401,22.778839139042542,22.032336407803555,22.688142776489258,420575000
2023-02-16,22.059242486113913,22.47485267535742,21.85392959266538,21.928680419921875,412026000
2023-02-17,21.558922723947695,21.667558774123847,20.905108479188826,21.31673240661621,465888000
2023-02-21,20.9300198380873,21.422373121018033,20.54929284097226,20.586170196533203,410015000
2023-02-22,20.637998793039895,21.03367523119019,20.352950629424083,20.68484115600586,513184000
2023-02-23,23.361891451181727,23.80839853574855,22.94827344265805,23.58514404296875,1117995000
2023-02-24,23.14760888799269,23.395779705379205,22.870535374988126,23.208404541015625,589716000
2023-02-27,23.59112115652379,23.80042043107323,23.375841359560795,23.422683715820312,452994000
2023-02-28,23.294119765093207,23.74561130134119,23.128672543867644,23.138639450073242,455963000
2023-03-01,23.114717384744207,23.1785051990992,22.43299664359423,22.622364044189453,460026000
2023-03-02,22.413063250752206,23.302089102000206,22.35724820401247,23.236309051513672,389415000
2023-03-03,23.24229205590769,23.82035928556431,23.052924647625705,23.810392379760742,412393000
2023-03-06,23.811388454961868,24.16719726800564,23.408733477576387,23.47551155090332,437429000
2023-03-07,23.525355561288883,24.04869465009514,23.167489892153753,23.21434211730957,515154000
2023-03-08,23.412708106815042,24.123454073591056,23.34990765503741,24.10451316833496,513573000
2023-03-09,24.09853264786072,24.376651390603612,23.309037961330453,23.36187171936035,501257000
2023-03-10,23.334956536006658,23.55226740158579,22.65411633700963,22.89236068725586,474866000
2023-03-13,22.680036313439018,23.224308845911295,22.22647555282617,22.89335823059082,421890000
2023-03-14,23.42168099679016,24.14239367745541,23.3857936653715,23.986886978149414,474910000
2023-03-15,23.685843355775486,24.209182394285897,23.286112651373358,24.1513671875,524486000
2023-03-16,23.95100163776788,25.507063024700976,23.818421001130595,25.46021270751953,583253000
2023-03-17,25.89982190060514,26.315502789076746,25.58681397103338,25.643634796142578,848547000
2023-03-20,25.533980590026932,25.941687335476704,25.050514016475315,25.818078994750977,432747000
2023-03-21,26.09718991814036,26.308519231000275,25.30071746105217,26.11612892150879,547408000
2023-03-22,26.34141790205971,27.50173767157012,26.154012813178745,26.3842830657959,797295000
2023-03-23,27.029233998126443,27.412020167294642,26.60557904977676,27.10499382019043,564889000
2023-03-24,26.945501524795564,27.08107103959281,26.27163910855887,26.694297790527344,454920000
2023-03-27,26.752116326767855,26.914600875564393,26.281609108296,26.447084426879883,361026000
2023-03-28,26.363349230566957,26.42914045882786,25.768237406573,26.326465606689453,356104000
2023-03-29,26.740153636460196,26.99235175803325,26.51287415863534,26.898649215698242,393694000
2023-03-30,27.14287259493359,27.412019019738466,27.01627349989387,27.296384811401367,364516000
2023-03-31,27.054156013485166,27.74596114615361,27.019266870020537,27.68914222717285,433933000
2023-04-03,27.421991687577037,27.911437912375046,27.24953854012971,27.876548767089844,398716000
2023-04-04,27.877543026671038,27.911435879998983,27.220627051021687,27.366165161132812,368592000
2023-04-05,26.74413726044268,26.91260141633157,26.311510037121913,26.79597282409668,515015000
2023-04-06,26.49991459021249,26.994346033960124,26.34341159102696,26.95148277282715,397654000
2023-04-10,26.738160454997114,27.53363676470612,26.584648216789198,27.491769790649414,395279000
2023-04-11,27.636311817588748,27.70210304890554,27.040201775147455,27.083066940307617,314378000
2023-04-12,27.283426113543882,27.381115701428637,26.364341632306775,26.41119384765625,446259000
2023-04-13,26.64944384985563,26.801959813420947,26.2457260175079,26.379301071166992,353615000
2023-04-14,26.420168322960834,26.79796926788527,26.13706621130104,26.673364639282227,395660000
2023-04-17,26.480979260649704,26.920584425908668,26.34939678807309,26.916597366333008,321471000
2023-04-18,27.445917519730365,28.021092206518258,27.270473592429965,27.579492568969727,604812000
2023-04-19,27.274458372050166,27.91143718116391,27.145866682608375,27.842655181884766,358660000
2023-04-20,27.58347456890567,27.941340187321615,26.914597451904964,27.018268585205078,427713000
2023-04-21,26.866750601318966,27.09702084669948,26.637478546679382,27.033222198486328,345103000
2023-04-24,26.92756288092003,27.27944513842349,26.586643611517285,26.956470489501953,339282000
2023-04-25,26.992351504330397,27.160817581589445,26.142050802636824,26.15799903869629,378527000
2023-04-26,26.91659491739221,27.243556588640125,26.62053343037328,26.870738983154297,406337000
2023-04-27,27.276454573793355,27.408037041245223,26.540787923231075,27.1398868560791,377161000
2023-04-28,27.138887339013703,27.670200494580325,26.985373211032865,27.661230087280273,292216000
2023-05-01,27.751940608520385,28.96608841417271,27.69213092438785,28.81855583190918,570329000
2023-05-02,28.58928408497182,28.744790786364405,27.994172302997715,28.120769500732422,402730000
2023-05-03,27.75194164873796,28.277275162589756,27.385105610028088,27.714061737060547,383387000
2023-05-04,27.563540293710812,27.770882582276077,27.15384096655844,27.474822998046875,321850000
2023-05-05,27.73798787503542,28.664048441913906,27.643289040070506,28.58928680419922,361494000
2023-05-08,28.43178384704761,29.127576016939173,28.260328904734493,29.058794021606445,344979000
2023-05-09,28.80759252115136,28.881357865661336,28.360013303057926,28.480628967285156,314869000
2023-05-10,28.913253779307176,29.020913869319795,28.370975777175932,28.79363441467285,369350000
2023-05-11,28.804604853160228,28.8584349085419,28.15666111611045,28.48760986328125,322149000
2023-05-12,28.43875993883251,28.68896736052221,27.957287902221466,28.25035858154297,274222000
2023-05-15,28.4178275338678,28.877369814441632,28.06295457930079,28.861419677734375,293926000
2023-05-16,28.74977286090327,29.77551927102902,28.74080245431232,29.120595932006836,449405000
2023-05-17,29.490427067750744,30.103481628369693,29.336914830555962,30.082548141479492,432535000
2023-05-18,30.31381366494329,31.727327831009532,30.224098180923058,31.577802658081055,748725000
2023-05-19,31.436252487669602,31.480113941471256,30.818214581828073,31.16511344909668,473908000
2023-05-22,30.803257086267713,31.42030053090031,30.582957356502835,31.077388763427734,372000000
2023-05-23,30.901948183114918,31.18903735658012,30.534115833189922,30.59093475341797,356253000
2023-05-24,30.114444604983657,30.510190153140588,29.71172312962193,30.441408157348633,721419000
2023-05-25,38.401144963190646,39.35511856314438,36.519116494976174,37.85986328125,1543911000
2023-05-26,37.77015525878446,39.04610546738504,37.431230509295986,38.82281494140625,714397000
2023-05-30,40.4666011461992,41.8053518099001,39.82264450499864,39.984130859375,923401000
2023-05-31,39.36309641035941,40.1675430373075,37.70236568816468,37.71432876586914,1002580000
2023-06-01,38.367256795979486,39.92332013723305,38.21872982052202,39.64420700073242,635873000
2023-06-02,39.97016721574659,40.37189234380446,38.93445227046938,39.20260238647461,482731000
2023-06-05,38.78593534052818,39.43985871743566,38.58457457981163,39.0471076965332,396094000
2023-06-06,38.70718026277856,39.03613447609746,38.02733445700801,38.531734466552734,388729000
2023-06-07,38.79592485025507,39.37813750275476,37.2416933197928,37.360328674316406,511998000
2023-06-08,37.60856435210394,38.74507536675845,37.390236526079995,38.39215850830078,417772000
2023-06-09,38.917552324899084,39.58948978920315,38.44899302917782,38.651371002197266,427717000
2023-06-12,39.08005218877828,39.4090404400651,38.49983232769968,39.36118698120117,388701000
2023-06-13,40.06303253313572,40.97523356570902,39.61839813533891,40.8964729309082,613208000
2023-06-14,40.699085309650826,42.868425731448234,40.427914429279454,42.86543655395508,740465000
2023-06-15,42.47164119138032,43.1565392794632,42.01803164323478,42.522483825683594,568622000
2023-06-16,43.317050916384595,43.587221609742976,42.53046366608263,42.561370849609375,655709000
2023-06-20,42.86643489919533,43.85540013452972,42.54342497305457,43.673954010009766,451153000
2023-06-21,43.36789797033513,43.481551381643484,41.9512482252179,42.913291931152344,551603000
2023-06-22,42.12370778383283,43.293118838626924,42.10476872123709,42.893348693847656,417737000
2023-06-23,42.33407006327904,42.678011851996246,41.886442597723466,42.07984924316406,358140000
2023-06-26,42.33107741154621,42.63315169907878,39.97730148068593,40.50767517089844,594322000
2023-06-27,40.674163315350505,41.81167093605906,40.3242393713419,41.747867584228516,462175000
2023-06-28,40.535589450400664,41.71696498768914,40.39402564201727,40.99119186401367,582639000
2023-06-29,41.43083429013432,41.472705590731,40.475765515924735,40.697086334228516,380514000
2023-06-30,41.55246701356272,42.419803905460185,41.3740138694354,42.17256164550781,501148000
2023-07-03,42.38690406882019,42.76673879586181,42.07286928017555,42.28322219848633,198209000
2023-07-05,42.006065351557105,43.04487665210042,41.95621911201376,42.1875114440918,323618000
2023-07-06,41.71596810959315,42.04994216880029,41.21949078738844,41.97417449951172,303582000
2023-07-07,42.19249796154775,43.08177063947781,42.05093416959679,42.37294387817383,355881000
2023-07-10,42.52647931127871,42.680007431696076,41.521560371587725,42.05093765258789,353908000
2023-07-11,42.35100950902143,42.6271623304336,41.938278668558176,42.27524185180664,298244000
2023-07-12,42.90132541025079,43.80056583036438,42.64610822063504,43.76766586303711,481277000
2023-07-13,44.38177994624532,46.01376808541058,44.35585853064173,45.8363151550293,478204000
2023-07-14,46.44045402788972,47.94084972247787,44.922115665532154,45.329864501953125,772075000
2023-07-17,46.14735782088338,46.35372133117237,45.123499999402384,46.31882858276367,510488000
2023-07-18,46.55810196861849,47.74944513877749,45.59406179064249,47.34867477416992,569164000
2023-07-19,47.31876592185892,47.67168281088611,46.59897504315981,46.93294906616211,427502000
2023-07-20,46.364689924192476,46.942916966787365,44.92411188572427,45.38071060180664,537865000
2023-07-21,45.6478906079313,45.72565485492813,43.965056025974754,44.17341613769531,963769000
2023-07-24,44.59414122242241,44.97098686383122,43.905257304302346,44.47550582885742,382516000
2023-07-25,44.80349329728166,46.04168985274926,44.78554682129327,45.53923416137695,348081000
2023-07-26,45.88018262099463,45.912086196628444,44.493440026375104,45.312923431396484,364237000
2023-07-27,46.37665740516835,47.24997638304764,45.61000946610031,45.759552001953125,455976000
2023-07-28,46.525202843607126,46.883105518604516,46.23908226392985,46.60695266723633,331194000
2023-07-31,46.610935000793745,46.98578389821118,46.36369278218995,46.58600997924805,251055000
2023-08-01,46.31783562150429,46.75649169459333,45.88616190163857,46.36469268798828,237858000
2023-08-02,45.69076572472491,45.69973706046443,43.25424373168055,44.133544921875,530142000
2023-08-03,43.66597942336427,44.979947380659944,43.66597942336427,44.37879180908203,324176000
2023-08-04,44.84735625489334,45.502343664999096,44.257168589781394,44.54328918457031,362666000
2023-08-07,44.972970743442104,45.400658953676526,44.426647163135996,45.27803421020508,322154000
2023-08-08,44.71576081749796,45.10357050648728,43.92119857113271,44.527339935302734,353843000
2023-08-09,44.13853230621531,44.176418044924525,42.005080711454916,42.423797607421875,586449000
2023-08-10,42.03099778159967,43.440672654633964,41.70699146291927,42.25830078125,492705000
2023-08-11,41.62325025169544,41.88943538762121,40.514653222522405,40.7299919128418,533085000
2023-08-14,40.362116194769875,43.66597480294201,40.18765244113688,43.619117736816406,690286000
2023-08-15,44.42364752699655,45.12948122569519,43.57624624979999,43.8055419921875,676512000
2023-08-16,44.38377612065419,44.53830062758481,43.27318256792619,43.35293960571289,527451000
2023-08-17,43.83546018459533,43.927177736442225,42.86942340203336,43.21137619018555,452395000
2023-08-18,42.504541812711565,43.44465716941068,41.53252668330837,43.16651153564453,583768000
2023-08-21,44.35785535241688,46.920987674468684,44.08668826541733,46.82328796386719,692573000
2023-08-22,47.98771355577138,48.03955639191804,45.19428904679984,45.528263092041016,755293000
2023-08-23,45.72566082679112,47.05557870269102,45.06967322504148,46.97183609008789,779046000
2023-08-24,50.06234798957418,50.11219423827407,47.014702631702306,47.0186882019043,1156044000
2023-08-25,46.8681514444708,47.65872425455991,44.88623165435981,45.877193450927734,925341000
2023-08-28,46.33977183033874,46.836249134555814,44.750651224061855,46.69169235229492,685192000
2023-08-29,46.52321191086775,48.93082341552477,46.249051833640735,48.63473129272461,701397000
2023-08-30,48.893934114542816,49.77423173710802,48.27682864513261,49.11326217651367,735206000
2023-08-31,49.22891214982183,49.59179683011506,48.80820246885937,49.20398712158203,528570000
2023-09-01,49.60972935191137,49.64761127691253,47.99468381251343,48.36056137084961,463830000
2023-09-05,48.075449679419506,48.701530322132584,47.7135613998585,48.39945602416992,382653000
2023-09-06,48.29675192445169,48.404428217365016,46.44129363976494,46.920860290527344,468670000
2023-09-07,45.38943829933542,46.20599974475195,45.01754791417301,46.10330581665039,433330000
2023-09-08,45.805199355822154,46.46721981309031,45.13619596961709,45.43629837036133,473069000
2023-09-11,46.01058907259866,46.025543800241316,44.180057385036044,45.043479919433594,473966000
2023-09-12,44.604786051563885,45.53700334292315,44.398401689358636,44.736392974853516,349256000
2023-09-13,44.46719292129203,45.79323440179784,44.37048163678398,45.34955978393555,398355000
2023-09-14,45.813171215808374,45.85005979000756,44.99660978408658,45.44527053833008,370097000
2023-09-15,45.20598666420072,45.4632178335496,43.67755057038964,43.76927947998047,506831000
2023-09-18,42.620715019700796,44.11026598094779,41.8749411626801,43.835086822509766,500271000
2023-09-19,43.702475243933286,43.83507862136541,42.873948499445426,43.39040756225586,373064000
2023-09-20,43.470167525058194,43.772266659114486,42.097269015445136,42.11322021484375,367108000
2023-09-21,41.45917578549763,41.97463457715853,40.85797073876032,40.894859313964844,450736000
2023-09-22,41.448214198146616,41.989600439472675,41.10822995213603,41.48610305786133,479236000
2023-09-25,41.46715374615769,42.40933950772004,41.05438505683627,42.096275329589844,419091000
2023-09-26,41.87593363739022,42.692495155477644,41.53096324756663,41.78620147705078,402282000
2023-09-27,42.20395553022343,42.744341431006085,41.50504268914909,42.3415412902832,444935000
2023-09-28,42.33356849695518,43.31663260486512,41.98959836899157,42.960697174072266,424663000
2023-09-29,43.696494927606466,44.01255232767132,43.178042888017536,43.36947250366211,397830000
2023-10-02,43.898891446595,45.04048245716081,43.73039595276652,44.64865493774414,433298000
2023-10-03,44.67457296774722,44.995616545503985,43.11722389309479,43.38741683959961,470850000
2023-10-04,43.611753042966086,44.0115599865903,43.16309221624776,43.90986251831055,361821000
2023-10-05,43.91882717512689,44.76629832762735,43.75731082612685,44.554927825927734,393483000
2023-10-06,44.06141166404006,45.65266008201276,43.89490910599022,45.62574005126953,434436000
2023-10-09,44.70847483791379,45.46920337034592,44.235887222293606,45.13819122314453,409675000
2023-10-10,45.17507908955567,46.12125070086953,44.95374003044169,45.661624908447266,368582000
2023-10-11,46.05844175921358,46.71946955859621,45.91287659330196,46.6666259765625,378137000
2023-10-12,46.63771490362162,47.46723822927066,46.19204731268838,46.805213928222656,481325000
2023-10-13,46.82016719199545,46.97570471236393,45.145169391645375,45.32563018798828,474115000
2023-10-16,44.92882354210143,46.087362411201354,44.77827217463784,45.9577522277832,375099000
2023-10-17,43.86897507163302,44.620731393430276,42.35350093093971,43.807159423828125,812333000
2023-10-18,42.46417874850183,43.09031094806606,41.70046078038666,42.07035446166992,627294000
2023-10-19,42.68352817211386,43.168081135080946,41.75729348052896,41.975643157958984,501233000
2023-10-20,41.7652678682802,42.34354268783243,40.955685402910255,41.26376724243164,477266000
2023-10-23,41.10623502417962,43.119224175669935,40.82308027803106,42.8470344543457,478530000
2023-10-24,42.94872451539136,43.566877207845934,42.563876171456435,43.53297805786133,401463000
2023-10-25,43.268776986595036,43.52002933970915,41.431266191839114,41.654598236083984,398379000
2023-10-26,41.72837068029658,42.13017050427248,39.76124631016128,40.20591735839844,541001000
2023-10-27,41.00752338515214,41.08329728392404,39.89584197944323,40.379398345947266,416784000
2023-10-30,40.96465972958588,41.64163496442114,40.36046137678986,41.03843688964844,388028000
2023-10-31,40.329553945294535,40.75727737613491,39.11318548755272,40.6585693359375,517969000
2023-11-01,40.7622597335259,42.25480380163395,40.74730500713954,42.198970794677734,437593000
2023-11-02,43.19897822868172,43.75332234424489,42.76627246802236,43.37644958496094,409172000
2023-11-03,43.8889268867807,45.174086428721,43.59281034902624,44.870994567871094,424610000
2023-11-06,45.15014941074925,45.79821535111658,44.765297265873905,45.61476135253906,400733000
2023-11-07,45.582863690228386,46.080374555632474,45.02353336587058,45.81816101074219,343165000
2023-11-08,45.96273036829276,46.72744863605115,45.831123444068034,46.43532180786133,346719000
2023-11-09,47.32565087128028,48.08637928139042,46.610786911501705,46.8101921081543,540496000
2023-11-10,47.35855787314543,48.32766364227746,47.14220498356334,48.191070556640625,421245000
2023-11-13,48.1761176095815,48.969748796661186,47.95577501016581,48.475223541259766,384136000
2023-11-14,49.532067353089744,49.6856081153753,48.89397370012533,49.50813674926758,416954000
2023-11-15,49.786303287958084,49.81122656013526,48.0564692193451,48.7424201965332,475497000
2023-11-16,48.53405091082967,49.37753247238456,48.18609109090698,49.332664489746094,339756000
2023-11-17,49.37653194691317,49.56895804695832,48.861073108178935,49.151206970214844,325205000
2023-11-20,49.16516232495467,50.39748190834169,49.0345518906684,50.25889587402344,414120000
2023-11-21,49.976737718443786,50.3665722694878,49.075430256470796,49.79528045654297,565747000
2023-11-22,49.703557028583894,50.18511670142029,47.547992253967436,48.57093811035156,899420000
2023-11-24,48.32567320692598,48.77533048753054,47.60282974083701,47.63373947143555,294645000
2023-11-27,47.65766532815117,48.38549115302334,47.51010721393193,48.098350524902344,395662000
2023-11-28,48.09236930689928,48.17911204503058,47.33164078012809,47.67860412597656,401491000
2023-11-29,48.2349412356402,48.616800180789156,47.71748568176772,47.99665069580078,382005000
2023-11-30,47.88099334816859,47.96673960192544,46.283766368785,46.63072967529297,526247000
2023-12-01,46.38646445632827,47.05945375436282,46.04946966832762,46.62574768066406,369317000
2023-12-04,45.93979802137365,45.93979802137365,44.87597384591377,45.37448501586914,437543000
2023-12-05,45.33459997495961,46.46532151700449,45.140163841646064,46.43142318725586,371718000
2023-12-06,47.07854839373765,47.25005219470193,45.280757679582,45.37149429321289,380590000
2023-12-07,45.56792383673814,46.49423979899288,45.47220061553475,46.461334228515625,350823000
2023-12-08,46.4603430274887,47.60303102965734,46.41547109826504,47.368709564208984,359224000
2023-12-11,47.35374994188855,47.39363144924944,45.69755100849952,46.492244720458984,509728000
2023-12-12,45.91292023901418,47.52823708369172,45.91292023901418,47.519264221191406,372387000
2023-12-13,47.49135487990882,48.45356620387965,47.47041566072205,47.94902801513672,447792000
2023-12-14,48.25015142544688,48.52934100326086,47.28495045380948,48.21026611328125,391232000
2023-12-15,48.05471159561218,49.26121358218172,47.980924159413945,48.74869918823242,479948000
2023-12-18,49.25723229515319,50.28724399732617,49.0079548114807,49.932273864746094,412587000
2023-12-19,49.281167467640074,49.55637081836034,48.75369691454158,49.46064758300781,464444000
2023-12-20,49.51149468672903,49.854502283693236,47.95899524383034,47.97195816040039,397894000
2023-12-21,48.66993945324694,48.95311910291898,48.27907021417121,48.84842300415039,300425000
2023-12-22,49.05281623744541,49.24027260571634,48.32691966505345,48.688873291015625,252507000
2023-12-26,48.82647939940057,49.45665286845571,48.81850309781851,49.13658142089844,244200000
2023-12-27,49.36791910846013,49.53642943515857,48.94314771611391,49.27418899536133,233648000
2023-12-28,49.49953204501984,49.73983287122963,49.26919684127221,49.37887954711914,246587000
2023-12-29,49.66903891502132,49.85250906748791,48.61010784761711,49.37887954711914,389293000
2024-01-02,49.10167999879026,49.15253129584884,47.457447488056715,48.02878952026367,411254000
2024-01-03,47.34776169269325,48.044738980527136,47.183237655059315,47.4315185546875,320896000
2024-01-04,47.62894445792347,48.35982768135906,47.3706941328935,47.85927963256836,306535000
2024-01-05,48.321937950337194,49.40380119345811,48.16638677946172,48.955101013183594,415039000
2024-01-08,49.36891016503661,52.1239255155236,49.336004592518634,52.101985931396484,642510000
2024-01-09,52.24956080282397,54.16800018278708,51.54061326714163,52.98642349243164,773100000
2024-01-10,53.4610522035269,54.442205820352854,53.334416522190715,54.192928314208984,533796000
2024-01-11,54.840057018359396,55.186054332667865,53.405216456268754,54.66356658935547,596759000
2024-01-12,54.46214745952533,54.811138243808735,54.172988448593486,54.55188751220703,352994000
2024-01-16,54.85899129297286,56.67073742609818,54.74133230021394,56.21904754638672,449580000
2024-01-17,56.18415552246115,56.3077977062965,54.581801354818275,55.89100646972656,474394000
2024-01-18,57.094513264905174,57.43353079531085,55.94484563035105,56.94195556640625,491650000
2024-01-19,57.82140334356974,59.32803795704181,57.05961145486245,59.31906509399414,543501000
2024-01-22,59.87546447767155,60.15665101830046,58.899293593661234,59.481605529785156,452955000
2024-01-23,59.39784070948938,59.736858252012084,58.41568677878363,59.69996643066406,294654000
2024-01-24,60.12971710051197,62.667360005652704,59.76477374613349,61.18465805053711,560271000
2024-01-25,62.169802358134476,62.53773920716308,60.67413746929077,61.43892288208008,482777000
2024-01-26,60.78381268442003,61.60443590856767,60.39793395969151,60.85460662841797,390309000
2024-01-29,61.055035142050976,62.30840232360706,60.73097744998884,62.28447341918945,348733000
2024-01-30,62.718210354121275,63.30949499722746,62.0800568624882,62.59257125854492,410735000
2024-01-31,61.26243177102061,62.089038263544516,60.524572564425924,61.34918212890625,453795000
2024-02-01,61.92052577068121,63.0083761236307,61.47182934048774,62.8448486328125,369146000
2024-02-02,63.789108872006786,66.40751896695984,63.50592925992764,65.96879577636719,476578000
2024-02-05,68.02781943535477,69.29614635606846,67.01077071404906,69.13162231445312,680078000
2024-02-06,69.42876454653677,69.55240673067756,66.10839412447636,68.02583312988281,683111000
2024-02-07,68.12155362100862,70.01706057362387,67.40462981569888,69.89640808105469,495575000
2024-02-08,69.87148269785355,70.5894031052992,69.25427593719057,69.43973541259766,414422000
2024-02-09,70.32914813919767,71.97637408306973,70.00907672049794,71.92453002929688,436637000
2024-02-12,72.39017991002451,74.39536957580593,71.0440830164451,72.03919982910156,613710000
2024-02-13,70.19654512895808,73.23772604754565,69.4188005504822,71.91954803466797,602580000
2024-02-14,72.99043592470231,74.02144406218807,71.73008918323228,73.68641662597656,504917000
2024-02-15,73.65551962549853,73.76120847442633,72.19076331535655,72.44801330566406,420122000
2024-02-16,73.88583908151942,74.18696820662582,72.29146138961607,72.40313720703125,495327000
2024-02-20,71.73905822029711,71.74803488638726,67.53823713980917,69.25127410888672,704833000
2024-02-21,67.80945371472042,68.68890843457064,66.05653886283757,67.2770004272461,673755000
2024-02-22,74.80817230671141,78.34790791274914,74.00549852714776,78.31101989746094,865100000
2024-02-23,80.55651569183838,82.15587637734276,77.3458203592003,78.58921813964844,829388000
2024-02-26,79.46966317926245,80.41293598535317,78.27811704521838,78.8634262084961,503973000
2024-02-27,79.1515839793688,79.25030450092336,76.93900277777333,78.47354888916016,391705000
2024-02-28,77.39568548362723,78.70488691297152,76.9021132659983,77.43856048583984,393110000
2024-02-29,78.86540846143546,79.7588149945745,78.12355544458728,78.88335418701172,507289000
2024-03-01,79.76879352380037,82.06214938054762,79.20542398518815,82.04120635986328,479135000
2024-03-04,83.88685863778845,87.44155809825308,83.47705094561937,84.99066162109375,615616000
2024-03-05,85.02755456111447,85.85220668028344,83.17982622827054,85.7195816040039,520639000
2024-03-06,87.7717184794847,89.4688748174307,86.7825347832757,88.44778442382812,582520000
2024-03-07,89.90165539673119,92.5032385135836,89.34723648723485,92.405517578125,608119000
2024-03-08,94.86750020038097,97.12306982330983,86.26003928547323,87.27913665771484,1142269000
2024-03-11,86.18327264614543,88.54453635942917,83.92670614472016,85.53013610839844,678364000
2024-03-12,87.79865287127926,91.69852817689657,85.90505025020566,91.65166473388672,668075000
2024-03-13,90.7961026211969,91.24382347923168,88.18354935724443,90.62957763671875,635713000
2024-03-14,89.32233022692557,90.38829123378348,86.35378904106551,87.6939697265625,602318000
2024-03-15,86.68284605628648,89.29140572149215,86.01176295929899,87.58726501464844,642086000
2024-03-18,90.13099363074502,92.14225684199752,86.8373838940454,88.2034912109375,668976000
2024-03-19,86.45347234751878,90.28654400179565,84.76828290241504,89.14380645751953,672171000
2024-03-20,89.5416664131324,90.15292996918147,87.97214445293658,90.11503601074219,479063000
2024-03-21,92.0375720151123,92.38458214165158,90.1479556941056,91.1750259399414,480372000
2024-03-22,90.88186754884678,94.50852789687556,90.5757411997652,94.02091979980469,586719000
2024-03-25,93.67389990625729,96.49086455465545,93.24412560987103,94.73188018798828,552136000
2024-03-26,95.57846759747075,96.10097979295517,92.23899068459922,92.29782104492188,513648000
2024-03-27,92.8472628285773,92.97489725482532,88.8696059634602,89.99340057373047,586067000
2024-03-28,89.74411520186113,91.0404221311914,88.93941042675222,90.09910583496094,435212000
2024-04-01,90.04225806770008,91.96277679415357,88.9503702442798,90.10607147216797,452441000
2024-04-02,88.19651163521841,89.83783523468522,87.37087059473389,89.19766235351562,433064000
2024-04-03,88.23240577431382,90.1170311402006,88.14864498506111,88.7110366821289,370067000
2024-04-04,90.14893737073052,90.3762935173085,85.63580564756691,85.66073608398438,434965000
2024-04-05,86.61900791219938,88.22942139866663,85.68168582327746,87.75776672363281,399678000
2024-04-08,88.44779987998065,88.57743512523471,86.4854007087341,86.88526153564453,283220000
2024-04-09,87.19338119556187,87.38583323801888,82.78595022062588,85.11131286621094,501700000
2024-04-10,83.68737154662665,87.15149277673736,83.47098569296867,86.79151916503906,431929000
2024-04-11,87.17143320524475,90.48099639616545,86.6788421374309,90.35834503173828,431637000
2024-04-12,89.44396327846418,89.91861544290224,87.2811315064311,87.93526458740234,426805000
2024-04-15,88.84464822890885,90.35533969769338,85.6846606005455,85.75645446777344,443077000
2024-04-16,86.18724795044986,87.86745463811035,85.81930143123056,87.16645812988281,370453000
2024-04-17,88.08881854088399,88.5225868752461,83.71130127056159,83.79606628417969,495400000
2024-04-18,84.72840551757585,85.94493790164843,82.16770633584548,84.43025207519531,447260000
2024-04-19,82.91358102333888,84.08423897081519,75.39103216599602,75.98333740234375,875198000
2024-04-22,77.88192715774476,79.8453305652036,76.18277728835372,79.29190826416016,596341000
2024-04-23,80.53934787289336,82.53366130187051,80.03578647084935,82.18864440917969,438559000
2024-04-24,83.71130021339918,83.84292866853282,78.95785602564062,79.45045471191406,512208000
2024-04-25,78.64374391515038,83.086078448213,78.0005812476897,82.39704895019531,424641000
2024-04-26,83.57967974791617,88.07984835062736,83.14990546047017,87.48554229736328,551011000
2024-04-29,87.34594249418755,87.74180926182623,85.0235621625501,87.50748443603516,388971000
2024-04-30,86.99195638809022,88.56646933597486,86.05463417701857,86.15634155273438,363709000
2024-05-01,84.83509991070004,85.75547203094351,81.02396098069623,82.80488586425781,559863000
2024-05-02,84.20886882851022,85.99178670245985,82.96341978185738,85.57298278808594,377898000
2024-05-03,87.53938813243457,89.0271426544853,86.79251724081982,88.53654479980469,398341000
2024-05-06,89.13583280876144,91.9577879691123,88.80178624215971,91.87801361083984,376203000
2024-05-07,90.83898366205493,91.52004037192769,88.75791956813879,90.2965316772461,437342000
2024-05-08,89.22857828050421,90.93471200217493,89.16575387590268,90.15493774414062,325721000
2024-05-09,90.27160575755214,90.8130611604946,87.98014293885268,88.49467468261719,378013000
2024-05-10,90.04824732317125,91.14113187208739,88.97330934521258,89.6224594116211,335325000
2024-05-13,90.22073791617511,90.73926364427145,88.2772820639822,90.1419677734375,289680000
2024-05-14,89.34425178727211,91.39041950305226,88.68114159761363,91.09626007080078,296507000
2024-05-15,92.20908510921412,94.5922892882104,91.33856611429667,94.36094665527344,417735000
2024-05-16,94.64014168326462,95.54655367350442,93.8354294469824,94.09070587158203,323952000
2024-05-17,94.10069011001252,94.47062985340762,91.54497378951851,92.21605682373047,359691000
2024-05-20,93.4834280017941,94.92930197847484,93.1743119009991,94.510498046875,318764000
2024-05-21,93.33287026664621,95.1287520032466,92.915062881723,95.11479187011719,328946000
2024-05-22,95.18757861855156,95.74698053068366,92.98386328100148,94.68002319335938,548648000
2024-05-23,101.73789244022927,106.01768834181644,101.23133366685681,103.50386047363281,835065000
2024-05-24,104.15202926452054,106.172269937542,102.7071515406011,106.16629028320312,429494000
2024-05-28,109.93054124400538,114.61219142145016,109.57056763172464,113.57714080810547,652728000
2024-05-29,112.7285727659483,115.16362326202471,110.58568085733936,114.49851989746094,557442000
2024-05-30,114.32401567603497,115.48969056494155,109.35119576529627,110.1858139038086,484553000
2024-05-31,112.20008185341744,112.39652795451796,106.63595258887534,109.32129669189453,613263000
2024-06-03,113.29793498606988,114.67301177978516,111.68453173387806,114.67301177978516,438392000
2024-06-04,115.38699108204422,116.26847269779265,113.72073695926161,116.1059341430664,403324000
2024-06-05,118.03444954327455,122.10085027973177,117.13401707628022,122.09188079833984,528402000
2024-06-06,123.69530003662086,125.22992577254257,117.98358919974154,120.65397644042969,664696000
2024-06-07,119.42944840947749,121.34598817369331,117.68642510058785,120.54427337646484,412386000
2024-06-10,120.02775723865274,122.74999082651334,116.6773100476689,121.44371795654297,313434100
2024-06-11,121.43375200225071,122.53072064853247,118.41211998717576,120.57613372802734,222551200
2024-06-12,122.72018091821553,126.5296321042774,122.23153612962203,124.8542709350586,299595000
2024-06-13,129.03268152053838,129.44155293413115,126.80884405349278,129.2520751953125,260704500
2024-06-14,129.60114223243076,132.4731792100278,127.9656714477386,131.51583862304688,309320400
2024-06-17,132.62277611443673,133.36072299109455,129.2221885999668,130.61831665039062,288504400
2024-06-18,130.7778703322321,135.95354113797538,130.3291160023479,135.2056121826172,294335100
2024-06-20,139.41396587386305,140.3713064535189,129.16235380151105,130.4188690185547,517768400
2024-06-21,126.76898143871918,130.269291272292,123.9567687165166,126.22049713134766,649445800
2024-06-24,122.89967494041525,124.11630717061917,117.71403760101381,117.78384399414062,476060900
2024-06-25,120.86532476106613,126.1506927991438,118.99051878494626,125.7418212890625,414192600
2024-06-26,125.7817056647018,127.76620840809865,122.26145451808375,126.05096435546875,362975900
2024-06-27,123.75731038151326,126.06093675176166,122.58056851355609,123.64761352539062,252571700
2024-06-28,124.23599694106169,127.35735127952529,122.41104832536521,123.19886779785156,315516700
2024-07-01,123.12905433583957,124.49526638375627,118.50186772113265,123.9567642211914,284885500
2024-07-02,120.79551981451768,123.0692304193492,120.69579746715523,122.33126831054688,218374000
2024-07-03,121.32405134915433,127.92576599121094,121.02487672675784,127.92576599121094,215749000
2024-07-05,127.02825159880693,128.49420118342798,125.3329490025218,125.48253631591797,214176700
2024-07-08,127.13795450709301,130.4089036996468,126.68920015386854,127.84599304199219,237677300
2024-07-09,129.99004223598263,133.45046098640373,128.29472464299235,131.01719665527344,285366600
2024-07-10,133.6599006676726,134.72695337207693,132.0543457649315,134.5374755859375,248978600
2024-07-11,135.37514352274295,135.7740328866088,126.69917051710233,127.04820251464844,374782700
2024-07-12,127.90584321182462,131.55574087758131,126.86872155351702,128.88314819335938,252680500
2024-07-15,130.19949911473634,131.0272091690287,126.82883461080432,128.08535766601562,208326200
2024-07-16,128.08534387784246,128.68367798100022,124.23600180257188,126.0110855102539,214769500
2024-07-17,121.01490699704938,121.51352631521466,116.39769484983655,117.6641845703125,390086200
2024-07-18,121.51352635797906,122.0620106514847,116.23813305693453,120.75562286376953,320979500
2024-07-19,120.0176783628371,121.26422676213605,117.04591123957188,117.60436248779297,217223800
2024-07-22,120.01767396475167,123.72740308245356,119.52902914046476,123.19886779785156,258068900
2024-07-23,122.44095787706307,124.34568731396223,121.76283530375956,122.25148010253906,173911000
2024-07-24,118.84091337212958,119.61875820543547,113.12674087618173,113.93450164794922,327776900
2024-07-25,112.72785127466838,116.30793416547407,106.00646529957123,111.9699478149414,460067000
2024-07-26,115.8691646723326,115.87913158113766,111.27189374853045,112.747802734375,293399100
2024-07-29,113.3760521146797,115.9588962828189,110.9926526113286,111.28184509277344,248152100
2024-07-30,111.21204752075072,111.68075088933978,102.2568489765504,103.44356536865234,486833300
2024-07-31,112.58824297616627,118.01321595584747,110.57381668062193,116.69686126708984,473174200
2024-08-01,117.20544905631927,119.82819139029307,106.51505026446524,108.9084243774414,523462300
2024-08-02,103.47347587762454,108.4197782586363,101.09007631034588,106.9737777709961,482027500
2024-08-05,91.80579073756999,103.12445587816262,90.43957861096249,100.17262268066406,552842400
2024-08-06,103.55324859386288,107.41256456659957,100.27234042123098,103.96212005615234,409012100
2024-08-07,107.51230522144884,108.49957704375008,98.41749285839052,98.63688659667969,411440400
2024-08-08,101.71834517220758,105.20868054576371,97.2507125463917,104.68014526367188,391910000
2024-08-09,105.34829623370402,106.30564447792429,103.14439960768745,104.46075439453125,290844200
2024-08-12,106.02639975853843,110.76328275608019,105.9665678816549,108.71894073486328,325559900
2024-08-13,112.1295103919247,115.90904559128121,111.27188458899278,115.81929016113281,312646700
2024-08-14,118.20269109826258,118.2724974965541,113.75500781546704,117.75393676757812,339246400
2024-08-15,118.43206727440648,122.89969228155606,117.1456284695593,122.52074432373047,318086700
2024-08-16,121.60328301302395,124.6548308372553,120.84537951120186,124.23599243164062,302589900
2024-08-19,123.93681555512863,129.64102172851562,123.07918972579691,129.64102172851562,318333600
2024-08-20,128.04543898793298,129.52136317375601,125.54237540722741,126.89862060546875,300087400
2024-08-21,126.9683999190984,128.9928003758598,126.31022649443915,128.1451416015625,257883600
2024-08-22,129.66095684860522,130.388936708764,122.76006049629918,123.3982925415039,376189100
2024-08-23,125.51243939894613,129.24211690201355,124.87420736161047,129.0127410888672,323230300
2024-08-26,129.21220655330094,130.8975269250622,124.02656151522957,126.11078643798828,331964700
2024-08-27,124.70467649930566,128.8432101554862,123.53790168104443,127.9457015991211,303134600
2024-08-28,127.76621672239743,127.97564354365645,122.30135293496008,125.26315307617188,448101100
2024-08-29,121.02488328117458,124.0864056350864,116.38772203285157,117.26528930664062,453023300
2024-08-30,119.1999366155988,121.4138076730475,116.89631773014244,119.0403823852539,333751600
2024-09-03,115.68965834345619,115.88910303086084,106.99373606605621,107.70177459716797,477155100
2024-09-04,105.11891601969701,112.9572037853356,103.83247741620994,105.91670227050781,372470300
2024-09-05,104.70007717737126,109.3472126473878,104.47071656289586,106.91394805908203,306850700
2024-09-06,107.74165540315337,107.85135225389573,100.6712300257278,102.5460433959961,413638100
2024-09-09,104.59038154400555,106.25577578698045,103.4036727846321,106.17599487304688,273912000
2024-09-10,107.5122906776436,109.09790400275718,104.66018768236026,107.8014907836914,268283700
2024-09-11,109.0879346022382,116.86639906475774,107.12337325723898,116.58717346191406,441422400
2024-09-12,116.52733397843357,120.46676839354188,115.07124183313299,118.82118225097656,366052700
2024-09-13,118.76132975848293,119.63897203588232,117.28528706438033,118.7812728881836,238358300
2024-09-16,116.47746652004345,117.8637462195167,114.05396898625607,116.46749114990234,248772300
2024-09-17,117.85377554798693,118.48209453930119,114.52271703198278,115.28067779541016,231925900
2024-09-18,115.57988069857915,117.3850347497377,112.91702737683093,113.0666275024414,310318900
2024-09-19,117.03596036023049,119.3397837869768,116.93622949013678,117.55457305908203,293506400
2024-09-20,116.74673611998301,118.30256661567998,115.08120699289479,115.6895751953125,382462400
2024-09-23,116.2381155598996,116.67693294698849,114.55263556044001,115.94889068603516,206228500
2024-09-24,116.20818172536411,121.47405850127808,115.07123304654733,120.54654693603516,354966800
2024-09-25,121.69346336275538,124.60565503965537,121.28456450552947,123.17948150634766,284692900
2024-09-26,126.46068519535362,127.3283521984154,121.4740652366879,123.70806884765625,302582900
2024-09-27,123.63824105329503,123.69807805046355,118.9408465511356,121.07511901855469,271009200
2024-09-30,117.99339940741461,121.1748653861715,117.83383152489164,121.11502838134766,226553700
2024-10-01,121.44413691318621,122.11234975829879,115.48014381228901,116.68690490722656,302094500
2024-10-02,116.12839762685847,119.06052472572213,114.83187351018621,118.53194427490234,221845900
2024-10-03,120.59641230247804,124.0272091849403,120.01796257527629,122.52124786376953,277118000
2024-10-04,124.60565935860969,124.70539023390367,121.50398120040512,124.58570861816406,243678100
2024-10-07,124.65551433206126,130.29039598837593,124.61562046227938,127.37821197509766,346250200
2024-10-08,129.91139625758697,133.12278019873037,129.07364789501582,132.53436279296875,285722500
2024-10-09,133.75109763690637,134.16000405397224,131.0284078789419,132.2949981689453,246191600
2024-10-10,131.55700075403345,134.63872798675436,130.64943234270237,134.44923400878906,242311300
2024-10-11,133.6513755856735,135.4166432187145,133.30232133780012,134.43927001953125,170209500
2024-10-14,136.10479144805439,139.22642006970023,135.9352482142016,137.7005157470703,232347700
2024-10-15,137.50104323972985,138.1991821543322,128.3954862474048,131.24783325195312,377831000
2024-10-16,133.62146232310147,136.25439701653355,131.22789086287455,135.3568115234375,264879700
2024-10-17,138.96710708195366,140.51296215395072,136.50371585796043,136.5635528564453,306435900
2024-10-18,138.2988966827743,138.52827690762766,136.91261713769273,137.6306915283203,176090200
2024-10-21,137.76035501280404,143.32542419433594,137.63069803621275,143.32542419433594,264554500
2024-10-22,142.5275764963188,144.0335302578968,141.400595506541,143.20574951171875,226311600
2024-10-23,141.649914730207,142.04883820987033,137.09215234233463,139.1865234375,285930000
2024-10-24,140.44316244306268,140.9717429059513,138.08947737101022,140.0342559814453,172354900
2024-10-25,140.55285615055817,143.74430494634163,140.4232143860229,141.16122436523438,205122100
2024-10-28,142.6173413548028,142.75696611524302,139.6752384054106,140.14398193359375,173586700
2024-10-29,139.91455642525435,141.87928563006452,138.5282768804448,140.8719940185547,157593600
2024-10-30,139.1665637778278,139.95445814390004,136.44387391965424,138.96710205078125,179418100
2024-10-31,137.2317836775648,137.24175143875112,131.756469630996,132.40472412109375,270039600
2024-11-01,134.3395349599235,136.94255111570317,134.2098931927627,135.03765869140625,207127800
2024-11-04,136.84284318415706,138.5881603174159,135.2072323079928,135.68594360351562,187528200
2024-11-05,137.08217511986183,139.99435925396384,136.9625011145287,139.5355987548828,160537400
2024-11-06,142.57743460752744,146.09798683530676,141.58011068537002,145.2203369140625,242043900
2024-11-07,145.9982257231462,148.53142139682768,145.7788132768486,148.4815673828125,207323300
2024-11-08,148.37188826922187,149.369212218998,145.8685954157921,147.2349395751953,175665800
2024-11-11,148.28212306443757,148.45168153400843,143.18581210072784,144.87127685546875,182325600
2024-11-12,146.3871741057391,149.24948830655927,145.61923058187799,147.89312744140625,198634700
2024-11-13,148.67108050956173,148.93037924410717,145.5095503668412,145.87857055664062,191903300
2024-11-14,147.24491377788954,148.60127501764129,145.16051028397845,146.3672637939453,194463300
2024-11-15,144.48233309105467,144.85135334501234,139.70515749364313,141.60006713867188,250132900
2024-11-18,139.1266784396513,141.1711953957962,136.7829612819808,139.77493286132812,221205300
2024-11-19,140.9418317601378,146.73628163269873,140.61271302151263,146.61659240722656,227834900
2024-11-20,147.0155246522584,147.16511715506326,142.34804073132528,145.4995880126953,309871700
2024-11-21,148.95033233522298,152.48085228758558,140.3234713661803,146.27749633789062,400946600
2024-11-22,145.53949007763015,146.7662096056562,140.72242834878378,141.5701446533203,236406200
2024-11-25,141.61003096699034,141.66986796819967,135.45654411602544,135.656005859375,344941900
2024-11-26,137.33151565059862,138.9272401830298,135.30694909062626,136.55360412597656,190287700
2024-11-27,134.64867978414378,136.8527720620769,131.44727893138864,134.97779846191406,226370900
2024-11-29,136.41396798376013,138.97709782710584,135.68592576491588,137.88003540039062,141863200
2024-12-02,138.45846440112203,140.07412408062024,137.45117284579777,138.25900268554688,171682800
2024-12-03,137.89002585394636,140.16392360539365,137.58085781498016,139.88467407226562,164414000
2024-12-04,141.61999054867616,145.39984134699782,139.91456002292938,144.7515869140625,231224300
2024-12-05,144.73165063129176,146.1579148411047,143.57467148409813,144.68177795410156,172621200
2024-12-06,144.2230061514487,145.32012910905055,140.9415752898697,142.06863403320312,188505600
2024-12-09,138.60766082087318,139.58510137793925,136.77246195727844,138.4480743408203,189308600
2024-12-10,138.64753308216282,141.4502189353748,133.44114274667672,134.7178192138672,210020900
2024-12-11,137.00184953896905,139.8045203384501,134.85746151474785,138.94676208496094,184905200
2024-12-12,136.72258646567687,138.07904108019704,135.44592508954074,136.98190307617188,159211400
2024-12-13,138.5777215546611,139.23600428177866,132.1944001851312,133.8999481201172,231514900
2024-12-16,133.8301313094174,134.04955889819416,130.07994062496547,131.65582275390625,237951100
2024-12-17,128.75342001528475,131.24690176576593,126.5292385551769,130.05003356933594,259410300
2024-12-18,133.51098920213212,136.3435808551527,127.94553603601128,128.5738983154297,277444500
2024-12-19,131.41643441707996,133.6805197239663,129.21220544602065,130.33924865722656,209719200
2024-12-20,129.4715360054975,134.92727495716574,127.88568536239204,134.34878540039062,306528600
2024-12-23,135.92467137837366,139.42551415908295,134.76769223262775,139.3058319091797,176053500
2024-12-24,139.63498826590208,141.53002844762267,138.28850193430708,139.8544158935547,105157000
2024-12-26,139.33575896662117,140.48276971800976,137.37089410442982,139.56515502929688,116205600
2024-12-27,138.18873344590025,138.65750913681617,134.35874991156737,136.65274047851562,170582600
2024-12-30,134.47843254273522,139.90425017541338,133.67054705312722,137.13150024414062,167734700
