timestamp,open,high,low,close,volume
2015-01-02,170.47255808561408,170.88556456408185,168.65531949719002,169.68783569335938,121465900
2015-01-05,168.64708148544278,168.81228157325947,166.31773125812248,166.62335205078125,169632600
2015-01-06,166.92894957322903,167.44934175106874,164.2609313452381,165.0539093017578,209151400
2015-01-07,166.37555138501293,167.44937089898684,165.92950987204858,167.11070251464844,125346700
2015-01-08,168.51490105817123,170.2908365016817,168.49838987366132,170.07606506347656,147217800
2015-01-09,170.48908829723226,170.5056120873232,168.10191108942752,168.71316528320312,158567300
2015-01-12,168.8453161791333,169.00226066188512,166.7885393225758,167.3915252685547,144396100
2015-01-13,168.60576096190292,169.72913908899594,165.62385367921945,166.9207000732422,214553300
2015-01-14,164.91348263853635,166.111211515272,164.0213997320499,165.9129638671875,192991100
2015-01-15,166.54906847063768,166.86294495914143,164.2775318580167,164.39317321777344,176613900
2015-01-16,164.18659841874955,166.70594044959492,164.00487456052744,166.5489959716797,211879600
2015-01-20,167.18503146744484,167.44936168573867,165.3430259480595,166.90419006347656,130991100
2015-01-21,166.4415870447863,168.22577780182866,165.9790218716173,167.74668884277344,122942700
2015-01-22,168.49842947284804,170.3734702759483,167.12724459882256,170.24131774902344,174356000
2015-01-23,169.9851546972276,170.24122923165683,169.17566574838096,169.30783081054688,117516800
2015-01-26,169.0931194349828,169.79522289212784,168.3827477816635,169.70436096191406,92009700
2015-01-27,167.6558608098982,168.60577072506626,166.63986834178553,167.46588134765625,134044600
2015-01-28,168.64708417164115,168.74620170511815,165.12827308965936,165.31825256347656,168514300
2015-01-29,165.5164476333486,167.1023906847634,164.11221580090753,166.84632873535156,173585400
2015-01-30,165.6734494946458,166.9950628601836,164.48398864289024,164.74830627441406,197729700
2015-02-02,165.24393365704213,166.87943616967166,163.43496283666747,166.78857421875,163107000
2015-02-03,167.68066983135327,169.20879920391286,167.3089664338,169.20053100585938,124212900
2015-02-04,168.44055681294967,169.64654124823144,168.10188848340294,168.5561981201172,134306700
2015-02-05,169.2169950571287,170.40645559253682,169.14265692465472,170.2577667236328,97953200
2015-02-06,170.62120995804588,171.182905242461,169.26654940663443,169.7869415283203,125672000
2015-02-09,169.1426798861956,169.86130713891177,168.622287680321,169.02703857421875,87219000
2015-02-10,170.05952712324256,171.0837749758462,169.06830163446324,170.8277130126953,96164200
2015-02-11,170.6625470171787,171.3563949145991,170.01825788329432,170.92686462402344,91087800
2015-02-12,171.71982537678446,172.62844463006107,170.95989500311532,172.57061767578125,97545900
2015-02-13,172.69451327422047,173.33053409635758,172.43843870239692,173.28097534179688,93670400
2015-02-17,172.96709889458353,173.72704186582325,172.7193051039149,173.55357360839844,76968200
2015-02-18,173.1818717963169,173.64443701478808,172.91754161207228,173.57009887695312,80652900
2015-02-19,172.9753766774431,173.80964522816615,172.83495598696246,173.44619750976562,91462500
2015-02-20,173.0331782281016,174.56130712996128,172.41366855501633,174.48696899414062,140896400
2015-02-23,174.2391617104285,174.46218872070312,173.85919023381086,174.46218872070312,74411100
2015-02-24,174.38788888649893,175.1560876554852,174.0905236539817,174.9578399658203,72472300
2015-02-25,174.83390718824936,175.3129962204007,174.47045946703403,174.8091278076172,73061700
2015-02-26,174.71830246796685,174.87524698081072,173.99966246725876,174.6026611328125,72697900
2015-02-27,174.50344308833775,174.76777320923932,173.95828427089756,174.00784301757812,108076000
2015-03-02,174.10704020970294,175.1643359693863,174.0574814403365,175.1065216064453,87491400
2015-03-03,174.67694218695533,175.15603116282256,173.52878480470744,174.38783264160156,110325800
2015-03-04,173.7930695743558,173.8674202974454,172.68621556515376,173.65264892578125,114497200
2015-03-05,173.97488018199235,174.12356909840437,173.33885915122326,173.8427276611328,76873000
2015-03-06,172.98363319579175,173.41316346565193,171.06728967572505,171.39768981933594,188128000
2015-03-09,171.59598437672534,172.46328814178636,171.43903985422142,172.1081085205078,89818900
2015-03-10,170.74512768789077,170.8277214133803,169.27481316828494,169.3161163330078,157121300
2015-03-11,169.57219189746775,169.74566016162228,168.83704088073142,168.91964721679688,110145700
2015-03-12,169.54740269157224,171.13334594125118,169.497843934388,171.06727600097656,93993500
2015-03-13,170.79470371277253,171.7528691698583,168.9857333090318,170.01824951171875,162410900
2015-03-16,170.74516975037025,172.38067212385542,170.04305358898614,172.28981018066406,136099200
2015-03-17,171.55463715174756,172.15762309564545,170.96816239253445,171.7776641845703,94510400
2015-03-18,171.30686131999258,174.51179627508682,170.67082768526348,173.8427276611328,228808500
2015-03-19,173.4296846377479,173.85094670509045,172.6614860397028,173.04971313476562,117917300
2015-03-20,173.9964371148031,175.08334236742368,173.81390205525543,174.5772247314453,177715100
2015-03-23,174.5855025701291,175.1579976944319,174.23703002929688,174.23703002929688,71784500
2015-03-24,174.11257043384242,174.5688953590549,173.191602819688,173.2579803466797,77805300
2015-03-25,173.46545013430293,173.69776520861421,170.67765658234543,170.71913146972656,159521700
2015-03-26,170.05537123840853,171.2252389858429,169.3584133966899,170.3125762939453,153067200
2015-03-27,170.19641226043072,170.87675986583287,170.00557209213895,170.70252990722656,118939000
2015-03-30,171.73132674457867,173.08374198713193,171.71474185758936,172.78504943847656,96180400
2015-03-31,171.96361589192352,172.66057350740502,171.2168909627428,171.27496337890625,126768700
2015-04-01,171.24180662976426,171.26669662045506,169.6819663586385,170.6693115234375,137303600
2015-04-02,170.60294970108774,171.73134247042432,170.4204146457377,171.28330993652344,86900900
2015-04-06,170.39551652393973,172.9509945167097,170.262774121107,172.43658447265625,114368200
2015-04-07,172.46145215552548,173.20817713321736,171.94704217801407,171.980224609375,81236300
2015-04-08,172.20423971106177,173.00074463141883,171.81427969330997,172.56100463867188,89351900
2015-04-09,172.39506560943883,173.5566405495446,171.90554564612407,173.32432556152344,85548900
2015-04-10,173.5732271988262,174.31165964872955,173.3741073131458,174.27017211914062,72722900
2015-04-13,174.1291290766868,174.75970915796123,173.4321841386416,173.48196411132812,74436600
2015-04-14,173.28289617370427,173.9964388699827,172.6606210081203,173.81390380859375,75099900
2015-04-15,174.27850309836572,175.09989806919253,174.19552802686758,174.59378051757812,99529300
2015-04-16,174.2619265856519,175.05013921914878,174.0627939861519,174.5440216064453,68934900
2015-04-17,173.35757112990004,173.5981786303334,171.75624307452983,172.53616333007812,191113200
2015-04-20,173.45707874305626,174.44442376168223,173.37411633977555,174.112548828125,92189500
2015-04-21,174.7929852648859,174.95063036969282,173.60651974592633,173.90521240234375,72559800
2015-04-22,174.24532765331014,174.94228541591448,173.324359960795,174.75975036621094,78264600
2015-04-23,174.36148812213582,175.84665853711883,174.24533060310532,175.19949340820312,102585900
2015-04-24,175.6143536888242,175.87155873444283,175.1580160303617,175.60604858398438,61327400
2015-04-27,176.17021507638887,176.29466502117256,174.68504488080637,174.87588500976562,79358100
2015-04-28,174.85100566816996,175.4815731938354,173.68112547509182,175.43179321289062,86863500
2015-04-29,174.54399554046685,175.30731806756097,173.9051356170558,174.70994567871094,125684900
2015-04-30,174.1374775440112,174.52743764078912,172.2623470377464,172.9593048095703,161304900
2015-05-01,173.7391862143041,174.87588389704135,173.63962625911066,174.8343963623047,103399700
2015-05-04,175.25759274103953,175.91306307493306,175.14974030981077,175.332275390625,70927200
2015-05-05,175.09159061917188,175.44836820377265,173.1832780802404,173.32432556152344,113326200
2015-05-06,173.87195706754807,174.17894206411373,171.5487941735033,172.61080932617188,135060200
2015-05-07,172.5112715607244,173.72263947585762,172.1793965303919,173.2994842529297,88244900
2015-05-08,174.96719142130206,175.7802941151666,174.8842163328538,175.58116149902344,155877300
2015-05-11,175.5396971735505,175.80519468415648,174.66850933332694,174.74317932128906,75708100
2015-05-12,173.91342824033026,174.75972583742453,173.09202063195485,174.2204132080078,119727600
2015-05-13,174.62702471566996,175.24929994623557,174.02134703611495,174.253662109375,94667900
2015-05-14,175.26585334388207,176.1619309693813,174.99205079218353,176.07066345214844,95934000
2015-05-15,176.261474609375,176.4025220938169,175.78024707763444,176.261474609375,76510100
2015-05-18,176.09552429951447,177.0579666326147,176.02914678340125,176.80906677246094,74549700
2015-05-19,176.92531076274923,177.1991134030024,176.468973028994,176.75106811523438,72114600
2015-05-20,176.85059685814068,177.37331204809766,176.31129677913978,176.6265869140625,76857500
2015-05-21,176.48545761730205,177.3483398759114,176.31950752199486,177.1409149169922,64764600
2015-05-22,176.75933987553972,177.17419001036424,176.65148744943588,176.71786499023438,57433500
2015-05-26,176.228266945015,176.6514220283665,174.4029295598266,174.81777954101562,124308600
2015-05-27,175.27420141185766,176.70957949275865,174.86764367693812,176.47726440429688,93214000
2015-05-28,176.1702416142466,176.38595910443956,175.5894540174039,176.27810668945312,74974600
2015-05-29,176.2117399535306,176.25321483710226,174.91740961261766,175.1829071044922,124919600
2015-06-01,175.84665786635355,176.17853287368334,174.75144755376922,175.5396728515625,93338800
2015-06-02,175.0833224787473,176.0540700977669,174.46104739012816,175.36541748046875,91531000
2015-06-03,175.8964861943311,176.4523839475109,175.3405884411513,175.83010864257812,87820900
2015-06-04,175.1248145661451,175.78027210602187,174.0296043048185,174.3448944091797,151882800
2015-06-05,174.19554356303513,174.71825870761285,173.39073340655372,174.04620361328125,121704700
2015-06-08,173.93834636683118,174.08769898352278,172.90122113504552,172.97589111328125,89063300
2015-06-09,172.95095825195312,173.49027083493675,172.32039082500262,172.95095825195312,105034700
2015-06-10,173.71429518187028,175.40689037129914,173.65622276176234,175.0252227783203,134551300
2015-06-11,175.46496915471943,175.971086709297,175.2326541454266,175.5894317626953,73876400
2015-06-12,174.7680612814801,175.46500645752488,173.9715434658424,174.24534606933594,135382400
2015-06-15,173.1086513386087,173.7807064831923,172.40340109589576,173.4986114501953,124384200
2015-06-16,173.3492477236761,174.5274330875997,173.17501778043052,174.4444580078125,85308200
2015-06-17,174.72653198242188,175.33222213944873,173.70600445707223,174.72653198242188,126708600
2015-06-18,175.3238886844893,177.00817851517942,174.7596988138142,176.54354858398438,165867900
2015-06-19,176.3018084335659,176.37684161534378,175.38469380583308,175.75987243652344,130478700
2015-06-22,176.67697185866155,177.24390614570285,176.45185961090112,176.66029357910156,70696000
2015-06-23,176.86879435690926,177.11891775759022,176.39357134523956,176.78541564941406,68476800
2015-06-24,176.51860864780568,176.89378734958865,175.47643851962894,175.50144958496094,92307300
2015-06-25,176.00165632585197,176.1267116240838,174.8927860349281,174.9678192138672,97107400
2015-06-26,175.3263229424074,175.56811348606794,174.38420999329747,174.93447875976562,104174800
2015-06-29,173.45882841908406,174.94287791831636,171.19106481359992,171.26609802246094,202621300
2015-06-30,172.8000848380619,172.85011967454733,171.1492914444219,171.62452697753906,182925100
2015-07-01,173.19195405817197,173.44207737125143,172.21648458678231,173.0001983642578,135979900
2015-07-02,173.47545965044043,173.6422043099479,172.4249441241193,172.84181213378906,104373700
2015-07-06,171.55785267148914,173.1252676311306,171.35775146051736,172.3498992919922,117975400
2015-07-07,172.5499731339721,173.55878636499753,170.17382092755489,173.43373107910156,173820200
2015-07-08,172.09980861176086,172.38327583973646,170.29060275537043,170.5240478515625,164020100
2015-07-09,172.61668341636218,172.87515224406943,170.72411199229873,170.83248901367188,144113100
2015-07-10,172.82513914137888,173.40041904782046,170.87419984963972,172.98355102539062,129456900
2015-07-13,174.24250913650008,175.00119930594377,174.20081978785296,174.892822265625,106069400
2015-07-14,174.85114022385267,175.96001079082825,174.79277258894697,175.65151977539062,81709600
2015-07-15,175.693199165046,176.15175654972325,175.11791923897846,175.59315490722656,97914100
2015-07-16,176.64369931326047,177.00221252441406,176.4019213927476,177.00221252441406,106683300
2015-07-17,176.9937793139445,177.2105587785068,176.5852568863609,177.15219116210938,89030000
2015-07-20,177.37735835107748,177.735858773829,176.92714644686333,177.24395751953125,70446800
2015-07-21,177.1105134144091,177.3689822330543,176.24343366482006,176.5435791015625,77965000
2015-07-22,175.85989978960689,176.56024758434305,175.82655595261932,176.22674560546875,88667900
2015-07-23,176.36018313968574,176.4602273932913,174.87613400945932,175.23463439941406,90509100
2015-07-24,175.33464818245892,175.39300307541941,173.08356397825546,173.41705322265625,117755000
2015-07-27,172.53330165520254,173.04188104088917,171.9663546525979,172.40823364257812,132361100
2015-07-28,173.2420249526405,174.66771933333678,172.41663432543018,174.52598571777344,123544800
2015-07-29,174.65099030361242,175.95161625375798,174.5092567292299,175.7265167236328,105791300
2015-07-30,175.21795021419427,175.9349636396938,174.6009810316665,175.76821899414062,91304400
2015-07-31,176.2684852726826,176.29349633801456,175.21798236332967,175.50144958496094,103266900
2015-08-03,175.46805330387474,175.5264081982769,173.95898072291158,174.90943908691406,113965700
2015-08-04,174.8344311081119,175.29298843792213,174.08407382064158,174.56764221191406,81820800
2015-08-05,175.4597248225571,176.1767382349005,174.85943393213935,175.14291381835938,85786800
2015-08-06,175.32634530357268,175.43473505916185,173.12528267877659,173.7089080810547,116030800
2015-08-07,173.55051743255973,173.70058383084157,172.47499069099115,173.37542724609375,117858000
2015-08-10,174.48422711234036,175.64311936484467,174.48422711234036,175.55975341796875,80270700
2015-08-11,174.22584665937362,174.64271474005895,173.21702030652125,173.97572326660156,126081400
2015-08-12,172.67502226681563,174.36750492522754,171.2159846149572,174.18408203125,172123700
2015-08-13,174.02570109250638,174.7093706772288,173.42541019141387,173.96734619140625,89383300
2015-08-14,173.77564023499053,174.67607691033228,173.63390659930786,174.60104370117188,72786500
2015-08-17,174.00901651227431,175.57643127441406,173.5504592460368,175.57643127441406,79072600
2015-08-18,175.30128558356714,175.65145309465998,174.83439556877664,175.06784057617188,71692700
2015-08-19,174.3258512052676,175.09288677233275,172.87515875699717,173.6838836669922,172946000
2015-08-20,172.1748126984539,173.65886172552786,169.99876128116887,170.05712890625,194327900
2015-08-21,168.18958459097217,170.03214702105623,164.67956263609406,164.93801879882812,346588500
2015-08-24,156.31713079104918,164.64614334806805,152.0734058714553,157.99293518066406,507244300
2015-08-25,162.93698748683326,162.95366576557146,155.84190013873254,156.1337127685547,369833100
2015-08-26,160.14404551360946,162.40346341649578,157.0508787165583,162.1283416748047,339257000
2015-08-27,164.2626591901485,166.26362036631141,162.75359916753715,166.13856506347656,274143900
2015-08-28,165.49662894695211,166.61383235613175,165.01306044406743,166.14694213867188,160414400
2015-08-31,165.17147241350207,166.0218868652278,164.25435754185625,164.80462646484375,163298800
2015-09-01,161.0110797024553,162.386751628339,159.0184513266002,159.8855438232422,256000400
2015-09-02,162.2616905798971,162.96203846399754,160.4274739883416,162.92034912109375,160269300
2015-09-03,163.6290396128962,165.12143433062988,162.5451928788408,163.03709411621094,152087800
2015-09-04,160.78596281128029,161.62803143495745,159.7521257835405,160.56918334960938,207081000
2015-09-08,163.3622336908571,164.75457128266729,162.72025340947818,164.6044921875,116025700
2015-09-09,166.18029407215408,166.30534940483957,162.03662442512285,162.40345764160156,149347700
2015-09-10,162.2116895202348,164.42943054395593,161.95323337119268,163.28721618652344,158611100
2015-09-11,162.89532399093918,164.09590572079074,162.18664338818505,164.02920532226562,119691200
2015-09-14,164.20427649476838,164.25429861131062,162.93699441456607,163.42056274414062,79452000
2015-09-15,163.92080987050704,165.90510531161007,163.3788866438561,165.46322631835938,113806200
2015-09-16,165.76339385199034,167.08903100857285,165.4215590465416,166.8972625732422,99581600
2015-09-17,166.76382417716863,169.1566416498652,166.1468551574897,166.52203369140625,276046600
2015-09-18,164.01873347461128,166.5077903403786,163.39018079009878,163.8008270263672,223657500
2015-09-21,164.63057387627785,165.66977312973452,163.5997507243054,164.6473388671875,105726200
2015-09-22,162.48505178854327,162.9711340310795,161.3787930045775,162.51019287109375,153890900
2015-09-23,162.67788442413593,163.14720191333413,161.67220226329084,162.25047302246094,92790600
2015-09-24,161.03523499204192,162.12472915587193,159.70270601966715,161.66378784179688,159378800
2015-09-25,163.1220430473588,163.42374894153775,160.7503019768851,161.6219024658203,155054800
2015-09-28,160.72518850580386,160.83414178262998,157.25557652045333,157.56565856933594,178515900
2015-09-29,157.78358571852925,159.01555075995716,156.6605611802042,157.65786743164062,159045600
2015-09-30,159.5434645960891,160.76705305770844,158.76406522986127,160.5994415283203,163452000
2015-10-01,160.97655705897594,161.32016897733686,159.082522639908,161.01846313476562,131079000
2015-10-02,159.04060203189462,163.44884714027629,158.49584867228302,163.4237060546875,211003300
2015-10-05,164.64727067693806,166.55806963514397,164.5383174630612,166.331787109375,126320800
2015-10-06,166.19774784370665,166.7592535071073,165.09987760721134,165.76194763183594,110274500
2015-10-07,166.69217435958467,167.47158637337225,165.50211609094887,167.11959838867188,124307300
2015-10-08,166.73412628130978,168.91311473391343,166.4324203846099,168.628173828125,153055200
2015-10-09,168.77063532913212,169.20642276618494,168.10017639559013,168.72872924804688,107069200
2015-10-12,168.8041578059088,169.089098705504,168.37674645651603,168.88796997070312,56395600
2015-10-13,168.15881617556323,169.42431063021064,167.65598162169104,167.82359313964844,88038700
2015-10-14,167.76487912609082,168.34314958475105,166.7256803080332,167.0189971923828,99106200
2015-10-15,167.68110349131211,169.59190271048726,167.3123505213068,169.58352661132812,134142200
2015-10-16,169.98580024510346,170.37130542131746,169.22315320406815,170.35455322265625,114580100
2015-10-19,169.7092526096829,170.43836975097656,169.3991706600181,170.43836975097656,76523900
2015-10-20,170.00259578875122,170.83227734943787,169.75117209632427,170.22048950195312,78448500
2015-10-21,170.6395196068124,170.79036614497844,168.9968959484565,169.16452026367188,102038000
2015-10-22,170.11152414267062,172.23184120585051,169.16451329798593,172.02232360839844,174911700
2015-10-23,173.69011103451444,174.27675782662064,172.89394661751743,173.9080047607422,144442300
2015-10-26,173.7319992431136,173.7906575223188,173.1118225335832,173.48057556152344,69033000
2015-10-27,172.81014983974748,173.4806088566854,172.46653783522476,173.1453857421875,77905800
2015-10-28,173.48060264294352,175.1399787397741,172.8185325397445,175.11483764648438,135906700
2015-10-29,174.61199670168938,175.38302003999266,174.49466734125065,175.01426696777344,90525500
2015-10-30,175.20698758913662,175.52545841839262,174.10074136256867,174.2599639892578,131076900
2015-11-02,174.5868408471371,176.51439263594077,174.46112260790636,176.32164001464844,86270800
2015-11-03,175.9696437316192,177.3859847602942,175.74336114194094,176.83285522460938,95246100
2015-11-04,177.1261725166253,177.2518779531897,175.76011376224523,176.29647827148438,96224500
2015-11-05,176.3551573584658,176.8160986601643,175.23214603282946,176.12049865722656,78408700
2015-11-06,175.77684844755572,176.26293069837328,174.70411961400538,176.02825927734375,110471500
2015-11-09,175.416458062295,175.5673173364517,173.43861203046924,174.38563537597656,131008700
2015-11-10,173.90800255500784,174.82150910678078,173.63982664827824,174.78797912597656,75874600
2015-11-11,175.05618423722112,175.10646642520203,174.0337371218026,174.1007843017578,67846000
2015-11-12,173.0615952943574,173.5309128287457,171.65364269119257,171.67039489746094,121315200
2015-11-13,171.25970084267732,171.52787673580528,169.65898322089475,169.74278259277344,153577100
2015-11-16,169.5584585309678,172.38275250408688,169.4411163645909,172.32408142089844,117645200
2015-11-17,172.6341492455715,173.51411305218159,171.70389046640724,172.19834899902344,121123700
2015-11-18,172.67603876700397,175.07292088872342,172.6341454727028,174.93045043945312,121342500
2015-11-19,174.81308872002745,175.1986067021689,174.4862417997517,174.77957153320312,88220500
2015-11-20,175.53380270640702,176.09530821184927,175.03934435223294,175.41647338867188,94011500
2015-11-23,175.47520813820526,175.97804277333833,174.75446698536746,175.2154083251953,64931200
2015-11-24,174.20970448066703,175.85232822831483,173.82419922577145,175.45005798339844,98874400
2015-11-25,175.57574276884174,175.77688426159057,175.16508368329,175.42489624023438,51980100
2015-11-27,175.517069100086,175.82716382863123,175.03937564531228,175.6260223388672,37317800
2015-11-30,175.7852488515511,175.90257818432067,174.78794312904074,174.8968963623047,112822700
2015-12-01,175.52551313730174,176.68205468793226,175.2489482974578,176.56471252441406,97858400
2015-12-02,176.5143660168775,176.83283682937392,174.51137847141774,174.76280212402344,108441300
2015-12-03,175.0142153336303,175.28239116925315,171.59488711086138,172.3156280517578,166224200
2015-12-04,172.31570246678578,175.96969091918655,172.31570246678578,175.67636108398438,192913900
2015-12-07,175.34947755684817,175.76851278396063,173.6481955578069,174.6119842529297,102027100
2015-12-08,173.05312401114873,174.5616401740072,172.45808852935795,173.43862915039062,103372400
2015-12-09,172.8017509958119,174.88853826661926,171.11722117910855,172.08938598632812,162401500
2015-12-10,172.1564097185433,173.84092651795578,171.92175104363824,172.53353881835938,116128900
2015-12-11,170.42156985452317,171.08363964530918,168.87951106207322,169.18960571289062,211173300
2015-12-14,169.3489225829156,170.1702281432619,167.57220431685354,170.0445098876953,182385200
2015-12-15,171.55304028445954,172.7347228377243,170.01936963216863,171.82960510253906,154069600
2015-12-16,172.9526108886259,174.64551693695873,171.63684680850224,174.34381103515625,197017000
2015-12-17,174.6538513489731,174.7208985098075,171.6703230255021,171.6870880126953,173092500
2015-12-18,170.94690416829022,171.08178369521318,168.46831115642496,168.6284942626953,251393500
2015-12-21,169.8003255285047,170.19656384250655,168.6874827238922,170.01951599121094,99094300
2015-12-22,170.90476303100496,171.85742293411286,169.9183864593483,171.56234741210938,111026200
2015-12-23,172.56560530811353,173.72902987741492,172.4728683806468,173.68687438964844,110987200
2015-12-24,173.43393705200427,173.94820307781427,173.18101701464653,173.40020751953125,48539600
2015-12-28,172.7089070220809,173.0461251635995,171.93329500535015,173.0039825439453,65899900
2015-12-29,174.09992902631632,175.17904239882662,174.06621236144557,174.85025024414062,92640700
2015-12-30,174.60585397016334,174.6901649694155,173.46771980052105,173.6110382080078,63317700
2015-12-31,172.9365444743356,173.57726411896667,171.87428283691406,171.87428283691406,114877900
2016-01-04,169.02472259585497,169.47996830831684,167.42290449220576,169.47154235839844,222353500
2016-01-05,169.79194116005368,170.21347032168643,168.65382014207472,169.7582244873047,110845800
2016-01-06,167.21212890813374,168.66218976902232,166.58827419024678,167.61680603027344,152112600
2016-01-07,164.67458789447326,166.45344151506174,163.20766174470162,163.59547424316406,213436100
2016-01-08,164.55651679400643,165.11293824156806,161.51307646082637,161.79971313476562,209817200
2016-01-11,162.7186624135249,163.05589341995838,160.02931749748547,161.9599151611328,187941300
2016-01-12,163.4015244612569,164.0169532623226,161.14212210067134,163.26663208007812,172330500
2016-01-13,163.93263859321036,164.27829548813105,158.8152828146417,159.1946563720703,221168900
2016-01-14,159.80165137355536,162.9293894456111,158.20827221925188,161.80812072753906,240795600
2016-01-15,157.45800285707142,159.13568064709096,156.4041799782958,158.33477783203125,324846400
2016-01-19,160.14733520491595,160.27378878445893,156.9774282612069,158.54551696777344,195244400
2016-01-20,155.99105620650136,158.07341096946286,152.61039748829143,156.5137481689453,286547800
2016-01-21,156.98586912340346,159.22839410217688,155.66226160803873,157.39053344726562,195772900
2016-01-22,159.99559332480396,160.82178680616093,159.2368460469932,160.6194610595703,168319600
2016-01-25,160.11365472614824,160.3075545621988,157.99758270789476,158.1914825439453,130371700
2016-01-26,158.84902781199466,160.62788116564204,158.51180967058326,160.34967041015625,141036800
2016-01-27,159.82698511645978,161.49623685514294,157.70247471737795,158.60455322265625,185681700
2016-01-28,160.1473756431723,160.34970142152963,157.78680960462017,159.43077087402344,143798800
2016-01-29,160.19793252616049,163.45213789098824,160.07990488553142,163.31724548339844,210529300
2016-02-01,162.31398819603547,164.04226001473677,161.73227600136582,163.25820922851562,136061600
2016-02-02,161.8334403978046,161.84186634784507,159.79322845197512,160.31593322753906,182564900
2016-02-03,161.3697602245639,161.68168761708515,157.7361817318406,161.2770233154297,205054900
2016-02-04,160.77964692255767,162.4994801181011,160.14735322560009,161.52996826171875,139531800
2016-02-05,161.01572450128157,161.58899802448906,157.82052603971346,158.45281982421875,180788300
2016-02-08,156.6148843982992,156.90994697259362,154.11100117094557,156.31980895996094,191526700
2016-02-09,154.5831236069045,157.60127295093122,154.44823123236765,156.3282470703125,184513100
2016-02-10,157.1544910391713,158.781587282469,156.06693869578498,156.1934051513672,148214100
2016-02-11,153.72321201774534,155.20700251784558,152.66938938485407,154.16160583496094,219058900
2016-02-12,155.9320903264691,157.35684824409887,155.08903191023703,157.33999633789062,127632400
2016-02-16,159.14407567169118,160.02085040539032,158.18298998527018,159.9955596923828,120250700
2016-02-17,161.15899356755773,162.98000219707777,161.0325271309253,162.6090545654297,136009500
2016-02-18,162.8788033190904,162.9378235539374,161.6310810787867,161.94300842285156,102343000
2016-02-19,161.16746278651044,162.01894708663167,160.56045974704102,161.86720275878906,114793000
2016-02-22,163.44364484690635,164.35414899997147,163.37619866548928,164.21083068847656,103640300
2016-02-23,163.55327913205167,163.82306391154782,162.01890714277164,162.13694763183594,111455300
2016-02-24,160.71217722714357,163.15704068573677,159.6077731227988,162.8788299560547,150812200
2016-02-25,163.3256446324791,164.86001657290862,162.5668974763839,164.85157775878906,110728300
2016-02-26,165.71993371250397,165.81265775224122,164.31201539215382,164.47219848632812,129833700
2016-02-29,164.48908530726592,165.43330637127323,162.98844274594833,163.18234252929688,125918100
2016-03-01,164.40474909828157,167.10254520529068,163.93263863876854,167.0182342529297,141799700
2016-03-02,166.7063516447515,167.81918190324672,166.29324844973772,167.7686004638672,102415000
2016-03-03,167.59148493822846,168.44298170436377,167.0182117045136,168.42611694335938,95172200
2016-03-04,168.6200687052301,169.74977648835898,167.79387525766805,168.97415161132812,129293600
2016-03-07,168.05523173245695,169.51373179540596,167.9793595758545,169.1090545654297,100219000
2016-03-08,168.03833529114226,168.54416239847214,167.10254034893043,167.26271057128906,123974900
2016-03-09,168.07206345871057,168.43457226724504,167.288012735809,168.08892822265625,94801200
2016-03-10,168.57791165780847,169.5137067095646,166.40282010875242,168.22381591796875,156838700
2016-03-11,169.67388925834564,170.98063204544795,168.20697621851687,170.9384765625,137964500
2016-03-14,170.43267782574958,171.17456042054744,170.10388558631487,170.7193145751953,73612000
2016-03-15,169.75819548969022,170.74457201573492,169.49684951236813,170.44107055664062,93169100
2016-03-16,169.96059199442612,171.83218281920674,169.91843649829028,171.42750549316406,129303200
2016-03-17,171.34314903469127,173.02082657892635,170.94691066119776,172.51499938964844,134278500
2016-03-18,173.0150015735743,173.53192010962937,172.70146527364525,173.19296264648438,138372400
2016-03-21,172.9302083916966,173.66744772876373,172.70140507211255,173.4386444091797,72926700
2016-03-22,172.66751604840624,173.91320443773537,172.5065197008016,173.34544372558594,97471900
2016-03-23,172.9641377131054,173.1505681737441,172.03198540991207,172.20147705078125,81052500
2016-03-24,171.17610725384458,172.15910186414206,170.95578622618342,172.1251983642578,84360900
2016-03-28,172.54040388108646,172.7522554642158,171.77774335397856,172.22686767578125,62408200
2016-03-29,171.82006724704564,173.93011322688284,171.51500051418233,173.8199462890625,92922900
2016-03-30,174.81994487938724,175.3029598090337,174.21828063922183,174.58267211914062,86365300
2016-03-31,174.48942346607075,174.91312658967516,173.9979262910424,174.158935546875,94584100
2016-04-01,173.16749404386812,175.5317520880499,172.85394489943778,175.34532165527344,114423500
2016-04-04,175.26902399778817,175.47240613852486,174.47246010955988,174.77752685546875,63497000
2016-04-05,173.43865755883377,174.78603056334993,172.7776816347166,173.0319061279297,99662200
2016-04-06,173.03187289015037,174.9809097231996,172.85391189996736,174.9215850830078,91839800
2016-04-07,173.83693734939823,174.1928464631695,172.09975175353787,172.82852172851562,113859000
2016-04-08,174.00641968290486,174.4386052040037,172.7607312933758,173.2946014404297,95040600
2016-04-11,173.93015409491906,174.62503351153455,172.79463268426892,172.88784790039062,83757500
2016-04-12,173.05730624126357,174.77753990260072,172.6166513686354,174.49789428710938,115350600
2016-04-13,175.41309180626502,176.34524384309321,175.27750370447308,176.260498046875,96336400
2016-04-14,176.3198524369293,176.76897678579215,175.92157040221767,176.2689971923828,65212900
2016-04-15,176.2690118023422,176.40459993824712,175.75209334830146,176.07411193847656,75761600
2016-04-18,176.0740908506917,177.34520037917224,175.4131149303134,177.31130981445312,82531000
2016-04-19,177.73506076061824,178.12486054643134,177.05713291047573,177.87063598632812,88316100
2016-04-20,177.91296612418077,178.73495134365143,177.4384206222998,178.0400848388672,81100300
2016-04-21,178.05704707885053,178.16721405999155,176.8113585073525,177.08253479003906,85695000
2016-04-22,176.7266256168106,177.35369814232877,176.18428598183434,177.08253479003906,99251700
2016-04-25,176.48086838097544,176.81983873027448,175.87073468263387,176.7774658203125,66166500
2016-04-26,177.14181523808645,177.54857959028388,176.56558513473195,177.04013061523438,75864200
2016-04-27,176.65878883136563,177.7943101471621,176.30287974419332,177.40451049804688,77329400
2016-04-28,176.65038356084295,177.752001784273,175.379273674979,175.79449462890625,97216200
2016-04-29,175.1758401291601,175.5232798328265,173.74372134169164,174.84535217285156,142424100
2016-05-02,175.34528258377605,176.41300969961898,174.9131100933998,176.2350616455078,62188000
2016-05-03,175.00634545912317,175.24361817887922,173.95555703563667,174.70127868652344,106422100
2016-05-04,173.70980679084445,174.43857666186707,173.22677903580248,173.72674560546875,92243800
2016-05-05,174.1928224068987,174.54873147151844,173.2691527203575,173.69285583496094,67619200
2016-05-06,172.92176284461493,174.3708336030968,172.7692358860361,174.32846069335938,89315000
2016-05-09,174.2013708073119,174.9047068655351,174.0234097423171,174.4725341796875,74374900
2016-05-10,175.17589691129402,176.65885849113394,175.10810283028206,176.64190673828125,77472200
2016-05-11,176.18428717716878,176.71814447543505,174.98944091796875,174.98944091796875,81727000
2016-05-12,175.6588403846355,175.8283319833032,174.03182189449538,175.0402374267578,89586300
2016-05-13,174.74368803932327,175.29449705429184,173.19293269930267,173.5149383544922,96474600
2016-05-16,173.68438148328653,175.70119945871832,173.62505684234227,175.22665405273438,77486800
2016-05-17,174.9555419473399,175.24365703801797,173.06581624757146,173.59121704101562,114924900
2016-05-18,173.24376203518085,174.81993841591333,172.5573649376739,173.6420440673828,120062100
2016-05-19,172.9217383836145,173.32848981268344,171.83705928583413,173.04037475585938,115430500
2016-05-20,173.65048663677024,174.6504327323409,173.5996443307976,174.13351440429688,104990400
2016-05-23,174.15049760539685,174.43014328991345,173.7098555543978,173.8962860107422,58682600
2016-05-24,174.70975671321835,176.4638939748023,174.68433555844706,176.1503448486328,93537800
2016-05-25,176.82829640945806,177.76044864519628,176.15036868622988,177.34521484375,76621400
2016-05-26,177.48080294319328,177.7096062974516,177.08252089075677,177.39605712890625,55280700
2016-05-27,177.55705770486466,178.16719133268288,177.5062153909457,178.15872192382812,64211200
2016-05-31,178.42989685111044,178.54006382536642,177.2604718333041,177.81976318359375,109879400
2016-06-01,177.20964832225997,178.36212171316362,177.01474844207405,178.18417358398438,69936200
2016-06-02,177.78586458863467,178.74342502410155,177.31131907541297,178.7264862060547,63044700
2016-06-03,178.16722105071435,178.54008198883983,176.98932650367107,178.19264221191406,101757100
2016-06-06,178.54852805069498,179.45525911623767,178.3875187638868,179.09934997558594,64887000
2016-06-07,179.25187675468737,179.93827387747152,179.2264555968358,179.3789825439453,60974800
2016-06-08,179.51455974679448,180.0908027939479,179.38745396527267,179.96368408203125,66170900
2016-06-09,179.23491345533657,179.8365776566402,178.96375014559598,179.7179412841797,73786900
2016-06-10,178.34515166586806,178.68410904426875,177.4723112022157,178.01466369628906,113829200
2016-06-13,177.41304986309373,178.26892589137205,176.55717383481542,176.64190673828125,117751200
2016-06-14,176.2605430248504,176.88762845786226,175.34534249980456,176.29443359375,125059300
2016-06-15,176.29447881841784,177.41306183499952,175.862306069502,176.04873657226562,109124500
2016-06-16,176.04869354899654,176.7435730586443,174.2182924766721,176.57408142089844,149533100
2016-06-17,176.4701621006193,176.49571546014107,175.26058875857578,175.91648864746094,117055700
2016-06-20,177.8756679387866,178.54859475858052,176.96422142590865,177.04940795898438,82789600
2016-06-21,177.4327180900244,177.96083819196116,176.98977152195235,177.55197143554688,72461700
2016-06-22,177.73080065636066,178.45484700076446,177.11749417578338,177.26231384277344,95560500
2016-06-23,178.7189417271232,179.62186172192614,178.2589682760942,179.5707550048828,102731400
2016-06-24,173.4547347208247,179.6048273711775,172.67958155075527,173.12252807617188,333444400
2016-06-27,171.71701148787568,171.72553793794785,169.2126787224782,170.02191162109375,230775800
2016-06-28,171.62333532467787,173.11400855868138,171.31668202520586,173.0884552001953,159382400
2016-06-29,174.48542967094025,176.26571631196322,174.383216236283,176.03573608398438,137328600
2016-06-30,176.50424407060433,178.4889576718171,175.95055761303408,178.43785095214844,165021900
2016-07-01,178.43783741644256,179.29817712440217,178.27599081800903,178.81263732910156,106055300
2016-07-05,177.98637112855883,178.09711100727978,176.93013104588525,177.52639770507812,109803700
2016-07-06,177.03239681547535,178.71047040811283,176.37649679761978,178.59121704101562,96021500
2016-07-07,178.76997521484753,179.43438825952623,177.71373550158077,178.48036193847656,85593800
2016-07-08,179.7751531352173,181.38507933652699,179.54515996427702,181.13804626464844,133971000
2016-07-11,181.5980735130661,182.34767335157056,181.39363364866333,181.77694702148438,73633900
2016-07-12,182.7394995083198,183.39539936460767,181.8024997136228,183.09725952148438,101275600
2016-07-13,183.51464757652928,183.52316102982908,182.58617425894235,183.0717010498047,87324100
2016-07-14,184.3323634575898,184.56235665116716,183.70203003483041,184.09385681152344,91230900
2016-07-15,184.65603683603393,184.8519502033913,183.40387057951722,183.84681701660156,107155400
2016-07-18,183.96606626558042,184.5027126487079,183.71051974991803,184.3408660888672,58725900
2016-07-19,183.92349496786622,184.1875549664378,183.67647487174233,184.1534881591797,54345700
2016-07-20,184.1534935758465,185.1586268899919,184.1534935758465,184.9201202392578,58159500
2016-07-21,184.80940237275158,185.0308691313322,183.77870265512237,184.22164916992188,67777300
2016-07-22,184.34089084954488,185.0990040493372,184.07683084702495,185.0478973388672,62787500
2016-07-25,184.84347369635424,184.89458041130248,183.96610709603976,184.5453338623047,55873100
2016-07-26,184.44310848175783,184.98826840194747,183.78720868792976,184.63050842285156,70080500
2016-07-27,185.0053294300427,185.0734760525525,183.66797633386125,184.4346160888672,84083900
2016-07-28,184.23864234264187,184.9371352956895,183.77866900592056,184.64752197265625,65035700
2016-07-29,184.3835375116675,185.30348456185243,184.10243752502828,184.9457244873047,79519400
2016-08-01,185.00534225200298,185.39716911154125,184.34092888353362,184.79238891601562,73311400
2016-08-02,184.54529344811303,184.69862655701743,182.77353372893066,183.60830688476562,92295500
2016-08-03,183.54870710658165,184.204606918532,183.25058028125014,184.1449737548828,53993600
2016-08-04,184.2556795844345,184.6560327595239,182.50094677326078,184.3408660888672,46585500
2016-08-05,184.3409173872479,185.89121081778012,184.3409173872479,185.84861755371094,71892200
2016-08-08,186.0360266481112,186.1382530864224,185.47383972677943,185.73789978027344,39906500
2016-08-09,185.80603728728104,186.34267082210715,185.5249373415915,185.84861755371094,51251700
2016-08-10,185.95929347107847,186.0359535214485,185.03933387373343,185.38858032226562,57941100
2016-08-11,185.91672529073242,186.49596496611446,185.65266530542866,186.24893188476562,72504300
2016-08-12,185.942323242528,186.30009627357856,185.68678964554863,186.08714294433594,61313500
2016-08-15,186.45341923045174,186.97302588150868,186.44490577630455,186.623779296875,49813500
2016-08-16,186.20638433318723,186.2745179562473,185.66122436523438,185.66122436523438,53213600
2016-08-17,185.69525506641838,186.146714967824,184.86048187105433,186.0104217529297,75134300
2016-08-18,185.98490989689367,186.4619232578189,185.8741830080184,186.4278564453125,52989300
2016-08-19,185.95934477450407,186.33414467656135,185.47381799057598,186.15525817871094,75443000
2016-08-22,185.91678104326473,186.37676754071967,185.5505075338474,186.1467742919922,61368800
2016-08-23,186.76005207653185,187.0581919083206,186.4619122447431,186.52154541015625,53399200
2016-08-24,186.376801424045,186.47050143147675,185.15018787135403,185.5675811767578,71728900
2016-08-25,185.18419646592582,185.85713621615523,185.03087631886928,185.4397430419922,69224800
2016-08-26,185.62714639773398,186.64931972308202,184.2046197953318,185.0904998779297,122506300
2016-08-29,185.21828644695944,186.26601316896983,185.18420663620492,186.001953125,70502200
2016-08-30,185.9167334635116,186.19783336276384,185.14159337511722,185.6952667236328,58114500
2016-08-31,185.3631345331763,185.48238790216294,184.3920676721017,185.16722106933594,85269500
2016-09-01,185.15861927743916,185.46527252972356,184.0171927819061,185.1756591796875,97844200
2016-09-02,186.02746165420058,186.43632830124716,185.43970853790063,186.0104217529297,79293900
2016-09-06,186.29156241038206,186.64932242955953,185.57604237202705,186.57266235351562,56702100
2016-09-07,186.41078109706655,186.73447424370875,185.9508077286711,186.5555877685547,76554900
2016-09-08,186.22339967997087,186.49598614584542,185.8230464317414,186.12969970703125,74102900
2016-09-09,184.81795240213467,184.8690591259492,181.64920554922554,181.6747589111328,221589100
2016-09-12,180.91657574533482,184.6815879202217,180.84842914064834,184.28123474121094,168110900
2016-09-13,183.00360712887914,183.2676672312382,181.01036668109558,181.63218688964844,182828800
2016-09-14,181.68324870057552,182.88430854433517,181.01032192860217,181.56399536132812,134185500
2016-09-15,181.40218712475806,183.76170088109808,181.22330059205066,183.37838745117188,134427900
2016-09-16,182.76366792581595,182.94345806111463,181.98461217497623,182.66949462890625,155236400
2016-09-19,183.32012466255208,183.9622116674637,182.37839183003095,182.70372009277344,80250500
2016-09-20,183.55983983997842,183.7139344539165,182.67804138032696,182.7122802734375,69665300
2016-09-21,183.41428773203177,184.94672955056805,182.72939235227372,184.76695251464844,110284400
2016-09-22,185.77711881340323,186.2308591184373,185.52885099232958,185.93121337890625,76678700
2016-09-23,185.53743652724677,185.67441820469017,184.81830231560664,184.9124755859375,73630900
2016-09-26,184.08210674101107,184.2618838253767,183.21742102902655,183.41433715820312,89827300
2016-09-27,183.2516479102736,184.6471082252483,182.8835112062276,184.55294799804688,78494800
2016-09-28,184.77548137248468,185.62304074796012,183.81663582201693,185.46893310546875,87411000
2016-09-29,185.26349035952774,185.66586590978932,183.24305615132027,183.7909698486328,128070600
2016-09-30,184.62144938310027,185.87994121543213,184.37318143822424,185.1779327392578,117202900
2016-10-03,184.76702479434655,184.9553583607444,184.09924206696272,184.73277282714844,83512100
2016-10-04,184.844001895467,185.06658734449323,183.20026080352932,183.7909698486328,119948100
2016-10-05,184.4159777481273,185.03238240361438,184.3474868904848,184.6043243408203,72816000
2016-10-06,184.38176201150642,184.9553583607444,183.84241762946658,184.73277282714844,62927400
2016-10-07,185.00675274805474,185.1779734093632,183.3715673464658,184.09925842285156,89788300
2016-10-10,185.05807495117188,185.52037193639262,184.9125367694673,185.05807495117188,51855000
2016-10-11,184.62997321386428,184.69846405905517,181.99313445883374,182.7208251953125,130367400
2016-10-12,182.85782847749783,183.48280261492656,182.3612795887013,182.9605712890625,73866100
2016-10-13,181.63359151521533,182.85783124494432,180.82028384808063,182.3612823486328,101357000
2016-10-14,183.3372428027531,183.79955277491104,182.37839702834248,182.4554443359375,93346200
2016-10-17,182.4297956281271,182.68663309755578,181.64217030162976,181.82196044921875,58275700
2016-10-18,183.4143117616483,183.47423309370768,182.58387812767933,182.9605712890625,76869700
2016-10-19,183.22597713186872,183.75676495027773,182.86640992617598,183.4485626220703,66519200
2016-10-20,183.097540097914,183.6625798404998,182.44689658612387,183.10610961914062,73639800
2016-10-21,183.10609240583523,183.2773129914425,182.14723361250657,183.1916961669922,89089100
2016-10-24,184.06496797457876,184.33893140659717,183.6197839291966,183.97079467773438,60146600
2016-10-25,183.79095400311965,184.04779138418704,183.19167548949028,183.35433959960938,66542300
2016-10-26,182.53252658412072,183.56841979028252,182.29280204849215,182.98626708984375,75705500
2016-10-27,183.70534120897295,183.73958009522707,182.42116743013958,182.4982147216797,77220200
2016-10-28,182.4725982624079,183.14892428259796,181.24835842102084,181.95892333984375,140623200
2016-10-31,182.2927681902188,182.51536670410897,181.8047888776386,181.9674530029297,61272500
2016-11-01,182.29277374641168,182.34415167961674,179.44191895997065,180.64903259277344,122781800
2016-11-02,180.34086915477957,180.72613188868763,179.12518573960872,179.5618133544922,103330800
2016-11-03,179.77575875504616,179.98978770172488,178.46590264643558,178.73985290527344,88939300
2016-11-04,178.85120155849046,179.690191603582,178.3974611112159,178.54299926757812,109122100
2016-11-07,178.5430438028722,182.5154226192163,178.5430438028722,182.48117065429688,109794900
2016-11-08,182.08734096045808,183.8680640704405,181.82194705147958,183.3030242919922,106772100
2016-11-09,181.8133351814696,185.86277292051915,181.78765274873078,185.24636840820312,258429000
2016-11-10,186.03400745605103,186.89867990417122,184.2532846271845,185.70867919921875,172113300
2016-11-11,184.98956331771262,185.52035110471618,184.33891980256973,185.2806396484375,100552700
2016-11-14,185.80290172208976,186.00837431716855,184.6813915667905,185.42620849609375,94580000
2016-11-15,185.81145806271672,186.873046875,185.60599853106606,186.873046875,91652600
2016-11-16,186.25659404633944,186.75314289173917,186.13673832940114,186.52198791503906,65617700
2016-11-17,186.6760686915259,187.54074102033763,186.56476944779976,187.48081970214844,69797200
2016-11-18,187.54933270762592,187.72055328977922,186.88155022962977,187.06134033203125,86265800
2016-11-21,187.63491755839485,188.49958990227336,187.4893794250663,188.47390747070312,72402600
2016-11-22,188.78221341170118,189.0219249468924,188.11444369748295,188.84214782714844,67429000
2016-11-23,188.32837394303928,188.99614330677943,188.1314709417549,188.9447784423828,56620200
2016-11-25,189.28725291578274,189.68105896052663,189.2101925476429,189.64682006835938,37872300
2016-11-28,189.33862014822847,189.61257047886514,188.6537247266964,188.75645446777344,76572500
2016-11-29,188.79068806458108,189.57831315059707,188.49104226452081,189.12457275390625,69886700
2016-11-30,189.7409976860947,189.9036618200159,188.61091826935393,188.6708526611328,113291800
2016-12-01,188.97050173292382,188.97050173292382,187.61783673708024,187.9774169921875,79040500
2016-12-02,188.06297674697552,188.55952553277262,187.71196609547022,188.071533203125,74840300
2016-12-05,188.90196858880603,189.5440555154346,188.70506558902835,189.2016143798828,67837800
2016-12-06,189.3899865481813,189.8351705352663,188.91056366822536,189.80091857910156,59877400
2016-12-07,189.6468370623224,192.34359747994642,189.52698133405676,192.28367614746094,110738100
2016-12-08,192.25801124482192,193.22541361716267,191.9926042635398,192.75454711914062,99714400
2016-12-09,192.9771035152016,193.93594921927246,192.94285156103166,193.9188232421875,88005800
2016-12-12,193.82470126639413,194.30413730862392,193.27678742428512,193.6962890625,102016100
2016-12-13,194.35548085901033,195.48554731913939,194.33835487927195,194.98899841308594,110477500
2016-12-14,194.68935787987144,195.39136626171157,192.9428737882111,193.37950134277344,142501800
2016-12-15,193.6192042449696,195.0317904674374,193.3880492594279,194.17567443847656,124972600
2016-12-16,194.63124198664173,194.691529641135,193.4772879233699,193.79591369628906,156420200
2016-12-19,193.97677116092234,194.63986968501598,193.830375174617,194.2178955078125,90341100
2016-12-20,194.75182675903397,195.1135264473923,194.51932242546528,194.9671173095703,89838800
2016-12-21,194.8379452358374,195.0101750455565,194.42459106445312,194.42459106445312,67909000
2016-12-22,194.27820185658513,194.39876404162973,193.69260471473083,194.0887451171875,56219100
2016-12-23,194.13177206117248,194.38151643666708,193.94232848222345,194.37290954589844,36697800
2016-12-27,194.63984255262181,195.25126022547312,194.62261563301922,194.85513305664062,42672500
2016-12-28,195.1134687068661,195.13068248480434,193.13279360002076,193.24473571777344,64095000
2016-12-29,193.31364806068328,193.66672764527488,192.76250488924578,193.2017059326172,48696100
2016-12-30,193.52893622499533,193.61505768273278,191.80661219256285,192.49554443359375,108998300
2017-01-03,193.79594246656237,194.47626798685826,192.79700426633804,193.9681854248047,91366500
2017-01-04,194.29536427788966,195.26848153297962,194.2867573884805,195.12208557128906,78744400
2017-01-05,194.85517515869023,195.1221333389085,194.17484966043173,194.9671173095703,78379000
2017-01-06,195.0790148593262,196.1296334861943,194.53647862766636,195.66461181640625,71559900
2017-01-09,195.4062733251903,195.54406239938967,194.98429921306328,195.0187530517578,46939700
2017-01-10,195.0359668308157,195.87129502525147,194.63121963803593,195.0187530517578,63771900
2017-01-11,194.93266630385088,195.56993103027344,194.2695677639523,195.56993103027344,74650000
2017-01-12,195.05322197351856,195.26851250549817,193.72703807825238,195.0790557861328,72113200
2017-01-13,195.25129252946203,195.82826959885762,195.21685182484828,195.52687072753906,62717900
2017-01-17,194.8895735022401,195.29432070049256,194.4503856051168,194.83790588378906,61240800
2017-01-18,195.0875981072428,195.31150859617858,194.5364550534028,195.26844787597656,54793300
2017-01-19,195.34600995331297,195.48379904463542,194.11455444288248,194.54513549804688,66608800
2017-01-20,195.2254643669878,195.75077382452264,194.59681965232878,195.25991821289062,129168600
2017-01-23,195.2599114531842,195.32018597098931,193.99400203606893,194.75181579589844,75061600
2017-01-24,194.967083306671,196.41384238690753,194.855141175314,196.00048828125,95555300
2017-01-25,196.9477557982735,197.6969757080078,196.7841329083282,197.6969757080078,84437700
2017-01-26,197.55055465753608,197.81752591147847,197.2147020080547,197.4902801513672,59970700
2017-01-27,197.5677723233257,197.71416827749547,196.99940228458058,197.1802520751953,59711100
2017-01-30,196.49135954736528,196.51719335976878,194.97571894509807,195.9574432373047,79737300
2017-01-31,195.46657427051073,196.00050372017813,194.898217258071,195.94021606445312,75880800
2017-02-01,195.94018351228783,196.8530131051667,195.43210109969132,196.01768493652344,79117700
2017-02-02,196.0176531674037,196.43102031024267,195.32873420991243,196.14683532714844,69657600
2017-02-03,197.05110656225563,197.6797511793912,196.74108769868505,197.4989013671875,80563200
2017-02-06,197.09417587961693,197.49031624796152,196.809990794992,197.14584350585938,57790100
2017-02-07,197.53336288200782,197.7744872141205,196.964992753332,197.15444946289062,57931200
2017-02-08,197.1544447735918,197.54196507382068,196.61190846909716,197.4127960205078,51566200
2017-02-09,197.4127730625225,198.88535266019773,197.4127730625225,198.58395385742188,65955200
2017-02-10,198.92844207107467,199.59154055725963,198.60119627316433,199.3676300048828,66015900
2017-02-13,199.85849382600338,200.71104900172796,199.83266001525024,200.45269775390625,55182100
2017-02-14,200.27186151936579,201.26220584645884,199.92740192577156,201.2535858154297,71109000
2017-02-15,201.03827471556946,202.49364065914128,200.98660709584573,202.30418395996094,86785800
2017-02-16,202.3300674218224,202.51091727552614,201.38279683374938,202.1320037841797,84722400
2017-02-17,201.46886778666237,202.45059204101562,201.4516408656272,202.45059204101562,77204100
2017-02-21,202.8209064325544,203.82846453736573,202.81228640155743,203.65623474121094,88946100
2017-02-22,203.2515053913428,203.6993002727197,203.08788247148524,203.47540283203125,62115200
2017-02-23,203.99205730062485,204.00927107949298,202.85531716144558,203.61314392089844,74615900
2017-02-24,202.76924973175792,203.91458385102231,202.72618899532657,203.8715362548828,82381600
2017-02-27,203.78537731620193,204.36235428548795,203.53564611528,204.19012451171875,56515400
2017-02-28,203.8112526359961,204.05237699644127,203.25150247216814,203.63902282714844,96961900
2017-03-01,205.29241099116604,206.95446050303505,205.27518407168895,206.4894256591797,149158200
2017-03-02,206.2999648439958,206.30858487370685,205.1374040381639,205.18907165527344,70246000
2017-03-03,205.1029620528857,205.48187545397204,204.72404865179934,205.31825256347656,81974300
2017-03-06,204.52598307687302,205.05989933306515,204.10400894970482,204.7068328857422,55391500
2017-03-07,204.40546264673017,204.75854230642355,203.88876006472563,204.09544372558594,65103700
2017-03-08,204.38819704453468,204.6465482866462,203.57870261805394,203.71649169921875,78168800
2017-03-09,203.83703393035415,204.30206874874492,203.01032580477525,203.97482299804688,90683900
2017-03-10,204.93071475412785,204.97377548062298,203.7423070323635,204.68959045410156,81991700
2017-03-13,204.62934583908455,204.8360294855501,204.30211315754522,204.79296875,57256800
2017-03-14,204.25040165819996,204.3020824172589,203.39785966792678,204.00927734375,59880800
2017-03-15,204.57765871334672,206.19664760561835,204.34514127577168,205.77467346191406,96081800
2017-03-16,205.91245511123034,205.9899565408601,205.04268618470874,205.3699188232422,78344000
2017-03-17,205.63196665468863,205.82224755344623,205.0092315673828,205.0092315673828,89002100
2017-03-20,205.00931060056578,205.29473205873504,204.39523280666853,204.78443908691406,52537000
2017-03-21,205.38982235241298,205.51090901439778,202.02532881856098,202.15505981445312,131809300
2017-03-22,202.18968445195426,202.91620449898713,201.56694921236672,202.6307830810547,97569200
2017-03-23,202.63074737271714,203.54754820347628,202.04261597089257,202.41452026367188,100410300
2017-03-24,202.71725794521547,203.28808752371825,201.4890894619878,202.2675018310547,112504900
2017-03-27,200.59820862722134,202.31938117796201,200.32144478844586,202.05990600585938,87454500
2017-03-28,201.75723863446456,203.95410073492422,201.64479629003603,203.53030395507812,93483900
2017-03-29,203.24484617764165,203.95406426057835,203.0199615290021,203.7205352783203,61950400
2017-03-30,203.65999883500942,204.5681553695538,203.48701978020478,204.3692169189453,56737900
2017-03-31,204.03194530025047,204.55954010476322,203.84166434141252,203.89356994628906,73733100
2017-04-03,203.94541794497783,204.14434319591695,202.3107414799695,203.53890991210938,85546500
2017-04-04,203.25350299956253,203.75515152683073,202.8729411376724,203.6686553955078,56466200
2017-04-05,204.34329340648705,205.32064431094852,202.8556496145903,203.063232421875,108800600
2017-04-06,203.20156378227185,204.15295502034064,202.7604520905961,203.63401794433594,69135800
2017-04-07,203.38325034394884,204.11842792690598,202.94215171264923,203.42649841308594,74412300
2017-04-10,203.56486351066155,204.3432758756478,203.01996693669741,203.5475616455078,67615300
2017-04-11,203.1670161256462,203.40918946743707,201.81776087925203,203.30540466308594,88045300
2017-04-12,203.02861106024082,203.21889197199712,202.1896488213487,202.41452026367188,81864400
2017-04-13,202.07725025970024,202.81242786863328,201.0998992919922,201.0998992919922,92880400
2017-04-17,201.6188044247861,202.88157653808594,201.41987918139105,202.88157653808594,68405400
2017-04-18,202.14639206600955,202.8123752285135,201.59285121855888,202.276123046875,83225800
2017-04-19,202.83832324402883,203.21022752414882,201.67933594893105,201.9042205810547,68699900
2017-04-20,202.51831842688946,203.98867342346213,202.19830650755497,203.5475616455078,92572200
2017-04-21,203.46975338052528,203.521645786266,202.50105994680993,202.89891052246094,110389800
2017-04-24,205.13896965036957,205.33790808615962,202.8729138470728,205.1303253173828,119209900
2017-04-25,205.77043356502134,206.66993281304875,205.68393741537315,206.323974609375,76698300
2017-04-26,206.28935434519522,207.17156485058885,206.15097899328634,206.1942138671875,84702500
2017-04-27,206.5141745623842,206.6698517337253,205.83088956162,206.3671417236328,57410300
2017-04-28,206.62663754838997,206.65258374786688,205.7876752387527,205.91741943359375,63532800
2017-05-01,206.43637084960938,206.86018079937156,206.02121843190722,206.43637084960938,66882500
2017-05-02,206.5747731913736,206.6958598711885,206.1077283399328,206.5142364501953,57375700
2017-05-03,206.5141822668873,206.60932271874108,205.588723944541,206.2633514404297,73137700
2017-05-04,206.5660888673445,206.6439274612729,205.65793234581244,206.5055389404297,61462700
2017-05-05,206.87750484935884,207.33590538414293,206.4363929856339,207.318603515625,62001300
2017-05-08,207.36183518801747,207.50886806514407,206.8601866203432,207.28399658203125,48385700
2017-05-09,207.54341448674987,207.7423397129345,206.74768718710308,207.09365844726562,51363200
2017-05-10,207.05046951495123,207.4656219482422,206.8428866995768,207.4656219482422,54293800
2017-05-11,207.01586288180906,207.20614381507636,205.96067341458388,207.04180908203125,62358300
2017-05-12,206.79097176249238,207.08503748747037,206.4277117732625,206.69583129882812,53912700
2017-05-15,207.11964874350585,207.9586110815385,207.10234687745015,207.8375244140625,61918900
2017-05-16,208.13163987644427,208.1575860829984,207.25808679504823,207.6472930908203,51241800
2017-05-17,207.64722812837044,207.64722812837044,203.90217285033032,203.9627227783203,172174100
2017-05-18,203.88492663738796,205.63204592794244,203.62545138473777,204.78443908691406,107047700
2017-05-19,205.26871121619024,206.7823009092626,205.21681882402052,206.11631774902344,115011400
2017-05-22,206.6265896712081,207.32717648712196,206.55740862027054,207.162841796875,61010600
2017-05-23,207.53476547872376,207.7855963023231,207.15420367564522,207.6212615966797,48341700
2017-05-24,207.85484941708714,208.20945192723073,207.51752238000833,208.1056671142578,46927700
2017-05-25,208.61593409813327,209.37705782517145,208.4083644980005,209.10028076171875,64071700
2017-05-26,208.90999129615258,209.2213588810894,208.83215269928246,209.05703735351562,46629900
2017-05-30,208.7369777077566,209.1261838251806,208.58130053976862,208.8753662109375,35201900
2017-05-31,209.1694902615477,209.2040939957279,208.13160259292346,208.8235321044922,91796000
2017-06-01,209.28190858500193,210.5014327244796,208.9964871993291,210.484130859375,68962000
2017-06-02,210.53604147612447,211.34041330489234,210.24197573118028,211.18472290039062,88666100
2017-06-05,211.01170509458183,211.29712645256342,210.83006852224628,211.0290069580078,44698800
2017-06-06,210.466814497772,211.0203553658864,210.27653358709625,210.35438537597656,50375400
2017-06-07,210.69168365933325,210.96844747433232,210.02570052088976,210.7435760498047,54144300
2017-06-08,210.8387677746789,211.3231144668124,210.31981734884585,210.847412109375,65950700
2017-06-09,211.11545978931707,211.91117382658288,209.26455659019913,210.52732849121094,132256400
2017-06-12,210.28520560176892,210.53602325723256,209.63652423363692,210.484130859375,86108100
2017-06-13,211.0203320954049,211.56522857020147,210.67437404003005,211.51333618164062,60067000
2017-06-14,211.7815241526878,211.79016848775927,210.42361129135838,211.2452850341797,78602300
2017-06-15,209.89598483832128,210.95983177720848,209.61922098575457,210.8387451171875,66464900
2017-06-16,210.99783260155976,211.04997806682266,210.00702897611282,210.8848419189453,84553100
2017-06-19,211.71051597210155,212.70131962832218,211.61491152887774,212.64048767089844,65123800
2017-06-20,212.28415784335746,212.29284433452113,211.18906317489922,211.20643615722656,56906400
2017-06-21,211.59748345778655,211.7104608526788,210.68489823948386,211.1542205810547,55977600
2017-06-22,211.16294370634014,211.65833882940308,210.8848169088331,211.0586395263672,44148100
2017-06-23,211.1194753547663,211.64094318419558,210.73705765609583,211.31068420410156,66986800
2017-06-26,211.9798898399386,212.39707999389566,211.2411404748748,211.44972229003906,56700500
2017-06-27,211.23252168173934,211.5280348028376,209.72893638663737,209.74632263183594,82247700
2017-06-28,210.76312587024884,211.82346100773714,210.52845805803364,211.62356567382812,70042600
2017-06-29,211.77138264182003,211.8235281139844,208.55561699410075,209.76370239257812,106949700
2017-06-30,210.57194686354703,210.94567811831612,209.96356102512635,210.15476989746094,86820700
2017-07-03,211.09336028333652,211.52792335159975,210.51104736328125,210.51104736328125,39153800
2017-07-05,210.8761103287231,211.2063692920283,210.06781600456577,210.99778747558594,54427600
2017-07-06,210.23293954349657,210.35461668308216,208.88579125834767,209.0683135986328,65400800
2017-07-07,209.64194027036658,210.57189842478374,209.0770002732185,210.4241485595703,57972300
2017-07-10,210.42414792570648,211.02384713446918,210.1199484464805,210.65011596679688,36663300
2017-07-11,210.65011921638546,210.80656883325656,209.32905690096658,210.49368286132812,50354600
2017-07-12,211.45844346560077,212.24065187535012,211.45844346560077,212.0755157470703,59610400
2017-07-13,212.0842090236191,212.54484491380276,211.85822769210736,212.43185424804688,39471600
2017-07-14,212.43191049344836,213.77905930296598,212.33630604214534,213.42271423339844,60262700
2017-07-17,213.3444457275283,213.72686344258008,213.2227685692678,213.39659118652344,33531900
2017-07-18,212.988101404327,213.56172797868854,212.64914265798896,213.50958251953125,42742500
2017-07-19,213.822428105574,214.67416805499465,213.81372835614903,214.6654815673828,51034300
2017-07-20,214.91756003256464,215.03923718954388,214.21356981991232,214.76112365722656,47135200
2017-07-21,214.1874828271371,214.59597324018205,213.9615015064993,214.5699005126953,82340800
2017-07-24,214.4917057542839,214.65684189782053,214.04845604938308,214.51779174804688,46622300
2017-07-25,215.26519841336034,215.36950258874876,214.81326227999904,215.0392303466797,54915600
2017-07-26,215.3260546559813,215.36081387501542,214.78720055915,215.0479278564453,47575400
2017-07-27,215.50856694803846,215.54332616544713,213.52694674855073,214.8480224609375,70766600
2017-07-28,214.37001170050198,214.72635669145512,213.91807554115323,214.5959930419922,50088400
2017-07-31,214.9957873263703,215.09139175817583,214.26572435357318,214.4743194580078,65838700
2017-08-01,215.0739934319725,215.10875264770706,214.43083521545947,214.9523162841797,55050400
2017-08-02,215.08268283502977,215.19567349587365,214.12663861669216,215.05661010742188,47211200
2017-08-03,214.9436057790186,214.9696785049686,214.3612927964457,214.63941955566406,40856000
2017-08-04,215.12615252230128,215.36080708246598,214.6481303893106,215.03054809570312,60191800
2017-08-07,215.10006939833806,215.43032836914062,214.99576522593466,215.43032836914062,31995000
2017-08-08,215.11748913836746,216.3342741609409,214.52648950080535,214.90020751953125,61719400
2017-08-09,214.21362287600886,214.9436859987051,213.85727780594803,214.89154052734375,62632600
2017-08-10,214.05711915685916,214.18749606416483,211.8060851326242,211.8582305908203,120479500
2017-08-11,212.08422263855766,212.762140152982,211.84955480300584,212.17112731933594,74869900
2017-08-14,213.4487010455156,214.491649836917,213.41394183258802,214.2743682861328,73291900
2017-08-15,214.65682724702344,214.67421348773985,213.94415051944327,214.2483367919922,55242700
2017-08-16,214.76977439774194,215.16957828230625,214.19614792668534,214.6220245361328,56715500
2017-08-17,214.01369614334953,214.32658218751973,211.27593994140625,211.27593994140625,128490400
2017-08-18,211.11078631966924,212.23196674420893,210.5024005235471,210.94566345214844,136748000
2017-08-21,210.88481073859253,211.37151935817374,210.18082053799722,211.11077880859375,65469700
2017-08-22,211.6930974516388,213.47479574199497,211.6757112124789,213.318359375,63140100
2017-08-23,212.35364773887312,212.97941978670568,212.205897847276,212.5535430908203,50203800
2017-08-24,212.93594879691088,213.0923851691312,211.84954089488582,212.05813598632812,50741700
2017-08-25,212.8490428740146,213.46612843239413,212.40579319922318,212.5535430908203,64445900
2017-08-28,213.08369316418083,213.10976589220928,212.1450351697119,212.56222534179688,40565600
2017-08-29,211.24982905988216,213.06629978130863,211.13683840100393,212.80557250976562,51135700
2017-08-30,212.7882189478831,214.08322206327634,212.60569656795954,213.81378173828125,62030800
2017-08-31,214.4308209805419,215.34340615931342,213.84850800748916,215.1000518798828,103803900
2017-09-01,215.47375226406803,215.83009716633168,215.25647072783104,215.4042205810547,62007000
2017-09-05,214.90017245863578,215.12615379291992,212.89249275003215,213.8572235107422,91398800
2017-09-06,214.53511956173446,214.91753723218903,214.0049520207523,214.58726501464844,57916900
2017-09-07,214.89149051924016,214.9088767595875,214.15272781535776,214.56121826171875,58034700
2017-09-08,214.27440110391774,214.76980948125174,214.06581927077957,214.30917358398438,63832800
2017-09-11,215.57808126339495,216.67318888716122,215.56070828593013,216.594970703125,71364800
2017-09-12,216.96002648847752,217.35981720404104,216.7775041101089,217.32505798339844,56896000
2017-09-13,217.03823234422606,217.46410902833395,216.9252416753817,217.42933654785156,59228000
2017-09-14,217.10777668488015,217.55972612475762,216.93395405779384,217.3598175048828,95446300
2017-09-15,217.21570023594433,217.739756008967,217.11089174686597,217.6524200439453,95432400
2017-09-18,218.01924704393736,218.46469641738005,217.7310103925462,218.11532592773438,46235200
2017-09-19,218.35988131876667,218.42102848279805,218.01051083970842,218.33367919921875,47108100
2017-09-20,218.4210659244812,218.525874420639,217.4166023016523,218.41232299804688,59574100
2017-09-21,218.2550317106537,218.34236765014515,217.6523564193667,217.82704162597656,48211400
2017-09-22,217.53016287852802,218.03675951066276,217.50396075338588,217.8708038330078,51214000
2017-09-25,217.61749654587692,217.9668804234547,216.6829229945747,217.4253387451172,57064400
2017-09-26,217.85333227147706,218.09789432564105,217.3205335118415,217.55636596679688,54082000
2017-09-27,218.2551118242006,218.78791056288938,217.37292921641892,218.40359497070312,81001400
2017-09-28,218.12403159466072,218.744179472519,218.03669564564598,218.6655731201172,44778800
2017-09-29,218.65684347170293,219.51282378636614,218.47342863829596,219.4342041015625,85578000
2017-10-02,219.66133501937134,220.38629150390625,219.48663643311738,220.38629150390625,59023000
2017-10-03,220.3863043740284,220.88415805655924,220.30768467457054,220.8579559326172,66810200
2017-10-04,220.70944693575927,221.36452661284386,220.59589552688965,221.11996459960938,55953600
2017-10-05,221.4518837893815,222.44760446083976,221.15491750595024,222.43014526367188,63522800
2017-10-06,221.98466107631256,222.46505550467177,221.7226398677804,222.17681884765625,80646000
2017-10-09,222.40388225533374,222.4650160839483,221.5479020337076,221.8099365234375,35803100
2017-10-10,222.37771292417833,222.77075805290576,221.83617134486326,222.39517211914062,43057400
2017-10-11,222.29910515071512,222.74456787109375,222.13316282390105,222.74456787109375,47674300
2017-10-12,222.43008543513866,222.77945587136392,222.17678054039172,222.41261291503906,47065100
2017-10-13,222.84938156164074,222.96293297578225,222.41266175664202,222.6834259033203,54800400
2017-10-16,222.91051376147277,223.17253496477068,222.56987286955564,222.98037719726562,38221700
2017-10-17,222.92792773565375,223.181232617632,222.70956789211323,223.13755798339844,31561000
2017-10-18,223.51318501846194,223.55685966334508,223.1638145146575,223.35597229003906,40888300
2017-10-19,222.5786196871285,223.45205930604234,222.15937240178653,223.4171142578125,61903800
2017-10-20,224.2119510702714,224.59626661827306,223.39964532969876,224.57003784179688,89176400
2017-10-23,224.89321349255337,224.91941561151043,223.617972622621,223.6965789794922,63915300
2017-10-24,224.12462095301717,224.32549501443242,223.73156244590075,224.0896759033203,66935900
2017-10-25,223.75773786485246,223.87128927136814,221.85364604019503,222.98037719726562,103715300
2017-10-26,223.59176686040058,223.86251762653012,223.14630421668343,223.26858520507812,69798000
2017-10-27,224.01107480102058,225.25137086942868,223.27738867171036,225.09413146972656,85562500
2017-10-30,224.01100748839235,224.99799829067257,223.958603255993,224.2555694580078,54285700
2017-10-31,224.63121311082153,224.85831595994026,224.308044690315,224.60501098632812,60304800
2017-11-01,225.38237007095873,225.7229976666513,224.5351325618353,224.90196228027344,54202700
2017-11-02,224.83204511359307,225.1290113188359,223.76644795113071,224.9892578125,56449500
2017-11-03,225.14650410247782,225.7841245724056,224.73598644613577,225.74046325683594,59589700
2017-11-06,225.60942075481384,226.2208390901341,225.53955732047456,226.08982849121094,49652600
2017-11-07,226.1946689399576,226.52658027431363,225.4260377772938,225.93264770507812,57502200
2017-11-08,225.75793755793842,226.41301726687485,225.47843048486277,226.31692504882812,50469600
2017-11-09,225.11157985978514,225.68805314872068,223.91494531222034,225.4958953857422,95085500
2017-11-10,225.1115999260466,225.600723974454,224.7971478062067,225.426025390625,59984700
2017-11-13,224.74469100305564,225.86269237442426,224.70974596340983,225.63558959960938,50228600
2017-11-14,224.8320804677906,225.21639600683287,224.05470646441782,225.11158752441406,61315200
2017-11-15,224.1420454800957,224.66611452343398,223.2773488845058,223.98483276367188,80811500
2017-11-16,224.92817282988813,226.25581817943672,224.8845115087638,225.8889617919922,67777000
2017-11-17,225.53959557863226,225.8627639958813,225.14653705992936,225.2251434326172,75756800
2017-11-20,225.46975490503058,225.80163962703412,225.22516618050204,225.60948181152344,48075500
2017-11-21,226.3780568662347,227.26898226933415,225.57450740471495,227.08554077148438,69176800
2017-11-22,227.09430631489215,227.22531692979058,226.7187336670959,226.8846893310547,45033400
2017-11-24,227.3738035315452,227.5135570664607,227.23404999662972,227.40872192382812,27856500
2017-11-27,227.45240926382237,227.74937552896802,227.09429582945995,227.29519653320312,52274900
2017-11-28,227.75812937033317,229.62727634177566,227.6620371490641,229.60107421875,98971700
2017-11-29,229.73206784726955,230.26487984974452,229.01586765243735,229.4613037109375,77512100
2017-11-30,230.3784610083552,232.3786187053131,230.29985463494003,231.4702606201172,127894400
2017-12-01,231.25194663367512,231.7323278961678,227.75818718203607,230.98989868164062,164390900
2017-12-04,232.6056759761227,233.03365281038865,230.6578962545037,230.7103271484375,94040600
2017-12-05,229.88059997558594,231.59253434794377,229.749589349815,229.88059997558594,77994500
2017-12-06,229.976659620051,230.35225894459674,229.4613334017952,229.92425537109375,75898600
2017-12-07,230.649169921875,230.9635953402073,229.6621790444583,230.649169921875,77218600
2017-12-08,231.60116652622887,231.9155918777252,230.61417585861216,231.90687561035156,76563900
2017-12-11,232.605712890625,232.66686006386954,231.88076970373237,232.605712890625,83077500
2017-12-12,233.39177744765638,233.48786966002598,232.64063222031234,233.01620483398438,85195800
2017-12-13,233.2607696276706,233.69748941303737,232.90265620503862,232.99000549316406,102905400
2017-12-14,233.28694539741238,233.40049679362306,231.98552911370558,232.03793334960938,100666700
2017-12-15,233.0396994948025,234.43556407095812,232.98702738185418,233.97027587890625,144610300
2017-12-18,235.36612267824435,235.8050747806687,235.26077846030412,235.45391845703125,83653600
2017-12-19,235.6997196702818,235.74360416189214,234.4794200220112,234.54966735839844,82382900
2017-12-20,235.51536577852528,235.56803789071338,234.12828883838594,234.42677307128906,76751500
2017-12-21,235.05010536410686,235.6207646327536,234.66382530141442,234.90963745117188,67032300
2017-12-22,234.92716795261202,234.96229162203662,234.31262429947589,234.84815979003906,78720900
2017-12-26,234.44423452016034,234.7866299138477,234.30379346744445,234.56715393066406,45244400
2017-12-27,234.73400755302202,235.04127935287949,234.40918731573265,234.68133544921875,57751000
2017-12-28,235.181775060121,235.20811111513945,234.7954950588432,235.16419982910156,45116100
2017-12-29,235.74356204218506,235.76111047739207,234.0843373997339,234.27745056152344,96007400
2018-01-02,235.13780984057547,235.98937781286247,234.75152992789862,235.95425415039062,86655700
2018-01-03,236.12105740806095,237.595956521271,236.12105740806095,237.4467010498047,90070400
2018-01-04,238.08757744045107,238.93035778564,237.50815758078866,238.44749450683594,80636400
2018-01-05,239.23764887382802,240.15943743914386,238.7460247334587,240.0365447998047,83524000
2018-01-08,239.93998942067273,240.63354122486592,239.6502928293821,240.47552490234375,57319200
2018-01-09,240.89693222383696,241.6431562298976,240.61599642060025,241.0198516845703,57254000
2018-01-10,240.26485824485925,240.91452568794818,239.59766915107215,240.65113830566406,69574300
2018-01-11,241.2041360978791,242.4068603515625,241.03733218619251,242.4068603515625,62361500
2018-01-12,242.67020471376503,244.1538376375551,242.37169381507297,243.987060546875,90816100
2018-01-16,245.24249201477997,245.892132412774,242.4595244982165,243.153076171875,106555100
2018-01-17,244.08371774989664,245.85707469136239,243.15314138747772,245.47079467773438,113258800
2018-01-18,245.35666596416098,245.77804281728476,244.56653078153596,245.0581817626953,100728000
2018-01-19,245.6374993598814,246.17303466796875,245.0581063650994,246.17303466796875,140920100
2018-01-22,245.96241956189593,248.1747283935547,245.90972066426502,248.1747283935547,91322400
2018-01-23,248.21861368775413,248.99117363539048,247.89379343511357,248.70147705078125,97084700
2018-01-24,249.3422792693904,249.9392743385653,247.42845501900035,248.60484313964844,134816100
2018-01-25,249.46526240327177,249.56181900601126,247.92014242735834,248.7102508544922,84587300
2018-01-26,249.54418683663425,251.6336024325838,249.2895872006863,251.58969116210938,107743100
2018-01-29,251.01902586273746,251.45797776056682,249.7636298649049,249.92164611816406,90118300
2018-01-30,248.0957126217795,249.97441352934558,246.88420063512552,247.3582763671875,131796400
2018-01-31,248.20987669807295,248.7102617559007,246.41015692190018,247.481201171875,108364800
2018-02-01,246.7525738798509,248.49959490497716,246.41017833480868,247.20028686523438,90102500
2018-02-02,245.88335303133664,246.01506007123515,241.78355614616368,241.8186798095703,173174800
2018-02-05,240.0628793719165,242.16984378788024,231.16091921572408,231.70521545410156,294681800
2018-02-06,228.20244317759622,236.77079761721302,227.11385043179706,236.2703857421875,355026800
2018-02-07,235.71728090980616,239.1059783080259,234.90959724654337,234.98863220214844,167376100
2018-02-08,235.28707148417266,235.42753934624014,226.13929955438024,226.17442321777344,246449500
2018-02-09,228.95735588832179,231.42426402168795,222.03948137455444,229.5718994140625,283565300
2018-02-12,231.6174560445814,234.40921179523755,229.71241891123438,232.94309997558594,143736000
2018-02-13,231.74033205487234,234.06677241807566,231.16091216963022,233.52247619628906,81223600
2018-02-14,232.03878634820543,237.03406186944082,232.02999873559634,236.6741180419922,120735700
2018-02-15,238.41240518393013,239.70292518687265,235.9542578113466,239.6941375732422,111200300
2018-02-16,239.07084883629025,241.70456111309323,239.02693755677285,239.76437377929688,160420100
2018-02-20,238.816343972072,240.25612011499013,237.47315124923605,238.2632598876953,86369700
2018-02-21,238.70213095136867,241.17782706280644,236.98144633395106,237.0780029296875,98883700
2018-02-22,237.99981276687265,239.711709729396,236.7180802507282,237.38526916503906,110511300
2018-02-23,238.6055718002206,241.16903686523438,238.13149606679718,241.16903686523438,92766400
2018-02-26,242.2400713124447,244.06612683938735,241.65189057007407,243.96954345703125,86491400
2018-02-27,244.1539603124492,244.8650874678141,240.86181907554146,240.92327880859375,99099200
2018-02-28,242.0205878320597,242.46832748149382,238.1666028924506,238.48263549804688,121907800
2018-03-01,238.27193959455408,239.81705928396283,233.52247550556922,235.01492309570312,176855100
2018-03-02,233.3469007734564,236.7882966589394,232.48657189571603,236.22642517089844,139083200
2018-03-05,235.04129618469474,239.57128497673156,234.9359251780348,238.9567413330078,97307400
2018-03-06,239.93118947481386,240.01022442352252,238.0700369945111,239.56248474121094,79213200
2018-03-07,237.40289017832296,239.8258878034363,237.20975016262793,239.4747314453125,87063500
2018-03-08,240.15068154029282,240.75643757744385,239.15867230598982,240.633544921875,66901200
2018-03-09,242.0381046915257,244.821044921875,241.72204537064238,244.821044921875,113625300
2018-03-12,245.11083486984458,245.7341392777814,244.12755977525234,244.5138397216797,71924800
2018-03-13,245.67272707268907,246.1731389352705,242.32791395587557,242.9336700439453,91968900
2018-03-14,243.8904982075266,244.0748505384305,241.1338936908821,241.68695068359375,105895100
2018-03-15,242.19628150832244,242.83713460378348,240.92330935206263,241.42372131347656,83433000
2018-03-16,241.9499164773323,242.73439359883704,241.6326180228929,241.6855010986328,100343700
2018-03-19,240.93625086908648,241.8617314494688,236.76712305431,238.41537475585938,109208400
2018-03-20,238.81197797211732,239.45542436621005,238.14209004943496,238.82080078125,59757300
2018-03-21,238.77675641430042,240.8657182435724,238.15095552635282,238.36248779296875,78709600
2018-03-22,236.14129640944108,236.98745229628895,232.13081823448522,232.40408325195312,148785900
2018-03-23,232.844799765795,233.1709209551684,227.25657169813346,227.4504852294922,183534800
2018-03-26,231.04667911183574,233.95535498438946,228.64921511489823,233.6732940673828,141956100
2018-03-27,234.60759055905518,235.1364210790614,228.14676641865353,229.6980743408203,129941400
2018-03-28,229.83035826179815,231.49625564922073,227.91766425018125,229.01943969726562,146452300
2018-03-29,230.1564273834921,233.80551974952124,229.0282106570557,231.94570922851562,111601600
2018-04-02,231.41688855818825,231.92812739453532,224.47130575320918,226.9392852783203,186286300
2018-04-03,228.17325309173245,230.3239206279813,226.38397108152986,229.8479461669922,119956900
2018-04-04,226.304688627142,233.01228498719055,226.17248094636358,232.30715942382812,123715300
2018-04-05,234.0611056703616,235.02187728674107,232.97697612149102,234.1404571533203,82652600
2018-04-06,232.18373580132868,233.67331128789823,227.40642617564995,228.92247009277344,179521200
2018-04-09,230.37679561184027,233.43532481155327,229.11637116929023,230.05067443847656,105442900
2018-04-10,232.93288785263687,234.49301869650768,231.79587525314687,233.7085418701172,103529000
2018-04-11,232.22774856614302,234.14044196708517,232.1572467955175,232.48336791992188,91140200
2018-04-12,233.80558156532558,235.3392444383138,233.62928672756837,234.3961181640625,68890500
2018-04-13,235.70055996966371,235.81514889026525,232.70373691024142,233.7085418701172,85079200
2018-04-16,235.3392547879426,236.3969700633702,234.51954024383548,235.63011169433594,63405300
2018-04-17,237.39287411717692,238.7502686624216,236.88166227221376,238.15090942382812,64682000
2018-04-18,238.59160948485868,239.1292628354769,237.86883854573958,238.3271942138672,57303900
2018-04-19,237.67492690933037,237.87766321788325,235.97379255540952,237.00506591796875,77655900
2018-04-20,236.9345575277574,237.1549125737747,234.11400217921198,234.99542236328125,99953100
2018-04-23,235.56835661263662,236.12365560791923,233.88484090745573,234.96017456054688,65558000
2018-04-24,235.98262893542974,236.20298397525707,230.2974581483618,231.79588317871094,112885500
2018-04-25,231.73418132998165,232.8095150189369,229.91845792222574,232.36880493164062,103840900
2018-04-26,233.3912538357174,235.5595399175105,232.9505437516809,234.7310028076172,67731900
2018-04-27,235.3391208656844,235.63880041346243,234.01699097318055,234.9512939453125,57053600
2018-04-30,235.5684066465393,236.12370575976553,233.0739720424936,233.14450073242188,82182300
2018-05-01,232.58035587799654,233.6645124635416,231.02904763828548,233.55874633789062,74203400
2018-05-02,233.36480513816895,234.17569660455436,231.60196485617357,231.9897918701172,86368900
2018-05-03,231.1612325749448,232.13077311783923,228.3318548270563,231.47853088378906,136311500
2018-05-04,230.5089667454372,235.15406772398305,230.1828456237386,234.47535705566406,91222100
2018-05-07,235.2422657435835,236.2382480408607,234.55473211897424,235.26870727539062,55304900
2018-05-08,234.89849893127885,235.63006591048455,233.70857620233372,235.26870727539062,67499200
2018-05-09,235.93857898716234,237.86889159229474,235.41854423903627,237.5427703857422,59666100
2018-05-10,238.28310618835678,240.09003352947272,238.1773400803513,239.76388549804688,72063900
2018-05-11,239.88730136809096,240.75989867301982,239.37606263882225,240.4954833984375,59871500
2018-05-14,240.9274210765786,241.57966348961148,240.06361950078988,240.61012268066406,54790600
2018-05-15,239.38499719089998,239.40261591782738,238.00998332361021,238.95310974121094,87036100
2018-05-16,238.98828401389073,240.41618042257653,238.96181558524657,239.95782470703125,53942600
2018-05-17,239.69337531631723,240.830414735098,238.9794272135215,239.7550811767578,56536400
2018-05-18,239.4113811412176,239.7727666974474,238.8031989732715,239.15576171875,64368000
2018-05-21,240.6365285554006,241.49150719389405,240.2487015297659,240.95382690429688,58025900
2018-05-22,241.47379679849365,241.72941611018345,239.9577534410119,240.28387451171875,52966400
2018-05-23,239.01472187827835,240.971475752457,238.85604580289476,240.94500732421875,64694200
2018-05-24,240.5484167533651,240.8216548938382,238.67098721482813,240.45144653320312,76043800
2018-05-25,239.87852478027344,240.50432564990533,239.3761087629519,239.87852478027344,56374800
2018-05-29,238.2567297105146,239.01476518952487,236.00911860533242,237.11968994140625,115908600
2018-05-30,238.4240913684763,240.7245844772797,238.35358960945925,240.28387451171875,69678400
2018-05-31,239.8784920671197,240.17817169479065,238.21262194583,238.81198120117188,93519900
2018-06-01,240.10766305948604,241.45623479489305,240.03713438510212,241.15655517578125,71258400
2018-06-04,241.97627752345397,242.55801806189862,241.73830376178478,242.30239868164062,45385200
2018-06-05,242.43467260590893,242.85776408557587,241.6678411543008,242.478759765625,51135000
2018-06-06,243.0869228694796,244.61176284099088,242.46991787253975,244.50599670410156,62732200
2018-06-07,244.99077678793768,245.28163364391338,243.5716761543753,244.4795379638672,72969400
2018-06-08,244.02117074995135,245.2551535642236,243.85369877171357,245.2022705078125,72139700
2018-06-11,245.4226915003545,246.24240599383455,245.30810254773175,245.52845764160156,58892500
2018-06-12,245.9427074826128,246.20712281550618,245.20231765169822,245.84576416015625,72329000
2018-06-13,246.08379133902582,246.3394108154792,244.8586039336277,245.06134033203125,79070600
2018-06-14,245.9251108414489,246.20714492225446,245.08775071407877,245.67831420898438,77097600
2018-06-15,244.8954969557248,245.7011939699917,243.7887747415536,245.36474609375,120041600
2018-06-18,243.91280739262805,244.98413436209893,243.43472266632747,244.86016845703125,52917600
2018-06-19,242.5936397822496,244.14305171516543,242.17751092519677,243.9217071533203,97531500
2018-06-20,244.60335587235951,245.00178675664176,244.001305352654,244.33775329589844,53785500
2018-06-21,244.32891207392933,244.34663692695875,242.31025125886632,242.80606079101562,71061400
2018-06-22,244.06332375690923,244.17842722996417,243.02741951900938,243.24876403808594,54898500
2018-06-25,242.09774805892368,242.2571096047278,238.25521101018867,239.9374237060547,137854200
2018-06-26,240.50412691413,241.31865965839233,239.7515501037426,240.4687042236328,68547400
2018-06-27,241.05303106816336,242.47847672690543,238.32605160508425,238.47657775878906,105110700
2018-06-28,238.42347751836468,240.60150009170255,237.7151588224368,239.840087890625,76650500
2018-06-29,240.92906280620025,242.2925525243365,240.07024504485113,240.1853485107422,97592500
2018-07-02,238.61828121441778,240.85828692224064,238.3792118140002,240.6988983154297,63554800
2018-07-03,241.59318015241695,241.6905858187362,239.42401945955305,239.84898376464844,42187100
2018-07-05,240.97341807949942,241.86763176794398,239.9020909078171,241.80564880371094,56925900
2018-07-06,241.83221463826726,244.22271956770294,241.4514814771822,243.8508758544922,66493700
2018-07-09,244.85128879462133,246.09967508683505,244.80703069998145,246.0465545654297,50550400
2018-07-10,246.49811917960713,247.0293514416216,246.20592927668127,246.93194580078125,51966800
2018-07-11,245.38256069839704,246.17056025929276,244.82476811387056,245.12579345703125,77054700
2018-07-12,246.38300937889045,247.40118876018292,245.78095877320726,247.3480682373047,60124700
2018-07-13,247.17100302827427,247.84387197545811,246.71945157482142,247.5428466796875,48216000
2018-07-16,247.58714758902812,247.7287843093492,246.87882888944463,247.32151794433594,48201000
2018-07-17,246.5512954082271,248.71162061414097,246.49817487198345,248.32205200195312,52315500
2018-07-18,248.40176270258573,248.95069298957083,247.9590735008746,248.84445190429688,44593500
2018-07-19,248.18040995870584,248.56111617498098,247.4278329365687,247.90594482421875,61412100
2018-07-20,247.70231570470875,248.33095384937974,247.46327325366843,247.6226348876953,82337700
2018-07-23,247.41894365871448,248.28659698414955,247.07363319847968,248.08297729492188,47047600
2018-07-24,249.49071794855155,250.17244940108057,248.46367604604748,249.33132934570312,68026900
2018-07-25,249.08334353837583,251.77489982066308,249.03908545284267,251.4561767578125,78882900
2018-07-26,250.73911347212268,251.54478384538666,250.64170782132058,250.86305236816406,57919500
2018-07-27,251.19062823019235,251.2880338772159,248.24233086923053,249.1631317138672,76768700
2018-07-30,249.24283644941406,249.40219804756535,247.33925162185292,247.8616485595703,63742500
2018-07-31,248.62310904779798,249.69440935796595,248.24240281636045,249.08349609375,68570500
2018-08-01,249.2871187743651,249.79179090381137,248.02103425559477,248.66734313964844,53853300
2018-08-02,247.36585304894294,250.19018493185882,247.16220631548583,250.02198791503906,63426400
2018-08-03,250.14585496093795,251.14633646287567,249.96876854623287,251.0932159423828,53935400
2018-08-06,251.12864477115582,252.3238835310707,250.73907626495154,252.01402282714844,39400900
2018-08-07,252.67793348028349,253.22686328489416,252.54510522080986,252.84613037109375,43196600
2018-08-08,252.6780343107556,253.1384211326269,252.2796034125037,252.739990234375,42114600
2018-08-09,252.80201123908088,253.19157976992932,252.26194356016575,252.39474487304688,35717000
2018-08-10,250.9604873626219,251.50055515066057,249.99540124829505,250.70372009277344,77076000
2018-08-13,250.97802357908574,251.58893636796338,249.47287064599342,249.7650604248047,65732900
2018-08-14,250.49115727172162,251.59787977889283,250.10158878762996,251.3588104248047,43842000
2018-08-15,250.01299785301316,250.15466154923706,248.04745797473575,249.4817657470703,102925400
2018-08-16,250.91615074561037,252.36818381411726,250.88072805575527,251.50050354003906,69967900
2018-08-17,251.29685472442358,252.82856856746483,250.88958836311608,252.38587951660156,65618500
2018-08-20,252.8374516517211,253.19159751742657,252.38590013667803,252.92599487304688,39807500
2018-08-21,253.43945374344452,254.37795226648169,252.96134205561293,253.51913452148438,67272000
2018-08-22,253.1119156264762,253.891052739408,252.8462859636508,253.36868286132812,44993300
2018-08-23,253.19164921682426,254.05046730181147,252.71353733971716,253.03228759765625,49204900
2018-08-24,253.60767750362834,254.6967021750704,253.55455698498164,254.55503845214844,57487400
2018-08-27,255.75041184290276,256.67121301707783,255.5910502030282,256.5649719238281,57072400
2018-08-28,257.0252637708789,257.1315318443619,256.2284288471343,256.6888427734375,46943500
2018-08-29,256.90130179728936,258.3001872470909,256.66225944752415,258.07000732421875,61485500
2018-08-30,257.5918317908462,257.96367535391823,256.4319889781424,257.0251770019531,61229500
2018-08-31,256.617989857108,257.4768077102713,256.13104270122597,257.03411865234375,66140800
2018-09-04,256.617960406128,256.94554594826343,255.59091866725385,256.5914001464844,57594400
2018-09-05,256.23732697015714,256.44097369820634,254.89156173412889,255.90087890625,72452400
2018-09-06,256.0069933078545,256.3080185267249,254.1034363834637,255.13047790527344,65909900
2018-09-07,254.08577458232713,255.60862574169138,253.84670524256993,254.63470458984375,73524800
2018-09-10,255.6440968788717,255.90972655484634,254.8826845841951,255.0774688720703,50210900
2018-09-11,254.4311349169495,256.36125295304953,254.08585146112563,255.91856384277344,50530500
2018-09-12,255.9274092570225,256.5825804504032,255.19255727144122,255.98052978515625,59810800
2018-09-13,257.0429214397845,257.6803946160753,256.7595940237465,257.49444580078125,51034200
2018-09-14,257.69814941620206,257.8840712530081,256.75965078524433,257.5387878417969,55079900
2018-09-17,257.48560091985763,257.5209965808677,255.9007669530286,256.17523193359375,68244000
2018-09-18,256.38770941207565,258.1584651362326,256.3611491569968,257.5652770996094,61930400
2018-09-19,257.6184687058169,258.2559420232231,257.4945028015122,257.8398132324219,49080600
2018-09-20,259.09712105504974,260.2481020477535,257.8575698080128,259.9293518066406,100360600
2018-09-21,260.6701329824998,260.78575750232153,259.5317200165653,259.6918029785156,105479700
2018-09-24,259.1137115939335,259.25601660965026,258.2510060962114,258.8291015625,53409600
2018-09-25,259.28280107665773,259.3895230957644,258.34895626755684,258.5890808105469,44370000
2018-09-26,258.7312825518188,259.91415398039527,257.3972035619519,257.8152160644531,79739700
2018-09-27,258.2865260473145,259.62060470915617,258.01081862855256,258.5355529785156,59249500
2018-09-28,257.9131466213664,259.06046264672426,257.87759070848955,258.5624084472656,70091400
2018-10-01,259.79851514867977,260.5278181370274,258.79353183087005,259.4605712890625,62078900
2018-10-02,259.3093566894531,260.02085456876165,258.93582980248266,259.3093566894531,47258200
2018-10-03,260.35885464256023,260.77686715736866,259.09594169443756,259.4516906738281,64694600
2018-10-04,258.97150423678585,259.02486524506384,255.84087413617115,257.4239807128906,111545900
2018-10-05,257.6462100766158,258.1620419692603,254.56003983967008,255.98306274414062,105951700
2018-10-08,255.29821821295369,256.3388116847822,253.91968088975355,255.98306274414062,87742200
2018-10-09,255.6006521845047,256.9080235309674,255.04921007260296,255.60952758789062,74339000
2018-10-10,255.10260623888726,255.17377232722666,247.1426168317317,247.51614379882812,214731000
2018-10-11,246.43105499541062,248.04974399043707,240.4543801338489,242.06419372558594,274840500
2018-10-12,246.15537764841622,246.4399877104538,242.2420842920822,245.4261016845703,183186500
2018-10-15,245.0703043529026,246.39550796513305,243.95857183970327,244.04751586914062,102263700
2018-10-16,246.00405840010424,249.75726665693213,245.53268512542203,249.3837127685547,118255800
2018-10-17,249.41944218007552,250.05089871671996,246.85800584754992,249.4283447265625,110626000
2018-10-18,248.49454458914414,249.09044539526639,244.55456951201742,245.82638549804688,134557500
2018-10-19,246.47555038751653,248.405502838311,244.9991663473376,245.69288635253906,139901600
2018-10-22,246.3599268625698,246.6800928007739,244.05642033413275,244.59005737304688,82415800
2018-10-23,240.97918171628453,244.46556013102136,238.89799429639206,243.3449249267578,146352700
2018-10-24,243.0958722305184,243.47832885220126,235.42049357209595,235.97190856933594,177806700
2018-10-25,237.8040571423669,241.7440310079275,236.78126856701027,240.20538330078125,138061500
2018-10-26,236.50558142545964,241.0236512105069,233.27710529716651,235.98081970214844,201574600
2018-10-29,239.0670014275264,240.35662228359305,231.10701116526198,234.67343139648438,160749100
2018-10-30,234.50444807839088,238.46219999139012,234.01526943167627,238.15090942382812,157116000
2018-10-31,240.71234277026565,243.0069741099624,240.24096922248452,240.69456481933594,128296300
2018-11-01,241.55725087311626,243.45164745734314,240.4721988322022,243.2559814453125,99495000
2018-11-02,244.35878577669246,244.7857007968148,239.76955109252017,241.81515502929688,122634100
2018-11-05,242.3043034718907,243.70064588758427,241.33487607109518,243.14923095703125,65622500
2018-11-06,243.0869974643845,244.8479644418792,243.02473392791143,244.68788146972656,60085900
2018-11-07,246.85802890464325,250.00646361926934,246.43111376204413,249.92642211914062,102752100
2018-11-08,249.12593521994543,250.11316793555736,248.3343956800287,249.47280883789062,65584900
2018-11-09,248.16536857627477,248.35213203208713,245.63061310834027,247.03585815429688,98812600
2018-11-12,246.52894247011767,246.76906695308182,241.90412375753766,242.41998291015625,99673600
2018-11-13,242.88240555311336,244.8746213934451,241.24593866399726,241.96633911132812,98176600
2018-11-14,243.834079644037,244.23428707633516,238.7556929624398,240.31211853027344,125335900
2018-11-15,239.0491568741506,243.28264272262598,237.4749534984664,242.8201446533203,135101400
2018-11-16,241.72621869757143,244.3587935506492,241.21035963910745,243.45162963867188,126668000
2018-11-19,242.84686002553218,243.1403726335023,238.4177346862504,239.33380126953125,103061700
2018-11-20,236.00746255389294,237.46606866293442,234.0419270384769,234.90463256835938,136021300
2018-11-21,236.45217444737756,237.599490110918,235.69621797932788,235.70509338378906,75563700
2018-11-23,234.06856533284287,235.5271711789093,233.9707459158495,234.13082885742188,42807900
2018-11-26,236.38111248534764,238.13320475070276,235.9897803043198,237.91085815429688,79981400
2018-11-27,236.8790639113208,238.71119689941406,236.27428794556133,238.71119689941406,75502400
2018-11-28,239.77838102578554,244.20750427246094,238.6488438589454,244.20750427246094,127629600
2018-11-29,243.43385961483304,245.07032676690406,242.29544650287454,243.67401123046875,82346400
2018-11-30,243.52278892831978,245.71957352817088,243.20262298270973,245.1592559814453,98204200
2018-12-03,249.27717163158556,249.38389363655335,246.81358154386612,248.4055633544922,103176300
2018-12-04,247.57840882114908,248.00532392800807,240.04530733134203,240.35659790039062,177986000
2018-12-06,236.50553495236963,240.10753736347036,233.410461928897,239.99191284179688,204185400
2018-12-07,239.65398235031736,241.21931064647666,233.57948693968595,234.41551208496094,161018900
2018-12-10,234.23760261616204,235.82961126558462,230.01301882509009,234.8601837158203,151445900
2018-12-11,238.0530290101989,238.23979244613875,233.44601664432807,234.9134979248047,121504400
2018-12-12,237.88407961308872,239.24483913662817,236.01636354460717,236.09640502929688,97976700
2018-12-13,237.03919186366127,237.90189753280507,234.90467048758845,236.0164031982422,96662700
2018-12-14,233.87293341160515,234.8245829393611,231.10695599803614,231.6583709716797,116961100
2018-12-17,230.70677703043953,231.81850979093886,225.48608432984074,227.11366271972656,165492300
2018-12-18,228.75013191672292,229.41717153878733,225.26372621629173,226.8646240234375,134515100
2018-12-19,226.9446042655469,230.70670291867975,221.76838525235763,223.46710205078125,214992800
2018-12-20,222.22199466662704,223.7873091985889,217.58828746517864,219.8295440673828,252053400
2018-12-21,220.72858607171847,223.38548870397216,214.68121894770843,215.3253173828125,255345600
2018-12-24,213.84032507460728,215.45057126158082,209.57318974188104,209.63580322265625,147311600
2018-12-26,211.09399387368785,220.22764587402344,209.11696653417636,220.22764587402344,218485400
2018-12-27,216.998207573705,222.1151909748024,213.76877426318353,221.91839599609375,186267300
2018-12-28,223.26922375327266,224.89735185930846,220.46918466599615,221.63214111328125,153100200
2018-12-31,223.25134548294824,223.81493515727374,221.38167686997687,223.57339477539062,144299400
2019-01-02,220.0487217817502,224.72738367473102,220.02188548142522,223.8059539794922,126925200
2019-01-03,222.06151737501295,222.36568485027112,217.9822360854176,218.46531677246094,144140700
2019-01-04,221.48898887122783,226.42707273146465,221.11326702808634,225.78297424316406,142628800
2019-01-07,226.05131446565957,228.9676389593125,225.1567348927377,227.5631561279297,103139100
2019-01-08,229.7460393250109,230.18437478348426,227.22331720395408,229.7012939453125,102512600
2019-01-09,230.40795353099523,231.61564162896792,229.18238366653358,230.7747344970703,95006600
2019-01-10,229.2449965104731,231.8392721108213,228.56510722057578,231.5887908935547,96823900
2019-01-11,230.51532876711232,231.70513525362898,229.93385732577602,231.6782989501953,73858100
2019-01-14,229.7817508142326,231.06994789059002,229.3792062906262,230.26483154296875,70908200
2019-01-15,230.64053836674492,233.21693219887842,230.63158383386505,232.90382385253906,85208300
2019-01-16,233.3332136885603,234.35304766189932,233.12747782757188,233.46742248535156,77636700
2019-01-17,232.59962380681702,236.09743291697288,232.5548784517165,235.23861694335938,96118400
2019-01-18,237.0457750313044,238.83493470526588,235.2744971259349,238.36973571777344,127900300
2019-01-22,236.9026577503023,237.11734819205563,233.539028560635,235.14926147460938,115531200
2019-01-23,236.17801920347108,236.87579034797807,233.18117144550067,235.64126586914062,86030300
2019-01-24,235.4623713740325,236.34802405262457,234.45149170377243,235.7665252685547,59204100
2019-01-25,237.60933824799548,238.58445429816075,235.86492393987604,237.7614288330078,96883400
2019-01-28,235.62338606355894,236.01697605824288,234.19205292689497,235.95437622070312,85613700
2019-01-29,236.09751029838282,236.6610726340007,234.80931321615319,235.64126586914062,66136300
2019-01-30,237.15305735490657,240.21250429784018,236.39265923503496,239.37159729003906,92473700
2019-01-31,239.30905486704737,241.957003473344,239.09433714733026,241.4739227294922,104012100
2019-02-01,241.6707188640082,242.61004400064866,240.80297539703585,241.5902099609375,85782500
2019-02-04,241.63493888694768,243.35254413085923,240.96400403080258,243.2899169921875,60744800
2019-02-05,243.7193579066822,244.61393783518994,243.2183953307509,244.30978393554688,79552800
2019-02-06,244.0324773122784,244.52448537491085,243.25419710755494,243.98773193359375,58347800
2019-02-07,242.37739591476807,242.92307635961063,240.00676546510306,241.6617431640625,95482000
2019-02-08,240.41830721543772,242.0553761416929,239.5952818353024,241.9569854736328,75788900
2019-02-11,242.6099969413012,242.86940536740855,241.56332680359037,242.09112548828125,68021400
2019-02-12,243.70133676451312,245.5799316996887,243.62975512293852,245.2042236328125,72270200
2019-02-13,246.03627911704666,246.84139546981498,245.61582552276414,246.00048828125,65277200
2019-02-14,244.9179740136577,246.58190607711867,244.10390339395366,245.45472717285156,83234400
2019-02-15,247.22605856815875,248.16538373135367,247.0203226879647,248.1295928955078,97088700
2019-02-19,247.3334661324364,249.21206212427865,247.32451159710354,248.5590362548828,59120800
2019-02-20,248.52324414919363,249.51624205164575,248.02228158053015,249.05999755859375,76610800
2019-02-21,248.4248129084809,248.78263935619668,247.2171247595832,248.17433166503906,64214700
2019-02-22,248.79153890928347,249.90976349673753,248.15639498772296,249.71298217773438,78114600
2019-02-25,251.13537861516554,251.65422284883292,249.97240858043799,250.05291748046875,69030700
2019-02-26,249.7040206033896,250.75066349950507,249.49825745695466,249.87399291992188,56844100
2019-02-27,249.1583733195915,250.1155803239667,248.2280299194689,249.76670837402344,56921600
2019-02-28,249.5519796714006,249.99034234875845,248.97946278114267,249.30149841308594,69268300
2019-03-01,250.87591399104352,251.26953121285604,249.42669935637187,250.8580322265625,78880500
2019-03-04,251.91364285291863,252.155169537898,247.6554348483589,249.945556640625,106494600
2019-03-05,250.07080497302118,250.26761358958612,249.05992559250146,249.60560607910156,59114600
2019-03-06,249.721876075304,249.73083060693793,247.7716992072064,248.09373474121094,75039800
2019-03-07,247.64647052496792,247.78960654387646,245.17744927490716,246.0183563232422,94885100
2019-03-08,244.16664605202442,245.6963700742614,243.7014743208143,245.52639770507812,85795800
2019-03-11,246.2419745530216,249.24774872320512,246.2151382586593,249.08673095703125,65098900
2019-03-12,249.6413993075936,250.54493350601277,249.45354522192397,250.02606201171875,79667500
2019-03-13,250.91170489447018,252.6114007343966,250.7506598124784,251.6810302734375,80639200
2019-03-14,251.7079194255833,252.12837303273284,251.08172993222647,251.5200653076172,67518400
2019-03-15,252.0708142505132,253.57132732931038,251.88210530332043,252.76266479492188,81309000
2019-03-18,252.97829368415324,253.97566513758062,252.75366368534984,253.67913818359375,62199800
2019-03-19,254.73945229726,255.50317247562955,252.85255452926685,253.74208068847656,90268100
2019-03-20,253.52647464319236,254.73048847637557,251.87320068923955,252.97836303710938,84609200
2019-03-21,252.16064336761528,256.23990405923104,252.11570091924966,255.83558654785156,79550400
2019-03-22,254.47885365665272,254.99998322875308,250.8488249198276,250.91172790527344,122659300
2019-03-25,250.5703229974843,251.75637623870716,249.46516070418787,250.72308349609375,85575200
2019-03-26,252.47516797375593,253.54440914506105,251.19029074123256,252.59197998046875,68125900
2019-03-27,252.58301106957472,253.16707116109836,249.7257232922533,251.27117919921875,72224700
2019-03-28,251.9001024612373,252.67281654526613,250.74999788968225,252.2235565185547,56238500
2019-03-29,253.7330250565065,254.1373425229974,252.6098752818394,253.8138885498047,82186800
2019-04-01,255.8087003800633,257.12053213515975,255.53912787981554,256.8240051269531,77617900
2019-04-02,257.01267104799234,257.18339204335194,256.1590660711943,256.94976806640625,40070400
2019-04-03,258.16281915464305,258.55817021900583,256.7521359213784,257.3541564941406,68243200
2019-04-04,257.67764571070825,258.2886329223049,256.98579496410593,258.03704833984375,48997500
2019-04-05,258.70191713096256,259.3398587189356,258.41438412036786,259.28594970703125,58621700
2019-04-08,258.86363103444137,259.59143007888594,258.20770152867095,259.4836120605469,53566300
2019-04-09,258.52223568757904,258.84568980097356,257.60575494563386,258.1538391113281,66142300
2019-04-10,258.56711479989013,259.1242202855344,258.1538032388763,259.03436279296875,52601500
2019-04-11,259.5195108553922,259.52850482970075,258.39636089295544,258.9624328613281,55093100
2019-04-12,260.5708025998839,260.99310810092373,259.0073865588941,260.7145690917969,69727800
2019-04-15,260.78653593400213,260.88538743061287,259.74424904421835,260.5439453125,49596700
2019-04-16,261.4244075766626,261.4783165835482,260.12154259540137,260.7145690917969,52153200
2019-04-17,261.8287886640842,261.8557431740678,259.6633516265314,260.0766906738281,58268300
2019-04-18,260.6606420685019,260.8583175536374,259.36677115136985,260.5887451171875,68708500
2019-04-22,259.8251565749306,260.96626761343117,259.7352990506445,260.8135070800781,40160100
2019-04-23,261.1818747389239,263.3922544241675,260.94827810651367,263.15863037109375,52246600
2019-04-24,263.07766238376894,263.41011037612645,262.43072692651964,262.5744934082031,50392900
2019-04-25,262.47565322395,263.06867970360906,261.2267247054764,262.4127502441406,57770900
2019-04-26,262.45779772184494,263.7067267400949,261.6850559679797,263.6348571777344,50916400
2019-04-29,263.72461115092415,264.56922213553327,263.6347536677554,264.0480651855469,57197700
2019-04-30,263.7066772500253,264.47042488251304,262.29602141570473,264.1828918457031,81111700
2019-05-01,264.8118402899683,265.0185097807534,262.1881495792361,262.1971435546875,71671900
2019-05-02,262.0803330426567,262.99684108288136,260.1395263594633,261.6310729980469,65030200
2019-05-03,263.10463197802125,264.47037250137964,261.7388640340087,264.19183349609375,56543700
2019-05-06,259.89692165063803,263.54491082051743,259.58243415240935,263.1046447753906,107198100
2019-05-07,260.70559211160116,261.29861864665406,256.80601830897126,258.71087646484375,144729900
2019-05-08,258.3515625,260.0587457295105,257.75853576162285,258.3515625,91568300
2019-05-09,256.2850075426471,258.17187862265826,254.55084216868406,257.56988525390625,103471100
2019-05-10,256.6353379863347,259.6184316644171,253.65224430825242,258.8636779785156,112429300
2019-05-13,253.76006930266527,254.7214650101081,251.52273551419995,252.3583526611328,127290500
2019-05-14,253.37369301577155,256.1681049927601,253.24791445118507,254.64060974121094,77003200
2019-05-15,253.0143053717125,256.7701133090534,252.8076358497461,256.1321716308594,73956400
2019-05-16,256.83291966966533,259.86092728339565,256.7610501442226,258.5041809082031,76749600
2019-05-17,256.2040905747572,259.3129631236966,256.18610261959776,256.8330383300781,100353000
2019-05-20,255.23363545743854,256.9408182840054,254.3890243100717,255.1348114013672,62877600
2019-05-21,256.8241048435027,257.81248288684833,256.5725201979847,257.43511962890625,46847100
2019-05-22,256.48259057914987,257.59674680267347,256.16810303909295,256.6443176269531,49482500
2019-05-23,254.42494923843603,254.46986427419012,252.09778552084444,253.5084686279297,98733800
2019-05-24,254.94608296590505,255.35942195245426,253.46353029337246,254.08351135253906,55268100
2019-05-28,254.36206462869922,255.31449378901283,251.70245267653993,251.7204132080078,70029400
2019-05-29,250.6062703090443,251.01058794348035,248.6295149162675,250.0312042236328,104972900
2019-05-30,250.78584351659148,251.6214877546249,249.6177787667392,250.71397399902344,62523800
2019-05-31,248.171261594784,248.99788472790675,247.30866255936388,247.3356170654297,86862800
2019-06-03,247.3715764238145,248.48573261773257,245.37686062526726,246.70668029785156,96428000
2019-06-04,248.99785687797655,252.19658586974714,248.5485968800239,252.0618133544922,77231900
2019-06-05,253.67922810801772,254.27225480555384,251.8732209234881,254.24530029296875,71169700
2019-06-06,254.54176708749608,256.5724038696885,253.89483151795633,255.8985137939453,69430400
2019-06-07,256.9138946222919,259.5375858798903,256.7431735770717,258.4593505859375,74272200
2019-06-10,260.0047272218072,261.3075921861058,259.5554672231737,259.64532470703125,60799100
2019-06-11,261.46039300426,261.8287895891115,258.9355533511188,259.5824890136719,58641300
2019-06-12,259.3488976402078,259.90597580686716,258.61210445561744,259.124267578125,47096300
2019-06-13,260.03163238713466,260.5527892422328,259.3307880190692,260.193359375,48945200
2019-06-14,259.9059143066406,260.50790737500523,259.14216679214854,259.9059143066406,52324700
2019-06-17,260.13950274162505,260.7684777152376,259.83400922950466,260.0047302246094,39205700
2019-06-18,261.81980818690425,263.778575596661,261.4603781786856,262.727294921875,85434800
2019-06-19,262.86208891416766,263.85046667610106,261.8916991065089,263.3203430175781,78674400
2019-06-20,265.9979055853094,266.240496147716,263.3832087300726,265.8361511230469,116570000
2019-06-21,265.5671176917623,266.82212083031214,265.2330527028107,265.4497375488281,83309500
2019-06-24,265.6573967423069,265.97338627298683,264.9711913645555,265.12469482421875,47582700
2019-06-25,265.17897561971273,265.2060612350793,262.41613263619007,262.52447509765625,82028700
2019-06-26,263.4182718416797,263.92388825683076,262.154230803802,262.2625732421875,51584900
2019-06-27,263.02092303525444,263.6980906365372,262.64172460878746,263.1924743652344,40355200
2019-06-28,264.1675879780534,265.04339252576335,263.65296153358025,264.54681396484375,59350900
2019-07-01,267.86942429707057,268.08613665460155,265.74762708261784,266.948486328125,78705600
2019-07-02,266.9033612093092,267.69790900113674,266.06367992868246,267.64373779296875,61504500
2019-07-03,268.3209220345233,269.8016752933706,268.1764562858047,269.7835998535156,40898900
2019-07-05,268.5556549615941,269.6391341895929,267.2645286286108,269.4765930175781,51677300
2019-07-08,268.16737039783294,269.29598290911434,267.45407957557853,267.9958190917969,45841800
2019-07-09,266.84019265047795,268.6278977139199,266.7860214397084,268.3299560546875,41101300
2019-07-10,269.39537569112645,270.56011189882554,268.8626737180611,269.612060546875,58448500
2019-07-11,270.25314782826575,270.4878805839635,269.2419150387237,270.2441101074219,50826100
2019-07-12,270.7316782304043,271.526226150782,270.42469881644513,271.4539794921875,40326000
2019-07-15,271.8872615333681,271.8872615333681,271.03854275581523,271.5441589355469,33900000
2019-07-16,271.45393658906914,271.6616112571717,270.3614471482306,270.6684265136719,36650100
2019-07-17,270.641387055438,270.8039007082595,268.8265686035156,268.8265686035156,36036300
2019-07-18,268.32997368121545,270.1899255172124,267.88756624619475,269.8106994628906,51392600
2019-07-19,270.90324170741786,270.93032731709434,268.1403993042997,268.31195068359375,58678600
2019-07-22,268.7091014293009,269.51268682028854,268.194475028688,268.970947265625,43638100
2019-07-23,270.090607031503,270.8941650390625,269.259935864137,270.8941650390625,44564500
2019-07-24,270.1356727072155,272.16717529296875,270.0453781926008,272.16717529296875,47213200
2019-07-25,271.7158456654226,271.77001688639325,270.0635407637308,270.86712646484375,55394100
2019-07-26,271.55327198811625,272.88052171662747,271.4268541311043,272.681884765625,45084100
2019-07-29,272.56449822490094,272.68187835964795,271.6345224202421,272.1852722167969,38126500
2019-07-30,270.7857815620586,271.92343194048675,270.40655558457587,271.5171203613281,45849000
2019-07-31,271.7609487131754,271.9505755193534,266.5332335970876,268.5466613769531,104245200
2019-08-01,268.700115526861,271.65255641303344,265.4135821381002,266.2081298828125,142646600
2019-08-02,265.314330902532,265.5581013739478,262.650793388134,264.2037658691406,116749700
2019-08-05,260.11357002634685,260.2219124148856,254.3621652846192,256.25823974609375,178745400
2019-08-06,258.14535837183905,260.0685190404571,256.6736428346704,259.851806640625,120711700
2019-08-07,256.78201534695285,260.7728029003708,254.65120730275834,260.0053405761719,140572300
2019-08-08,261.4951276540409,265.106689453125,260.9443777056149,265.106689453125,87713900
2019-08-09,264.1675785656176,264.76348934990085,261.5221171331934,263.3008117675781,93730000
2019-08-12,261.80202916869314,263.29179245654484,259.1475298322207,260.0955810546875,65527600
2019-08-13,259.79772356643525,265.5852554215385,259.4546207414911,264.140625,94299800
2019-08-14,260.0956003464888,260.70052138237736,256.204145582048,256.3305358886719,135622100
2019-08-15,257.215365095548,257.9015704661981,254.96717731036955,257.0076904296875,99556600
2019-08-16,258.6599596100818,261.23317429061143,257.06182653655287,260.7998046875,83018300
2019-08-19,263.81541271550964,264.6189704308014,263.13824526322384,263.9418029785156,53571800
2019-08-20,263.43619054261586,263.9688923061297,261.7929517762229,261.9193420410156,51596400
2019-08-21,264.07737857699556,264.4204537634302,263.3911730960728,264.05029296875,49524700
2019-08-22,264.75444001961625,265.3864464762261,262.19924593376106,263.9689025878906,51666400
2019-08-23,262.6688438924776,264.33015864750445,255.94230050225514,257.18829345703125,149161500
2019-08-26,259.37328982123614,260.03240966796875,257.84740299073746,260.03240966796875,72423800
2019-08-27,261.42281371111113,261.7930019677156,258.2536605647307,259.0120849609375,66668900
2019-08-28,258.3530199208042,260.99848164367427,257.5494344017355,260.8359680175781,59696700
2019-08-29,263.3911606210267,264.6913248632864,262.3889380553566,264.1676330566406,57899400
2019-08-30,265.6483989632906,265.6664468507787,263.12031701361735,264.05029296875,62901200
2019-09-03,262.35278021837604,263.2646804730789,261.1790065682752,262.5062561035156,69101400
2019-09-04,264.6731833331905,265.50382668884157,263.9237692156625,265.48577880859375,46887300
2019-09-05,267.9688886006655,269.8107654463085,265.4498163022599,268.89886474609375,83258100
2019-09-06,269.21478476498777,269.7474866798832,268.53761711069353,269.1064147949219,49584300
2019-09-09,270.0904789044993,270.1807458449364,268.302747108865,269.24176025390625,51260300
2019-09-10,268.48337640040836,269.24182830225595,267.22837353862485,269.1786193847656,57947100
2019-09-11,269.4855997010253,271.1739997195606,268.8355177498976,271.0927429199219,68821100
2019-09-12,271.9956759928493,273.08816543274827,271.23725152228974,272.03179931640625,72908700
2019-09-13,272.47419270681183,272.82633309685326,271.4810080151809,271.8511962890625,62104800
2019-09-16,270.7226346420475,271.896408609539,270.3705217396185,271.0115661621094,58191200
2019-09-17,270.8128810983628,271.78799036288956,270.6413297609149,271.6977233886719,41475500
2019-09-18,271.30948262871954,271.9686024312111,269.27797956454594,271.8602600097656,73375800
2019-09-19,272.2485052514616,273.24169007108816,271.5081286082832,271.8421936035156,76560500
2019-09-20,272.44438033573425,272.72559424976635,269.76857139785557,270.5577087402344,89565000
2019-09-23,269.89563042755236,271.21087820036234,269.64165479267564,270.4942932128906,43476800
2019-09-24,271.582733535712,271.9727625422939,267.4102536031992,268.3717346191406,94869400
2019-09-25,268.45341435241266,270.40358741300247,266.97490242905855,269.9591369628906,71854000
2019-09-26,269.9682111328825,270.17681716965757,267.99082742388725,269.3967590332031,56179700
2019-09-27,270.1497061111663,270.2585765789487,266.3944915703861,267.945556640625,84746600
2019-09-30,268.4624127579998,269.8955546492936,268.41707085357206,269.18804931640625,51662400
2019-10-01,270.06800612770223,270.72109036382295,265.76855105398255,265.9862365722656,88242400
2019-10-02,264.4080394421108,264.41711890181637,259.9997403048071,261.2877502441406,122539500
2019-10-03,261.0609947557018,263.4556469781299,258.3488936073153,263.4284362792969,85278800
2019-10-04,264.08144832542007,267.2470787072425,264.0269992614025,266.99310302734375,65091200
2019-10-07,266.19483104942367,267.81847578384463,265.55987813972894,265.841064453125,59610500
2019-10-08,263.9906876592985,264.7254038708757,261.67766859806807,261.7139587402344,95708100
2019-10-09,263.7275882237998,265.13351958206624,263.10171486269707,264.1992492675781,62359400
2019-10-10,264.1176953902786,266.8660857836884,263.9544312515663,265.9862365722656,55296300
2019-10-11,268.7346034051052,270.9750422719158,268.6167088805522,268.7436828613281,98720400
2019-10-14,268.42611599601287,269.09735886128357,268.0995878571728,268.44427490234375,40394800
2019-10-15,269.4874550292948,271.8458158960156,269.36953283376874,271.1020202636719,46754500
2019-10-16,270.63941529110076,271.3560002499491,270.23125500917473,270.6666259765625,48928200
2019-10-17,271.8276621175921,272.3356133684746,270.77546947468795,271.46484375,45736600
2019-10-18,270.9296954952778,271.5737002063706,269.4239728965291,270.276611328125,64304000
2019-10-21,271.59188362078226,272.3084410011963,271.15648490964367,272.10888671875,39048600
2019-10-22,272.6440336093649,272.93429940069217,271.12925918317654,271.219970703125,48594700
2019-10-23,270.9659810160959,272.0635156111766,270.7573472991516,272.00909423828125,34352200
2019-10-24,272.9433722970273,273.08850518920275,271.62812449255955,272.45355224609375,35453100
2019-10-25,271.8820684135941,274.1134552290327,271.82764704553614,273.5692138671875,45205400
2019-10-28,274.7846778376868,275.6101055167936,274.7574671529367,275.1112060546875,42147000
2019-10-29,274.8391577345471,275.95485140942054,274.7121560578241,275.0296325683594,44284900
2019-10-30,275.229106138278,276.24500852902196,273.9229380126746,275.8731384277344,49643900
2019-10-31,275.8641227568858,275.8641227568858,273.68718460462867,275.1384582519531,69053800
2019-11-01,276.5807027657832,277.7326588147076,276.41741095435447,277.68731689453125,71141500
2019-11-04,279.23831607348995,279.3743694834143,278.43101970583336,278.80291748046875,60606900
2019-11-05,279.0023968490515,279.3017419518305,278.2041801499822,278.49444580078125,42933200
2019-11-06,278.494543609944,278.83015127599856,277.61469457781413,278.55804443359375,46487100
2019-11-07,279.89142527025837,280.8710375909936,279.0659976008694,279.53765869140625,54272300
2019-11-08,279.1930197495144,280.2815026770793,278.4945936077772,280.2270812988281,49032100
2019-11-11,278.84827471069235,279.86417703477946,278.7121936255367,279.69183349609375,35797300
2019-11-12,280.05475967061557,281.17950515104246,279.5105181641509,280.2815246582031,46484600
2019-11-13,279.29278899604503,280.77130091310977,279.0660240438884,280.3721923828125,53917700
2019-11-14,280.09107921404535,280.8620857890122,279.45612610965475,280.7804260253906,51219900
2019-11-15,282.1137105902836,282.8575062211695,281.4243640106054,282.8121643066406,62023600
2019-11-18,282.57636250635056,283.2566574144179,282.122832567639,283.02081298828125,49228000
2019-11-19,283.61950395991727,283.6285834175987,282.29520415828483,282.939208984375,67804700
2019-11-20,282.3496028123388,282.86663359563494,280.3359287395858,281.8869934082031,79406200
2019-11-21,281.9958415043259,282.10468425402297,280.6352517705745,281.4334411621094,54664700
2019-11-22,282.1772178522817,282.31327128023827,281.05247260615073,282.0592956542969,44850200
2019-11-25,282.98453205746335,284.2453308105469,282.98453205746335,284.2453308105469,48647200
2019-11-26,284.2815373110843,285.0706746917591,283.96406093185885,284.8892517089844,37569000
2019-11-27,285.3700145636202,286.1591796875,285.1523291122122,286.1591796875,44444600
2019-11-29,285.59683323960326,285.84175709981287,284.87119647744976,285.09796142578125,36592700
2019-12-02,285.3519574335292,285.41545826710006,282.24982822038623,282.6761474609375,75767800
2019-12-03,279.96407752065693,280.8620857890122,278.5853562166905,280.7804260253906,73941700
2019-12-04,281.82344036418806,283.11144954756696,281.47875327303325,282.5127868652344,49080000
2019-12-05,283.211315493055,283.229446725346,281.7146445502904,283.02081298828125,40709000
2019-12-06,284.9256316357635,286.0050350565463,284.9165521793852,285.6059265136719,48927000
2019-12-09,285.21583692878045,285.887052207936,284.63530546909504,284.7078857421875,34838500
2019-12-10,284.6534969724014,285.3156328729228,283.73735776823526,284.39044189453125,52649800
2019-12-11,284.8438653790791,285.4516073634552,284.30870364899744,285.1976318359375,53429100
2019-12-12,285.2068112141044,288.4359419435748,284.97099448527933,287.6558837890625,96389600
2019-12-13,287.4199981041912,289.05272214678655,286.64899183529326,287.82818603515625,81503900
2019-12-16,289.5516578841208,290.3952169345024,287.7647488016478,289.8056335449219,82749700
2019-12-17,290.18661712815833,290.4859347171941,289.787508555263,289.869140625,61097700
2019-12-18,290.25913538779594,290.4859003373177,289.8328161754444,289.8872375488281,48133000
2019-12-19,290.077759529448,291.1481113030199,289.8237838519317,291.0755310058594,85310500
2019-12-20,292.1054650052227,293.48186803995895,291.13016050237536,292.3515930175781,147142100
2019-12-23,293.1354448960883,293.19013382059256,292.6523408513955,292.7981872558594,52990000
2019-12-24,293.02612879098643,293.0716936318886,292.50655608135855,292.807373046875,20270000
2019-12-26,293.1901906102919,294.3751824445798,293.1810943326841,294.3660583496094,30911200
2019-12-27,295.0953240109606,295.1500129574212,293.7645132848047,294.2931823730469,42528800
2019-12-30,294.37518834855865,294.511910689044,292.18751963133974,292.6706237792969,49729100
2019-12-31,292.1693745285005,293.62781144325504,291.82299263179215,293.3816833496094,57077300
2020-01-02,294.9130269972677,296.14358388648566,293.9923834001532,296.1253356933594,59151200
2020-01-03,292.74359626818324,295.0041745676097,292.68890732538284,293.88299560546875,77709700
2020-01-06,292.13287226263657,295.08621432416686,292.01437027823323,295.0041809082031,55653900
2020-01-07,294.4389421396399,294.9129499592201,293.72795822762987,294.17462158203125,40496400
2020-01-08,294.3660286722624,296.9547400028766,294.1199284891358,295.742431640625,68296000
2020-01-09,297.30119760730037,297.82077038824355,296.71781178644477,297.7478332519531,48473300
2020-01-10,298.33117684890317,298.4861195611985,296.42610473911026,296.8909606933594,53029300
2020-01-13,297.5108929899719,298.9419576082333,297.08247766903025,298.932861328125,47086800
2020-01-14,298.4952101168568,299.5434516916106,297.9209485381816,298.47698974609375,62832800
2020-01-15,298.38587734482564,299.90809914567166,298.30384393795646,299.15155029296875,72056600
2020-01-16,300.52795985830204,301.6400146484375,300.30008000636747,301.6400146484375,54050300
2020-01-17,302.3509165966451,302.7884279904779,301.5761197469233,302.57879638671875,95846000
2020-01-21,301.6217259743135,302.78846954692693,301.5488166711206,301.986328125,77742400
2020-01-22,302.84315842409643,303.49035714511143,301.867853930092,302.0227966308594,48914900
2020-01-23,301.37570973553994,302.7794576149532,300.2636547848771,302.3692626953125,51963000
2020-01-24,303.0254945486543,303.1075279519649,298.39496067890184,299.6802062988281,87578400
2020-01-27,294.4481411214826,296.3532135264237,294.1108833593813,294.8765563964844,84062500
2020-01-28,296.29842651664376,298.84157285281924,294.96761628432836,297.9665222167969,63834000
2020-01-29,299.32480337785205,299.55268327227856,297.5199845997412,297.72052001953125,53888900
2020-01-30,295.66036446661803,298.89627442765044,294.9129398382602,298.6866149902344,75491800
2020-01-31,298.06685040639036,298.2218209474655,292.35163365596884,293.2631530761719,113845600
2020-02-03,294.73976005288546,297.30112696346464,294.6212580975968,295.4416198730469,69083000
2020-02-04,299.0421238964606,300.8104734483571,298.723086598825,299.94451904296875,62573200
2020-02-05,302.8705625667215,303.6180152040548,301.4121536768775,303.4083557128906,65951100
2020-02-06,304.365386197161,304.6206104661579,303.3535853975724,304.42919921875,50359700
2020-02-07,303.3719308599242,304.4383931119409,302.25987594185665,302.8067932128906,64139400
2020-02-10,301.92256617332515,305.1311042908256,301.886097610239,305.0672912597656,42070000
2020-02-11,306.41637021168424,307.20026355708615,305.0673114617923,305.59600830078125,54864500
2020-02-12,307.02708992369514,307.7745425630313,306.66248770025715,307.5649108886719,43992700
2020-02-13,306.1429208622096,308.202963799749,305.86947614367216,307.23675537109375,54501900
2020-02-14,307.64690946641167,307.8474448392001,306.4528213248784,307.72894287109375,64582200
2020-02-18,306.73540821888315,307.7927740817303,305.5504162851949,306.9359436035156,57226200
2020-02-19,307.9021788213364,309.07801894449966,307.61961000252654,308.40350341796875,48814700
2020-02-20,307.8565243216202,308.67691395841035,304.15575813081296,307.1364440917969,74163400
2020-02-21,305.78739481387316,306.09730805211063,303.1530905628107,303.9734802246094,113788200
2020-02-24,294.5483849080448,304.0464012409805,292.8164758374308,293.89208984375,161088400
2020-02-25,295.2776038121276,295.8883062471929,284.11149089171784,284.9865417480469,218913200
2020-02-26,286.38106643552646,289.96332985080215,283.20899774544955,283.9382019042969,194773800
2020-02-27,278.43265741082325,283.99293030133657,271.18609619140625,271.18609619140625,284353500
2020-02-28,263.155727800716,271.53259540965934,260.2753224373834,270.04681396484375,384975800
2020-03-02,271.82421045255126,281.80535966924487,268.40601247661044,281.7415466308594,238703600
2020-03-03,282.1152386233994,286.0712292614889,271.2408194618374,273.674560546875,300139100
2020-03-04,279.0342265229959,285.39663994831454,276.4910804079347,285.1778564453125,176613400
2020-03-05,277.995197331708,281.17639114422417,273.46494478951723,275.6981506347656,186366800
2020-03-06,267.2118873410211,272.3437456449538,264.5502664620457,271.1405334472656,228667200
2020-03-09,250.94127750870393,259.04469825650165,249.25498888727407,249.96597290039062,309417300
2020-03-10,259.4549092564181,262.9915813511426,249.30056924454237,262.90045166015625,276444100
2020-03-11,255.8635462842316,256.99382161350735,246.91241771549264,250.08448791503906,255316300
2020-03-12,233.34894558391483,243.06574485920348,225.7650981762707,226.1570587158203,392220700
2020-03-13,239.81168618296002,247.45934891414748,226.53085295661577,245.49046325683594,329566100
2020-03-16,219.84023822786799,234.16932404862888,216.35824141554718,218.6279296875,297240000
2020-03-17,223.35866962977036,233.50389718402428,216.09387404457632,230.43206787109375,262070500
2020-03-18,215.34643578529358,226.39404531004064,207.84463580030425,218.76463317871094,327597100
2020-03-19,218.08099810602204,225.49165465544974,211.6730183757266,219.22950744628906,289322000
2020-03-20,222.3707795638826,224.14952799674725,209.50696155565487,209.7820281982422,347158800
2020-03-23,209.22268050674896,210.58882164978553,200.11806218300114,204.41822814941406,326025200
2020-03-24,214.93482673177368,223.81022492489032,214.3663660879373,222.93917846679688,235494500
2020-03-25,224.51626550550066,235.0420516206146,219.8218472180857,226.27667236328125,299430300
2020-03-26,228.77973377835932,240.95587614121874,228.34879937507776,239.4888916015625,257632800
2020-03-27,232.21806449765097,239.13132946268587,230.1825909794387,232.3555908203125,224341200
2020-03-30,234.44605962945386,240.61665407010992,232.45643301160396,239.9014892578125,171369500
2020-03-31,238.90205096760556,241.4417963725967,234.9227984498402,236.32562255859375,194881100
2020-04-01,227.36774076850008,236.24314028710725,223.62687128450554,225.68984985351562,189554600
2020-04-02,224.80962736839078,231.67704405266247,224.2594942177443,230.897705078125,177660400
2020-04-03,229.91664470662855,232.26386743063676,224.83713961830722,227.56027221679688,135561200
2020-04-06,236.40815247528656,244.80677011871967,227.54193143111638,242.84463500976562,188061200
2020-04-07,251.4174604431951,252.16930817093797,242.8721667882083,243.0922088623047,201427200
2020-04-08,245.68694732221695,253.05866406664575,243.20221247709344,251.25241088867188,153774500
2020-04-09,254.5073322785615,257.8264586985217,252.57273047385536,255.07582092285156,189999200
2020-04-13,254.10395500418002,254.44319588474661,248.8502262862596,252.74696350097656,114839100
2020-04-14,257.6247434043118,261.2188944182337,252.60941275513804,260.201171875,134143400
2020-04-15,254.4982302449213,260.3387477403847,252.56360009643504,254.6724395751953,121775000
2020-04-16,255.9468642691427,256.7537225719264,252.83865783107498,255.90103149414062,131798300
2020-04-17,261.6590540286196,263.41944685021514,258.92674327686353,262.8143310546875,146684800
2020-04-20,259.1192277447229,262.95180422099605,257.9639789331066,258.18402099609375,100109300
2020-04-21,253.72809067077185,254.92920065570146,249.40956779759313,250.3448028564453,126385700
2020-04-22,255.21337198348687,257.6430966582761,253.89306348455668,255.90103149414062,92951600
2020-04-23,257.1754630685727,260.3387078110824,255.5801020580558,255.88265991210938,104709700
2020-04-24,257.39560066112443,260.11873398584896,255.3509492350438,259.44940185546875,85063200
2020-04-27,261.420615255831,264.3087793852271,260.96217561684955,263.190185546875,77896600
2020-04-28,266.83019054311086,267.1786091367333,261.6773336103177,261.97991943359375,105270000
2020-04-29,267.2978754969445,270.36942737195216,266.27097494933463,268.8382263183594,118745600
2020-04-30,267.462857175173,268.9390474225819,264.60219818898923,266.3351135253906,122901700
2020-05-01,261.594889070107,266.50020001311435,258.11990791498647,259.28436279296875,125180000
2020-05-04,257.4046365732007,260.3019779656264,255.92847461294295,259.9994201660156,80873200
2020-05-05,262.81440147658856,265.2074439793071,260.1279227837245,262.40179443359375,79569900
2020-05-06,264.09793589455825,264.4830095523587,260.192020908388,260.6229553222656,73632600
2020-05-07,263.8320105300923,265.6932743331002,263.2635498583758,263.767822265625,75250400
2020-05-08,266.8944094168429,268.5998195757135,265.7666377314456,268.1322021484375,76452400
2020-05-11,266.2067321816507,269.56251377203523,265.7849755389823,268.18719482421875,79514200
2020-05-12,269.36997290557235,269.78255179515514,262.7042425975372,262.841796875,95870800
2020-05-13,262.2825424788248,263.3186207708161,255.77269255804435,258.1932678222656,144721100
2020-05-14,255.7635079143885,261.41146013220174,250.29888679853764,261.2831115722656,121977900
2020-05-15,258.89919065123917,262.53002466488874,257.95480613821377,262.48419189453125,111146300
2020-05-18,268.6915353919301,272.0840008493197,268.37064994080464,270.4794616699219,119703800
2020-05-19,269.8834715117107,271.58885385664627,267.68296642946405,267.7012939453125,95189300
2020-05-20,271.23127021904025,273.1108617924765,271.00205036955106,272.2489929199219,85861700
2020-05-21,272.12068909653203,272.9275475763484,269.27835689934,270.36944580078125,78293900
2020-05-22,270.08516244349306,271.0570523361643,268.8473696991475,270.8828430175781,63958200
2020-05-26,276.8333877387792,277.07178533427884,270.9011769612808,274.22027587890625,88951400
2020-05-27,277.00761167218025,278.33709805129075,272.1939946167621,278.3004150390625,104817400
2020-05-28,279.3272767982314,281.3352447299404,277.1175942986496,277.78692626953125,90405200
2020-05-29,277.3193394971249,279.61153803025144,274.577879005406,279.0247497558594,119090800
2020-06-01,278.38289544316814,280.7576095309241,277.86944526100126,280.1524658203125,55758300
2020-06-02,281.069313365472,282.5179982006775,279.73985528660774,282.4721374511719,74267200
2020-06-03,284.4526057998422,287.1849160018017,284.17755322085765,286.2313537597656,92567600
2020-06-04,285.2503333753304,286.9832488519643,283.38906933428206,285.47955322265625,75794400
2020-06-05,290.86163222663976,294.56580447547407,290.79744395981476,292.7962341308594,150524700
2020-06-08,293.60307791418927,296.52792499363557,293.0621225082108,296.33538818359375,73641200
2020-06-09,293.67644251654445,296.40875303318035,292.814573695221,294.125732421875,77479200
2020-06-10,294.70329579254934,295.59266964831977,291.7692714487275,292.48443603515625,95000800
2020-06-11,285.57112869722124,286.2037774527666,275.0728808184363,275.62298583984375,209243600
2020-06-12,282.61891221793167,283.3890875968667,273.78020888553783,278.92388916015625,194678900
2020-06-15,273.24835223856235,282.6555425806839,272.07474788246594,281.52777099609375,135782700
2020-06-16,289.25711767246935,289.4038217313861,282.0962919334156,286.9465637207031,137627500
2020-06-17,287.9643213952654,288.25772952024136,285.02111835943526,285.754638671875,83398900
2020-06-18,284.2417577526698,286.34139118127837,283.78331810749904,285.8646240234375,80828700
2020-06-19,289.32364222607004,289.5170263493881,282.2878438676283,284.2309875488281,135549600
2020-06-22,283.6323430698322,286.4503381503588,282.49041850503755,286.0543518066406,74649400
2020-06-23,288.6973956071107,289.627527981212,286.9660723422408,287.37127685546875,68471200
2020-06-24,285.3360276763805,285.95305250280444,278.20816137818287,280.040771484375,132813500
2020-06-25,279.4697269654065,283.30995008269394,277.4529233871567,283.0428771972656,89468000
2020-06-26,281.94711324330086,282.15893364058905,275.7401601235611,276.3203125,127961000
2020-06-29,277.57284431592245,280.5197538693828,275.28896622612444,280.3816223144531,79773300
2020-06-30,279.9486629348006,285.667559621828,279.7921232790596,283.9730529785156,113394800
2020-07-01,285.08739818187286,287.22392574002134,284.62694111006857,285.9622497558594,72396500
2020-07-02,289.38797461324,290.7325291406338,286.8738976557018,287.5369567871094,69344200
2020-07-06,291.34955427526955,292.55594935283244,290.6036161923204,291.97576904296875,61713800
2020-07-07,290.43788464051073,292.4086261412663,288.58683836174674,288.96441650390625,82910000
2020-07-08,289.7288100254336,291.28515730964824,287.9698885921955,291.1746520996094,54638600
2020-07-09,291.7824392568342,292.0218859318801,286.109604655345,289.5169982910156,83354200
2020-07-10,289.45251680342045,292.74018697945144,288.02511114921197,292.4731140136719,57550400
2020-07-13,294.8123186633165,297.18826534712787,289.2868325014448,289.940673828125,102997500
2020-07-14,288.5224361241147,294.4715626788139,287.3252587874631,293.697998046875,93657000
2020-07-15,296.91194993690715,297.4921303782736,294.0202658653574,296.396240234375,87196500
2020-07-16,294.4991602617193,295.87131342816184,293.85450907927094,295.4200744628906,54622500
2020-07-17,296.4238083554755,297.059241275674,294.4530388686995,296.2764587402344,62774900
2020-07-20,296.0094429242622,299.4168366870497,295.26350467471246,298.6708984375,56308800
2020-07-21,300.63251546137764,301.0745363843272,298.3210113368383,299.306396484375,57292200
2020-07-22,298.9471708971752,301.32314533336705,298.83666568694713,301.010009765625,57792900
2020-07-23,300.65084417889534,301.3507479273714,296.05549155599056,297.4184265136719,75738000
2020-07-24,295.5674004213925,296.5251308789289,294.00183516323403,295.5029296875,73766600
2020-07-27,296.19352622911754,297.8327517588238,295.4015257035864,297.65777587890625,48293000
2020-07-28,296.93029101258077,298.04461717526414,295.4752592743561,295.76995849609375,57495000
2020-07-29,296.64485042658015,299.9693649980808,296.60800599281623,299.4075927734375,48454200
2020-07-30,296.4422441472383,298.7537475391664,294.36099738513786,298.3393249511719,61861700
2020-07-31,300.1259370973195,300.79821459184643,295.9173523890963,300.6968994140625,84986800
2020-08-03,302.3545227663099,303.5516998495723,301.8111868221174,302.787353515625,53077900
2020-08-04,301.9308868941844,303.9569091796875,301.9308868941844,303.9569091796875,41917900
2020-08-05,305.2553866917395,306.1026399985558,304.988313743364,305.8447570800781,42697700
2020-08-06,305.264638297825,308.00894452980793,304.942312718452,307.88922119140625,43679400
2020-08-07,306.92221206378724,308.3956800618827,306.0197062402385,308.1101989746094,57308300
2020-08-10,308.5614527808773,309.21529387333,306.62752769620295,309.0311279296875,44282100
2020-08-11,310.2099438612299,310.84537688701096,305.7527226498275,306.480224609375,69601100
2020-08-12,308.91143712616207,311.526829875344,308.8838108265044,310.7532653808594,53774400
2020-08-13,309.9888955675153,311.4992082489788,309.2705836615696,310.1914978027344,41816100
2020-08-14,309.80472777793506,310.734860048338,309.0771977415584,310.2007141113281,47260400
2020-08-17,311.2136919707807,311.5820519648369,310.2098990427494,311.1860656738281,35481000
2020-08-18,311.5820463337453,312.28194998264934,309.98885496076423,311.85833740234375,38733900
2020-08-19,312.23588712741235,312.75159673010216,309.9980728045905,310.5598449707031,68054200
2020-08-20,308.8377736301808,312.0057207368476,308.7088602558769,311.52685546875,42207800
2020-08-21,311.1953037485117,312.85293788001695,310.8545419255064,312.6319274902344,55106600
2020-08-24,315.0631784958775,315.8735875319697,312.60435318835533,315.7999267578125,48588700
2020-08-25,316.3616018282348,316.9878166359839,315.20124113429597,316.9049377441406,38463400
2020-08-26,317.49438668215004,320.3491982017806,316.95105067989545,320.0821533203125,50790200
2020-08-27,320.9477683119042,322.22782424225835,319.12434835411756,320.781982421875,58034100
2020-08-28,321.804237442081,322.983006410203,320.61625033931085,322.85406494140625,48588900
2020-08-31,322.6423290489599,323.5171807672397,321.4543417386252,321.6845703125,66099200
2020-09-01,322.5134176423937,324.8157035959039,321.6201295682686,324.71441650390625,54908700
2020-09-02,326.6206721827685,330.37798998883557,325.4787193923163,329.4110412597656,69540000
2020-09-03,327.72571683022153,328.19539204398836,315.4959779391516,318.0745544433594,148011100
2020-09-04,318.7560217314167,320.32155893623025,308.3865193279406,315.4775695800781,139156300
2020-09-08,310.0809875272591,315.54202965407626,306.55389879011744,306.8577880859375,114465300
2020-09-09,310.8545223596372,315.3762136597868,309.9888609153848,312.9173889160156,91462300
2020-09-10,314.78688177765224,315.4407229555937,306.5262807206502,307.4840393066406,90569500
2020-09-11,309.26141246287096,310.32045816888535,304.8225992871863,307.6405944824219,84680200
2020-09-14,310.79930858274395,313.46076397555305,307.78792941912315,311.6925964355469,65605700
2020-09-15,314.14218543935834,314.9710024350509,311.70176891157143,313.267333984375,52920900
2020-09-16,314.5014007189514,315.92880641145365,311.74784829653964,312.0241394042969,82096000
2020-09-17,307.1800415307334,310.99263860758003,306.65511385712773,309.27972412109375,91523300
2020-09-18,310.08326217502207,310.19420971929947,303.24122418442806,305.7191467285156,105877900
2020-09-21,301.1424482202814,302.46462040076045,297.4717824473857,302.3166809082031,99450800
2020-09-22,303.7959671425477,305.9502737084909,301.29027968535905,305.3955078125,63612100
2020-09-23,305.95029107636867,306.2276881483939,297.8138181951708,298.3131103515625,93112200
2020-09-24,297.0002185553226,302.1594777085532,295.68727323191223,299.1083068847656,76681300
2020-09-25,298.25762343564503,304.7298270780176,297.38852490576954,303.9439392089844,71069400
2020-09-28,308.0953544774506,309.70415018624124,307.1060252515909,308.9922180175781,64584600
2020-09-29,308.78887594020625,309.5285451633514,306.6160587994306,307.30950927734375,51304000
2020-09-30,307.97519790754353,312.78313211808506,307.781039690102,309.6394958496094,104081100
2020-10-01,312.2283956676877,313.1992150632846,309.7504726983646,311.6274108886719,88698700
2020-10-02,306.69007030245626,311.59969787140113,306.2185149056574,308.668701171875,89431100
2020-10-05,310.7213002044158,314.3272371892056,310.6750814573515,314.142333984375,45713100
2020-10-06,314.28100446334764,316.3706109226611,309.1679640929143,309.6764831542969,90128900
2020-10-07,312.6259052380061,315.87126190492677,312.598168352672,315.0668640136719,56999600
2020-10-08,316.9992592418316,317.92385966066934,316.0838856399177,317.859130859375,45242500
2020-10-09,319.50504152354176,321.1600848112874,318.88557480562906,320.6977844238281,59528600
2020-10-12,323.2310413996827,327.3270142850216,322.7410043300661,325.8569030761719,80388500
2020-10-13,325.7182319216309,325.89390825718806,322.7687543508322,323.7303466796875,73255500
2020-10-14,324.30363883511666,325.39466069842285,320.96584443553525,321.6962585449219,57727900
2020-10-15,317.7944619067174,321.7794882050628,317.25820597808996,321.2987060546875,60357700
2020-10-16,322.64868176620297,324.3037250706261,320.92893785148163,321.1046142578125,89501900
2020-10-19,322.3619272638812,322.9906487706289,315.32573168859045,316.22259521484375,68425600
2020-10-20,317.5633355204922,320.72548220032826,316.8051844221268,317.4893798828125,60051900
2020-10-21,317.44313504454004,319.60672543903087,316.583263194965,316.8883972167969,63575000
2020-10-22,317.10106236922707,319.2091509309516,314.96523691392366,318.62664794921875,55399300
2020-10-23,319.8470279304944,319.9025017003484,317.25815794875194,319.7083435058594,49143900
2020-10-26,316.333567187947,317.1194832403807,310.31440902526583,313.8001708984375,91473000
2020-10-27,314.14221515369485,314.47505772642944,312.5056545213952,312.71832275390625,65994100
2020-10-28,307.0598897426626,312.7461782493359,301.54002258547484,302.0300598144531,127094300
2020-10-29,302.2612006889962,308.26184985459844,300.5784207406355,305.0997314453125,90597700
2020-10-30,303.52789396877716,304.8315842442729,298.27616915749184,301.9190979003906,120287300
2020-11-02,305.3031311035156,307.3002435800331,302.566292996373,305.3031311035156,86068300
2020-11-03,308.5299198245358,312.74609552911073,305.38628400502864,310.6934814453125,93294200
2020-11-04,315.1594080860358,321.70559740471685,313.98517525430054,317.6373596191406,126959700
2020-11-05,322.907491721787,325.63507467035436,322.55613899305547,323.83209228515625,82039700
2020-11-06,323.5454494007083,325.0063340064699,321.4373613684711,323.75811767578125,74973000
2020-11-09,336.5269118315226,336.90600149766686,327.36411567397204,327.826416015625,172304200
2020-11-10,326.83703383089585,328.39961099114294,324.0817422973662,327.3455810546875,85552000
2020-11-11,329.5276225136965,330.60016251209254,328.2886611922482,329.77728271484375,58649000
2020-11-12,328.76942360523407,329.82348168786507,324.7751710085161,326.578125,67546200
2020-11-13,328.48276092245214,331.83906475599196,327.9649869763122,331.0993957519531,62892200
2020-11-16,333.7622800304141,335.42654955095253,332.47707186315154,335.2323913574219,74541100
2020-11-17,332.8284586496354,334.63144099542336,331.3213552496351,333.429443359375,66111000
2020-11-18,333.6975302989405,334.2430411433111,329.3796340603069,329.4166259765625,70591300
2020-11-19,328.7879360767462,331.1733928980095,327.44725409515723,330.8035583496094,59940900
2020-11-20,330.5446951604477,330.7481084092092,328.46434393216515,328.5382995605469,70417300
2020-11-23,330.3412386076394,331.7651311623136,328.112948198128,330.5076599121094,63230600
2020-11-24,333.0503176608031,336.37888489880055,332.1997010545498,335.8333740234375,62415900
2020-11-25,335.75017614636334,335.77791303204526,334.22459100072433,335.31561279296875,45330900
2020-11-27,336.4066780190502,336.7210388362217,335.24167223686067,336.24951171875,28514100
2020-11-30,335.47279650501997,335.7409385582566,332.08878340971694,334.7608642578125,83872700
2020-12-01,338.0062793851227,339.9571732876584,337.41452140242126,338.4223327636719,74231400
2020-12-02,337.3127522431998,339.2913825881508,336.7395044630417,339.13421630859375,45927000
2020-12-03,339.03249301288866,340.4286487496057,337.94147123204993,339.041748046875,62882000
2020-12-04,339.6242628374325,341.9635009765625,339.5317971440086,341.9635009765625,50749900
2020-12-07,341.1961354377298,341.75090149337296,339.99416583098116,341.2608642578125,48944300
2020-12-08,339.9940864550397,342.82336164005824,339.9478677180988,342.2593688964844,42458900
2020-12-09,342.9158669849853,343.0730332820125,338.3575929060704,339.1897277832031,74098300
2020-12-10,337.82129446332254,340.1235407764272,336.952167699225,339.0787658691406,57735400
2020-12-11,337.38665648334694,339.08791771318033,335.8703266070758,338.68109130859375,57698600
2020-12-14,340.8447456280566,341.91725738932104,336.9891490851876,337.1648254394531,69216200
2020-12-15,339.6982062143582,341.72308349609375,338.32981558066564,341.72308349609375,63865300
2020-12-16,341.935753088197,343.1747143338236,341.0573713537836,342.2593688964844,58420500
2020-12-17,343.8959404400441,344.3767225815223,343.07303238358134,344.1733093261719,64119500
2020-12-18,344.46113944048307,344.6282701572163,340.79338813671035,342.7990417480469,136542300
2020-12-21,338.8898932592316,351.4159127548199,336.15997816972384,341.5733642578125,96386700
2020-12-22,341.8984285375289,342.0098490392824,339.87421385740157,340.99774169921875,47949000
2020-12-23,341.96342554621316,343.20766834908954,340.97917335383556,341.3041687011719,46201400
2020-12-24,341.7776565578183,342.659782611028,341.19269902115246,342.6319274902344,26457900
2020-12-28,345.1761449139129,345.9654111690172,344.5540377310399,345.575439453125,39000400
2020-12-29,347.09821664709926,347.27464186044676,344.3311518128284,344.9161376953125,53680500
2020-12-30,345.7332900123292,346.4389909289521,345.0183229457008,345.4082946777344,49455300
2020-12-31,345.2133252792332,347.8875306310018,344.7026385411162,347.16326904296875,78520700
2021-01-04,348.4909711220461,348.6209805572402,338.7505780933009,342.4368896484375,110210800
2021-01-05,341.79620806023695,345.88178590422,341.74976397277425,344.7953796386719,66426200
2021-01-06,343.29118386394964,350.04170094295614,342.743347597711,346.8567810058594,107997700
2021-01-07,349.22459781978796,352.75304553896814,349.0481726001441,352.0102233886719,68766800
2021-01-08,353.3937336428552,354.22941562712896,350.1531317059406,354.015869140625,71677200
2021-01-11,350.8495752953006,353.384476638568,350.72886031003054,351.6295471191406,51034700
2021-01-12,351.8152452148604,352.7159036317569,349.4660070637659,351.70379638671875,52547700
2021-01-13,351.62950774382404,353.64442764556827,350.8495360073249,352.6509094238281,45303600
2021-01-14,353.39375334288167,353.8951738961369,351.08169311224,351.41595458984375,49989100
2021-01-15,349.80031300572944,350.5988454547158,346.9961266104406,348.85321044921875,107160000
2021-01-19,351.30456148612353,352.13097743160114,349.8281831712378,351.5924072265625,51233300
2021-01-20,353.87651262058415,357.2935676023044,353.48654097639,356.4578857421875,61836100
2021-01-21,357.0149723281148,357.4421218924977,355.8635897422049,356.7828369140625,47840100
2021-01-22,354.9350642448892,356.6807271719311,354.5543587480902,355.5200500488281,52860500
2021-01-25,356.25362897614195,357.2750022410849,351.415906011499,356.92218017578125,70402000
2021-01-26,357.86928439217473,358.2778450349725,356.1329158287073,356.36505126953125,42665300
2021-01-27,353.05015999751345,353.14301984374345,345.4268398473695,347.65533447265625,123351100
2021-01-28,349.465966970764,354.6379514307327,349.0295795422171,350.6452331542969,94198100
2021-01-29,348.7882096621224,349.7539012035363,341.9541263228981,343.6255187988281,126765100
2021-02-01,347.01459668411917,350.3759130211794,343.9132708831619,349.3452453613281,75817600
2021-02-02,352.52087154806475,355.8357724135965,349.42883997274356,354.28509521484375,64450700
2021-02-03,355.11152644432576,356.2814981741382,353.2915924599428,354.5636901855469,52427100
2021-02-04,355.59436662167684,358.63998265068375,354.6751192898168,358.59356689453125,47142600
2021-02-05,360.4598874996903,360.71058354923707,358.54709392712255,360.0048828125,48669800
2021-02-08,361.45350816726585,362.6513351955174,360.5992654572833,362.60491943359375,38365200
2021-02-09,361.76918395765694,362.95774475328056,361.3606516052226,362.36346435546875,35551100
2021-02-10,364.09986093308623,364.24843104388964,359.81000170472225,362.20562744140625,59154400
2021-02-11,363.2826838806573,363.7005390243798,360.3670773709089,362.7905578613281,42913300
2021-02-12,361.9920325190132,364.82407372216704,361.91773330512245,364.5826721191406,50593300
2021-02-16,365.8082587527633,366.0032729008585,363.5519093548807,364.2668762207031,50972400
2021-02-17,362.5212660866274,364.60119044464864,361.5091306885375,364.3504943847656,52290600
2021-02-18,361.7506089186291,363.5426878534969,360.03280086210617,362.79986572265625,59712800
2021-02-19,364.053505043442,364.3413508251971,361.71356083452207,362.1592712402344,83241000
2021-02-22,359.4013597570989,361.77842431901905,359.1042196026477,359.3735046386719,67414200
2021-02-23,357.17282070447845,361.15627216355455,353.03153303962563,359.80987548828125,107284100
2021-02-24,358.72348094434057,364.20189931472817,357.7392290684119,363.7747497558594,72433900
2021-02-25,362.51206472788135,363.87702252268934,353.5702012493284,355.0094299316406,146670500
2021-02-26,356.8850154751008,358.0271036542426,351.20234468696304,353.18011474609375,152701600
2021-03-01,358.03642977075657,362.9855734404292,353.37516012939244,361.7413024902344,105348800
2021-03-02,361.964195274004,362.19633073939394,358.41715856200267,358.9185791015625,79595300
2021-03-03,358.22212100889243,359.1877840030245,354.06224386816876,354.1643981933594,119940200
2021-03-04,353.97867561907805,356.5600204671109,345.30609935501286,349.78167724609375,183433000
2021-03-05,353.27306228530506,357.26580967154143,346.0118857739026,356.216552734375,152039600
2021-03-08,357.1728776946545,359.9770636155982,354.1644114525265,354.4429626464844,123149200
2021-03-09,358.2778276525571,362.04770476168795,357.77640719038783,359.5035095214844,113633600
2021-03-10,361.84345682354007,363.431255369481,360.4320834867978,361.7413024902344,109899400
2021-03-11,364.201964598063,367.3775617218999,363.7469598417814,365.4090576171875,86245000
2021-03-12,364.0534253078508,366.04049021562264,363.2455983981242,365.9012145996094,64653600
2021-03-15,366.15186917399524,368.343242519141,364.0162344057818,368.083251953125,73427200
2021-03-16,368.6960999272851,369.40177242737843,366.84828247321997,367.6189880371094,73722500
2021-03-17,366.33750781300245,369.67096867922254,365.1953914702446,368.8724365234375,97959300
2021-03-18,366.2912103516865,368.371135091279,362.82773894437463,363.5055847167969,115349100
2021-03-19,363.205574280837,364.77995178052817,360.66234252833834,362.83294677734375,113624500
2021-03-22,363.34534370663016,367.1089472702704,363.2894509967949,365.7301940917969,73778600
2021-03-23,365.0967729617704,366.5407155405644,362.06912758135604,362.8516540527344,90686600
2021-03-24,364.2489379839986,365.87920816679144,360.9604512667513,361.00701904296875,97588600
2021-03-25,359.5724129695901,363.82972563036685,357.63470442840975,363.03790283203125,116128600
2021-03-26,364.1836731891651,369.2887573922417,363.5874749543767,368.88818359375,114409100
2021-03-29,367.4163456691813,369.60557150137186,365.9351320456119,368.7019348144531,108107600
2021-03-30,367.4349664373488,368.39449575639236,366.1307275395253,367.7237548828125,76262200
2021-03-31,368.2919754370403,370.76998933005086,368.26402908759354,369.2142333984375,112734200
2021-04-01,371.14265609357545,373.25736766767085,370.93770669938243,373.2014465332031,99682900
2021-04-05,375.8564897892532,379.09840904135075,375.7819756542243,378.5580749511719,91684800
2021-04-06,377.9990859414913,379.3778104361055,377.66370131465686,378.3344421386719,62021000
2021-04-07,378.16681558663885,379.1170200378233,377.7103490017058,378.7723388671875,55836300
2021-04-08,380.02059046966957,380.6261136446718,379.08900760669604,380.5702209472656,57863100
2021-04-09,380.4491519037927,383.50474266034735,380.3280415787718,383.3370361328125,61104600
2021-04-12,382.74087863290447,383.7469757570129,382.135355372954,383.4768371582031,56704900
2021-04-13,383.37434940887186,385.2375154018544,382.9923969687516,384.61334228515625,56551000
2021-04-14,384.585426479011,385.6381198974038,382.7595316211662,383.29986572265625,61659900
2021-04-15,385.433112724498,387.687555926274,385.38654494981597,387.4173889160156,60229800
2021-04-16,388.70301638087244,389.3178645876654,387.28702042046496,388.71234130859375,82037300
2021-04-19,387.7807610260529,388.2279026853113,385.4797498055928,386.8025817871094,78498500
2021-04-20,385.5914957452918,386.6907567846418,382.4986335803177,383.9705505371094,81851800
2021-04-21,383.3557735882246,387.8087397039986,383.21601337839934,387.6037902832031,66793000
2021-04-22,387.43604432459205,388.2651383615414,383.0017004125384,384.0636901855469,97582800
2021-04-23,384.6226230049808,389.63454349879055,384.548108882875,388.22784423828125,73209200
2021-04-26,388.8800379124394,389.60667156779255,388.2931360312582,389.03839111328125,52182400
2021-04-27,389.33648125494796,389.53213415675737,387.8179963971385,388.95452880859375,51303100
2021-04-28,389.2246648182536,390.342575715046,388.3769209336228,388.84271240234375,51238900
2021-04-29,391.56292987909427,391.93555735176267,387.94838369193803,391.3207092285156,78544300
2021-04-30,389.0569499796858,389.90469378427656,387.85520014354586,388.74951171875,85527000
2021-05-03,390.73390277771705,391.1158552700201,389.0943358120596,389.58807373046875,68128300
2021-05-04,387.6037329855272,388.09747082223015,383.5047736052085,387.18450927734375,101591200
2021-05-05,388.82405711429095,389.0569528283678,386.74661711005075,387.3055725097656,60162200
2021-05-06,387.3800594079225,390.5288137897218,385.3771620935364,390.3984069824219,74321400
2021-05-07,391.16239525650957,393.8919265936675,390.4823294392389,393.23980712890625,67733800
2021-05-10,393.59374911008047,393.8173198937431,389.22462332487686,389.3457336425781,81852400
2021-05-11,384.836989107153,386.85850853881635,382.00496848744234,385.87103271484375,116888000
2021-05-12,383.0949159919616,384.3618553205323,376.3595601632733,377.673095703125,134811000
2021-05-13,379.21949593633536,384.1382530041698,379.1728997288725,382.2098693847656,106394000
2021-05-14,384.93945733886034,388.9266319996469,384.9115109821357,388.0788879394531,82201600
2021-05-17,386.9702267000928,387.9018095813703,385.0790861586322,387.09130859375,65129200
2021-05-18,387.3521523950896,387.5943730427938,383.5978745039429,383.7562561035156,59810200
2021-05-19,379.0798024141684,382.92721668401646,377.5985602871788,382.7502136230469,106467100
2021-05-20,383.62587868681237,388.1254406224363,383.5047967743601,386.8677978515625,78022200
2021-05-21,388.34903495141754,389.5880563714277,386.09461981296676,386.55108642578125,76578700
2021-05-24,388.7868254622032,391.56295289159766,388.544604797389,390.49163818359375,51376700
2021-05-25,391.5723104358726,391.92631656128196,389.047728204707,389.62530517578125,57451400
2021-05-26,390.21207905239265,390.9014412201296,389.1780358007873,390.3984069824219,43088600
2021-05-27,391.42316045586614,391.9355196277636,390.32387113726895,390.6033630371094,56707700
2021-05-28,392.1684893742527,392.42933147222897,391.0692282777566,391.3021240234375,58520200
2021-06-01,393.65904356804924,393.7987753351119,390.5196133395258,390.95745849609375,54216600
2021-06-02,391.60959794586466,392.4107742254593,390.60350066902646,391.57232666015625,49097100
2021-06-03,389.26200853094554,391.25558160462,387.79941622388145,390.1190490722656,58138800
2021-06-04,391.963486198523,393.98503350269976,390.18415953410863,393.6869201660156,55938800
2021-06-07,393.6776201553933,393.85462318339853,392.37340976192394,393.30499267578125,51555000
2021-06-08,394.1620257580678,394.2551897336642,391.5629299457471,393.3888244628906,47134300
2021-06-09,394.2272923071258,394.3018348687151,392.57840061009364,392.8019714355469,48436300
2021-06-10,394.0223149057569,395.5780709347275,392.7087795402519,394.6278381347656,51020100
2021-06-11,395.1774162521119,395.3916620908997,393.89182750078726,395.2798767089844,45570800
2021-06-14,395.3917787091995,396.26746903201445,394.1527857880061,396.1650085449219,42358500
2021-06-15,396.31398359945143,396.3512264436359,394.5626033146111,395.43829345703125,51508500
2021-06-16,395.57807599910893,395.8016468115362,391.19032822728997,393.23046875,80386100
2021-06-17,392.82069510707476,394.07830966622913,390.63146893093574,393.10015869140625,90949700
2021-06-18,389.8251604695109,390.5167781405025,387.5914076691271,387.7970275878906,118676300
2021-06-21,389.55403474074245,393.53557034735695,388.7409106571749,393.3486328125,72822000
2021-06-22,393.33938339648705,396.28346475320944,392.61969941589416,395.4516296386719,57700300
2021-06-23,395.5264348867474,396.33020373335535,394.8908927490569,394.9750061035156,49445400
2021-06-24,397.115289475811,397.7321206963649,396.86292090837077,397.3115539550781,45110300
2021-06-25,398.0591985278256,399.17141131218983,397.73207208724824,398.7227783203125,58129500
2021-06-28,399.24617251742296,399.6947769582962,398.04984647065635,399.52655029296875,53159600
2021-06-29,399.9097733050363,400.545315311481,399.20880030663477,399.7415466308594,35970500
2021-06-30,399.2836220683984,400.7509992918403,399.2555842848848,400.07806396484375,64827900
2021-07-01,400.83500837637206,402.4519295321796,400.7695773909706,402.29302978515625,53441000
2021-07-02,403.4520300284134,405.7231756894549,402.37718195001327,405.3680114746094,57697700
2021-07-06,405.4240804253988,405.6390557421083,401.90053315862076,404.629638671875,68710400
2021-07-07,405.3119686849688,406.34006819983387,403.3025183056718,406.0596618652344,63549500
2021-07-08,400.7509751205796,403.50814726468866,399.57333123869796,402.7510986328125,97595200
2021-07-09,404.2559082499405,407.34953429467913,402.5548731403526,407.0504455566406,76238600
2021-07-12,406.9662269112006,408.76073035250516,406.536304788165,408.50836181640625,52889600
2021-07-13,407.7233490688548,409.21876411942253,406.85414923191337,407.1158447265625,52911300
2021-07-14,408.8075027783235,409.29352904474496,406.48028123314407,407.72332763671875,64130400
2021-07-15,406.3868861227559,407.05982155600043,404.43351083577465,406.330810546875,55126400
2021-07-16,407.5084463264103,407.5551664644616,402.7511782522762,403.1437072753906,75874700
2021-07-19,398.3302530154178,403.20902632092094,394.38611039278754,397.19000244140625,147987000
2021-07-20,397.85360950811923,404.1530401378472,397.0591676686946,402.8819274902344,99608200
2021-07-21,404.0782727663207,406.28401626491234,402.83522636423976,406.143798828125,64724400
2021-07-22,406.3213579405747,407.23730633204167,405.3400070746696,406.9942932128906,47878500
2021-07-23,408.9196688873081,411.51794144372303,408.23740663856285,411.1814880371094,63766600
2021-07-26,410.59261588453984,412.20018185039044,410.5458957579973,412.1908264160156,43719200
2021-07-27,411.15341783224966,411.1814556139232,407.48965273178777,410.312255859375,67397100
2021-07-28,410.9384848950348,411.51795145786116,408.7234143462509,410.14404296875,52472400
2021-07-29,411.0693007705477,412.91985138960683,411.05994533585215,411.84503173828125,47435300
2021-07-30,409.2841865056366,411.29363706752343,409.15332449973266,409.844970703125,68951200
2021-08-02,411.5553115323718,412.10674026622047,408.62991264660883,408.9850769042969,58783300
2021-08-03,409.77956673996874,412.4339150257173,407.5925338958521,412.3124084472656,58053900
2021-08-04,411.03187281061224,412.28427447929056,410.0505220211944,410.2841796875,46732200
2021-08-05,411.44307668627965,412.9665291012957,411.12530571054964,412.8824157714844,38969700
2021-08-06,413.20029762470335,413.9853841029397,412.91989126076,413.5647888183594,46930000
2021-08-09,413.53671760242094,413.8544886377314,412.4618979342041,413.2283020019531,41222600
2021-08-10,413.676878576167,414.4526380263717,412.9946164227404,413.7423095703125,43339300
2021-08-11,414.80783999492405,414.8639155599606,413.6862716488568,414.77044677734375,44034300
2021-08-12,414.6208676326382,416.1536756754447,413.7236301446858,416.0134582519531,38909400
2021-08-13,416.4621552133837,416.7892817139917,415.9761574416634,416.7705993652344,39470300
2021-08-16,415.4713605109986,417.88269503110484,413.91987021373245,417.7518615722656,73740000
2021-08-17,415.2003672937734,415.87330259419554,412.03198379117543,415.0134582519531,92673900
2021-08-18,414.004033503329,415.5648794226537,410.2281457688839,410.47113037109375,89351900
2021-08-19,407.7513077712783,412.30298304453,407.6111188768107,411.10662841796875,92812200
2021-08-20,411.45258931954015,414.7050867388792,410.96656297583365,414.3779602050781,72008700
2021-08-23,416.0601886079049,418.92951158354134,414.4526227295589,418.0229187011719,54973000
2021-08-24,418.6865539550781,419.2193003480419,418.17251843232447,418.6865539550781,38744700
2021-08-25,418.87350683269574,420.0791600532625,418.49963168684314,419.56512451171875,40529700
2021-08-26,419.2846465858296,419.5183042507706,416.9948185830064,417.0882873535156,57829600
2021-08-27,417.8921060042868,421.19135148689224,417.83603043980827,420.8175048828125,77235100
2021-08-30,421.49038603704406,423.45311610967644,421.2473729404078,422.66802978515625,48357400
2021-08-31,422.57464706002395,422.91110047218524,421.4437517278113,422.0419006347656,59300200
2021-09-01,422.97650283531857,423.49053835442544,422.03251662178167,422.26617431640625,48721400
2021-09-02,423.68684470342555,424.369106938718,422.36901184150173,423.5653381347656,42501000
2021-09-03,422.43439243098885,423.9765273755303,422.0324795543075,423.46246337890625,47170500
2021-09-07,423.1166526229062,423.21012139664674,421.27542901861193,421.9483642578125,51671500
2021-09-08,421.4157048587594,422.14471575872943,419.51837690907405,421.43438720703125,56181900
2021-09-09,421.23805907529504,422.98581388405796,419.38748005990004,419.6304931640625,57970400
2021-09-10,421.5558370150139,421.9764037145198,416.2003928599835,416.3218994140625,89948200
2021-09-13,419.3127250750678,419.57442052650157,415.07882068151736,417.3873596191406,83738600
2021-09-14,418.82672304337876,419.03234294728094,414.2470381175579,415.13494873046875,78197100
2021-09-15,415.55548138185304,419.09773958576324,414.4526240434599,418.6023864746094,78792200
2021-09-16,418.07903168064803,419.0510271190857,414.99473310868217,417.9388427734375,77786700
2021-09-17,417.1681649070518,417.59007902636665,413.5114041887088,413.8677062988281,118425000
2021-09-20,407.7544290834885,409.3296324653092,402.10990737755776,406.9668273925781,166445500
2021-09-21,409.30144322368784,410.59537031179264,406.05726871090457,406.58233642578125,92526100
2021-09-22,408.851302198654,412.58305938264414,406.69477650086463,410.54840087890625,102350100
2021-09-23,412.4143728690153,417.14001100580157,412.17996661282217,415.5366516113281,76396000
2021-09-24,413.90516505538227,416.9337039803391,413.6895010133059,416.2210998535156,62094800
2021-09-27,415.1896841659372,416.3523298980062,414.33644206403306,415.0303039550781,61371100
2021-09-28,412.2643090052773,412.5924834545763,405.9353407086728,406.66668701171875,130436300
2021-09-29,408.045029638689,409.77964162679973,406.7886155612909,407.3511962890625,82329200
2021-09-30,408.82324196639286,409.5264607159928,402.03484612674845,402.3724060058594,140506000
2021-10-01,404.0976889255961,408.8326843876151,400.58159468725086,407.1543273925781,129240100
2021-10-04,405.9915954205408,406.8917073430287,399.7657521393978,401.903564453125,128570000
2021-10-05,403.4037961536202,408.32632771246665,402.60683774485324,406.0854187011719,90682500
2021-10-06,402.4942986652522,407.9794109817039,400.8722256266175,407.77313232421875,113032200
2021-10-07,411.0454355366307,414.13020116989895,410.86728449835147,411.298583984375,72437500
2021-10-08,412.06737716353257,412.4518067836504,409.92020825664594,410.54840087890625,74557400
2021-10-11,409.8921372238028,412.7987803671197,407.5105617770027,407.5762023925781,65233300
2021-10-12,408.4951467022772,408.89831863461245,405.78539638345933,406.572998046875,71181200
2021-10-13,407.5949901170963,408.85140428938456,404.62273464026305,408.0356750488281,72974000
2021-10-14,411.69232759288604,415.0490407513381,411.2235151439211,414.8990173339844,70236800
2021-10-15,417.00870250976914,418.42452536112467,416.3898666001841,418.058837890625,66260200
2021-10-18,416.27732497087453,419.6340094982905,415.6209761000303,419.2964782714844,62213200
2021-10-19,420.9186558175996,422.59698407803893,420.30917663549167,422.5313720703125,46996800
2021-10-20,422.99078957769177,424.49099536699856,422.8782791509517,424.1909484863281,49571600
2021-10-21,423.59081795122904,425.5223230800388,423.15951848148666,425.29730224609375,41305400
2021-10-22,424.8660748608127,426.3100255563803,422.91579858892055,424.856689453125,58845100
2021-10-25,425.9442668817109,427.4632147429343,424.17217058163135,427.1350402832031,45214500
2021-10-26,428.68217522735085,429.89169091412384,427.1444564431734,427.5195007324219,56075100
2021-10-27,427.9789668380812,428.6446726137015,425.5504927707311,425.6255187988281,72438000
2021-10-28,427.050677407055,429.80729721502064,427.0413206145411,429.7322998046875,51437900
2021-10-29,427.435131798945,430.89497056169455,427.14447031928165,430.60430908203125,70162400
2021-11-01,431.5887642564896,431.96383713747196,429.61977470154915,431.3450012207031,48433600
2021-11-02,431.5137252848119,433.3983604582575,431.3824440663046,433.08892822265625,48908400
2021-11-03,432.5264031559585,436.1362651463071,432.08571825925554,435.73309326171875,52509800
2021-11-04,436.3331630823048,437.8708818410705,435.9862464051318,437.7864990234375,52847100
2021-11-05,440.00863863956613,441.29318025230174,437.79585747597196,439.305419921875,66390600
2021-11-08,440.4024705143944,440.89941061596096,438.9960330253521,439.68048095703125,50405200
2021-11-09,440.0461369788913,440.28054321030675,436.8207049454919,438.2271423339844,51149100
2021-11-10,436.53939698466087,438.2271390064617,433.2202253751318,434.70166015625,69429700
2021-11-11,436.1924978999976,436.2675239203641,434.8235734757579,434.8423156738281,34848500
2021-11-12,436.1081050332003,438.67718819768925,435.161094692695,438.1239929199219,53466700
2021-11-15,439.40859470618256,439.56797493267015,437.14891501750157,438.2740478515625,46980500
2021-11-16,438.01152112700873,441.1431852512349,437.9365237158013,440.0086669921875,48857500
2021-11-17,439.74607145027005,439.9242224676994,438.32089192487604,438.9397277832031,47858300
2021-11-18,439.97117780399594,440.6931674194312,437.2520708292828,440.4306335449219,50625600
2021-11-19,440.31809847431913,441.5651558500262,439.2773483740664,439.6430358886719,57315600
2021-11-22,441.518225650883,444.00292604113224,438.1990253218852,438.4053039550781,72762000
2021-11-23,438.0771663973215,439.8399060268832,435.4799553727706,438.9866638183594,73206500
2021-11-24,436.9895748580572,440.280648289081,436.17384555629377,440.15875244140625,61858800
2021-11-26,433.50149668510204,434.96418925297854,429.2165439866492,430.3417053222656,112669600
2021-11-29,435.1236653350825,437.4583425612124,432.9296261441328,435.62060546875,86268800
2021-11-30,433.18271599479897,435.0860934508205,426.9006175423312,427.1444091796875,148559600
2021-12-01,432.84521097923056,435.6862135337651,422.2031616971008,422.4000549316406,131939200
2021-12-02,422.61568676881933,430.43547509903107,422.2218717157111,428.86962890625,127637800
2021-12-03,430.5291904812952,431.5886824657506,420.9185363153349,425.1378479003906,137331600
2021-12-06,427.6788270649763,432.0481622961489,425.2691243350437,430.17291259765625,98977500
2021-12-07,435.44234986254867,439.63353398882253,430.04162169606445,439.0709533691406,95484700
2021-12-08,439.4648728181905,440.68377393878586,437.71148993714627,440.23370361328125,72238800
2021-12-09,438.9491883572712,440.3368838174408,437.0645813487315,437.261474609375,61272600
2021-12-10,439.9617692478392,441.52758690349503,437.41142821807136,441.3775634765625,77159800
2021-12-13,440.86191039613635,441.2088270752524,437.18640772794674,437.46771240234375,87724700
2021-12-14,434.20470680540546,436.6894070406909,431.54185555192583,434.4578552246094,97264100
2021-12-15,434.51422720060384,441.49013147147207,432.0013702393154,441.2463684082031,116899300
2021-12-16,443.0934545318682,443.3747305871484,435.80808994562267,437.3551940917969,116568600
2021-12-17,434.2811459384775,437.28267979708494,430.9973478702641,432.7004089355469,135511600
2021-12-20,427.62893618734074,428.4945657060667,424.4862697414786,428.0993957519531,107134800
2021-12-21,431.5148943716561,435.84312797159805,429.3507919289712,435.7019958496094,69806300
2021-12-22,435.44794347232624,440.17134685592566,435.25032979357655,440.0584411621094,58890200
2021-12-23,441.0558940038796,444.29265848850883,440.9524066704167,442.7966003417969,56439700
2021-12-27,444.17031898464637,449.1101448261274,444.12328451008153,449.0631103515625,56808600
2021-12-28,449.4958012534843,450.52139946166386,447.9338723531307,448.6960144042969,47274600
2021-12-29,448.7995905115579,450.2862300149204,447.8022185897107,449.2700500488281,54503000
2021-12-30,449.6934621372565,450.70025247373695,447.56700448030426,448.0280456542969,55329000
2021-12-31,447.5387114670403,448.68660504135966,446.62601892001857,446.89886474609375,65237400
2022-01-03,448.15975083339737,449.61819265083415,445.8545162929149,449.4864501953125,72668200
2022-01-04,450.9072545217483,451.6223622300133,447.4822951975026,449.3359069824219,71178700
2022-01-05,448.969002462942,449.74056308734737,440.6136354927347,440.7077331542969,104538900
2022-01-06,440.2465751581237,443.0034607516756,437.9318938989192,440.2936096191406,86858900
2022-01-07,440.30316424651267,441.47931328156096,437.1981135652395,438.55303955078125,85111600
2022-01-10,435.36325245373706,438.22362566846715,429.62364055153137,438.0072326660156,119362000
2022-01-11,437.74373029781276,442.09077122122125,434.75158623525874,441.9966735839844,74303100
2022-01-12,443.72804221308974,445.2429369205549,441.2346123000405,443.19171142578125,67605400
2022-01-13,444.29258772329274,444.9418241930247,436.05954567988096,437.08514404296875,91173100
2022-01-14,433.9424425259686,437.6120209390258,432.7286489573756,437.2638854980469,95890900
2022-01-18,432.578128611285,432.7851319574491,428.4098639787604,429.5201416015625,109709100
2022-01-19,431.0632487949444,432.455790611051,424.7873060995941,425.0601806640625,109357600
2022-01-20,426.94202425230395,431.6372011815895,418.2385229314581,420.3555908203125,122379700
2022-01-21,419.2359139440063,421.58821170548157,412.0755333410702,412.103759765625,202271200
2022-01-24,406.5052155318438,414.3618945596718,395.9010692318445,413.8537902832031,251783900
2022-01-25,407.47438716618876,413.7409112645625,401.9135523304981,408.80108642578125,167997300
2022-01-26,414.6819173184066,417.80577600170864,403.52260050405795,407.77557373046875,186391100
2022-01-27,412.3672026513168,415.50045053402,404.0777079047049,405.7619323730469,149878300
2022-01-28,407.11677491587125,415.88614578639226,402.5439229329761,415.839111328125,164457400
2022-01-31,415.17113717300543,423.677053931945,413.82562974282484,423.32891845703125,152251400
2022-02-01,424.053395889453,426.8291186076498,420.5343677869096,426.1893005371094,123155400
2022-02-02,428.5886396673794,431.05384305532795,426.2833764423959,430.329345703125,117361000
2022-02-03,424.3074813838875,426.20812763649417,419.37704575360794,420.2144775390625,118024400
2022-02-04,419.97923360740066,426.0293363499769,417.6080991681987,422.1903991699219,118454400
2022-02-07,422.95248633834746,424.3450280068108,419.50871953612705,420.8354187011719,84472900
2022-02-08,420.33677354523064,425.2201456654425,418.91597660458353,424.29803466796875,81012000
2022-02-09,428.3252089130967,430.8280572528607,428.1276239352286,430.5081481933594,92589900
2022-02-10,424.6744500762086,430.66810052892527,420.7790596867854,422.7738037109375,140103700
2022-02-11,422.85846290665194,424.92846773085336,413.00703862428105,414.4372253417969,153214600
2022-02-14,413.9292172567199,415.50995473639216,409.61979092657896,413.0823669433594,123006300
2022-02-15,417.51407522523783,419.91340763201026,416.99655245102997,419.7440490722656,88482700
2022-02-16,417.70221089727113,421.588211390658,415.82979106919817,420.2144775390625,84863600
2022-02-17,417.0341632264874,420.186247943638,410.63592485416507,411.23809814453125,102259100
2022-02-18,411.49214366579196,412.74358216810356,406.3076988713617,408.5753173828125,132642900
2022-02-22,406.373613297068,409.77031787811296,400.69984286814764,404.190673828125,124391800
2022-02-23,407.098048185768,407.66260537056274,396.4562558034865,397.02081298828125,132578000
2022-02-24,386.73658449661104,403.42850999389174,386.3790593344902,402.99566650390625,213942900
2022-02-25,404.2282639234101,411.97203889724267,402.5816554040874,411.8873596191406,121804500
2022-02-28,406.5052626502716,412.3107459178309,405.25385292778066,410.83349609375,145615000
2022-03-01,409.3374644946176,411.3416268267393,401.8759540045587,404.576416015625,137785900
2022-03-02,406.825151607102,413.74091213892484,406.0724278778105,412.01904296875,117726500
2022-03-03,414.44664922565886,415.0488225356622,408.1707060110163,409.9678649902344,105501700
2022-03-04,406.2418557535522,407.7661402300269,402.60050312317946,406.6370544433594,113978200
2022-03-07,406.05365494553234,406.75934432063025,394.58384800510765,394.64971923828125,137896600
2022-03-08,394.8283933930121,401.96996456411733,390.5942582446802,391.6575012207031,164772700
2022-03-09,400.02232727972273,404.13413881650297,397.8393882545467,402.158203125,116990800
2022-03-10,397.557052917586,401.2360493514207,395.599954192604,400.3421936035156,93972700
2022-03-11,402.8262482347944,403.43783985789673,394.7437572588801,395.2518615722656,95636300
2022-03-14,396.0234704863825,399.46720926881693,391.22477713105775,392.36328125,95729200
2022-03-15,394.96964080123826,401.6219464123901,393.6994228575472,400.9915466308594,106219100
2022-03-16,404.49170046381727,409.939601038674,399.7023972745846,409.8831481933594,144954800
2022-03-17,407.97305465049794,415.0111389160156,407.5966928036644,415.0111389160156,102676900
2022-03-18,413.40292135860483,419.8776656161691,412.6667255275147,419.5567626953125,106345500
2022-03-21,419.3868116069883,421.3877523283893,415.93234592986585,419.43402099609375,88349800
2022-03-22,420.8213779356856,425.27631330286863,420.8213779356856,424.3419189453125,74650400
2022-03-23,421.81246957458256,423.30372739490633,418.79216338171153,418.8771057128906,79426100
2022-03-24,420.8969665486931,425.200884406194,419.7832397355188,425.1914367675781,64736900
2022-03-25,425.8238668662759,427.54166664957455,423.247167191328,427.2679443359375,77101300
2022-03-28,426.67326991890525,430.30706787109375,424.7855856636152,430.30706787109375,68529800
2022-03-29,434.18629362949696,436.1211874892994,431.50578514438973,435.63037109375,86581500
2022-03-30,434.48834654789084,435.3000658769964,430.8356815763662,432.9404602050781,79666900
2022-03-31,432.1758685328461,432.9970065427643,425.8238008960685,426.27685546875,121699900
2022-04-01,427.8530993439852,427.99466991123313,423.91729355560483,427.4850158691406,89048800
2022-04-04,427.6832403411355,431.2509628688752,426.8621021980193,431.1471252441406,59601000
2022-04-05,429.65584243367965,432.11925672118474,424.5591003737765,425.7011413574219,74214500
2022-04-06,421.7935816863143,423.71899870282925,418.5656292465307,421.4443359375,106898000
2022-04-07,420.5667035154226,425.38030519520004,418.62239060537553,423.568115234375,78097200
2022-04-08,422.8129558921499,425.32357938924946,420.89695753959705,422.4354248046875,79272700
2022-04-11,419.16972953989875,420.0097628914947,414.7148221783834,415.2150573730469,89770500
2022-04-12,418.19752691427806,420.7175978859881,412.1286293865626,413.6765441894531,84363600
2022-04-13,413.4311873130841,419.16973507105604,413.25185499529334,418.4146728515625,74070400
2022-04-14,418.64116191799894,419.7549175134308,413.1008132674667,413.20465087890625,97869500
2022-04-18,412.2796514632989,415.0545494478205,411.14702946006696,413.37451171875,66002500
2022-04-19,413.2707073837323,420.76481631207815,413.10082271070314,420.0475158691406,77821000
2022-04-20,421.8219654514646,422.4354571159878,418.5751460041488,419.7360534667969,65224400
2022-04-21,423.3509483444846,424.7383973991878,412.55339229515056,413.45947265625,85417300
2022-04-22,412.37412370691203,413.4784030168014,401.54825187367607,402.11456298828125,132471800
2022-04-25,399.87763849644267,404.61571598232445,395.31886452951045,404.4458312988281,119647700
2022-04-26,401.9162927984164,402.1145203899857,392.70441293823944,392.73272705078125,103996300
2022-04-27,393.80869150273776,399.169736833569,391.70394193167726,393.8370056152344,122030000
2022-04-28,398.57518745115215,405.5124343696149,394.1485645985989,403.7851867675781,105449100
2022-04-29,399.8021034252902,401.9540624319965,388.11733269096055,388.86297607421875,145491100
2022-05-02,388.929072135393,392.56287045835074,382.2749671742883,391.2037353515625,158312500
2022-05-03,391.70388927238196,395.4037338921699,390.1465268831045,392.9969482421875,100028200
2022-05-04,393.65769528593023,405.53124638806986,390.4769516548114,404.9649353027344,144247900
2022-05-05,400.7081751004019,401.1329155913623,386.4467339742489,390.5713195800781,172929100
2022-05-06,388.01350785652954,391.50570647733946,382.9450801949944,388.2400207519531,151770800
2022-05-09,382.35045035687074,383.5868812355381,374.23340232623997,375.80963134765625,155586100
2022-05-10,381.77478247387813,383.2754883521144,372.64784309050333,376.67803955078125,132497200
2022-05-11,375.7152782695393,381.35001745771194,369.94838734516037,370.69403076171875,142361000
2022-05-12,367.5038249274551,373.5727232304534,363.5208097766853,370.3070373535156,125090800
2022-05-13,374.43164996045624,380.53831045425517,373.3934177273955,379.1603088378906,104174400
2022-05-16,377.5180173546355,381.2839385536254,375.27166828724563,377.621826171875,78622400
2022-05-17,383.70013247510735,385.62557844782094,379.9719446127917,385.3896179199219,83029700
2022-05-18,380.840309909265,381.12345103452697,368.61754246873323,369.8539733886719,117674500
2022-05-19,366.7959211904098,372.0059481432004,365.3707103676318,367.5887451171875,98510700
2022-05-20,371.1659411793916,374.7336635050742,359.1697150107811,367.7492370605469,131432200
2022-05-23,370.7695728217986,375.39442331926466,368.4571763768478,374.6299133300781,76414900
2022-05-24,370.5146628553773,372.9592105064328,365.2291411864955,371.7699890136719,91448800
2022-05-25,370.278726265349,377.01777330975807,369.8823286767236,375.0545654296875,91472900
2022-05-26,376.28151834129653,384.18147159869255,376.0738719405769,382.5486145019531,82168300
2022-05-27,385.0026351628093,392.0531368146943,384.80443638650837,391.93988037109375,84768700
2022-05-31,390.3259612932842,393.07254576990726,387.0036468547426,389.74078369140625,95937000
2022-06-01,391.8549734040455,392.8648626531449,384.07769419751776,386.58831787109375,86585800
2022-06-02,386.42789374965014,393.9974979722233,384.18154466114504,393.9503173828125,79609600
2022-06-03,389.24045670832646,390.78837150030967,386.512768154437,387.48492431640625,71874300
2022-06-06,391.48690467497266,393.21412339545446,387.49444141094756,388.6648254394531,57508900
2022-06-07,385.1819749982957,392.8459684053957,384.7194727728496,392.3929138183594,59272400
2022-06-08,390.6846048993001,392.4684805286195,387.33397652533813,388.1268005371094,64350000
2022-06-09,386.3522811032372,388.61749614412264,378.89593505859375,378.89593505859375,86289800
2022-06-10,372.70437142833873,373.55382355387263,367.862456867888,367.9096374511719,132893900
2022-06-13,358.5184668650851,360.3683895194282,352.3362831480851,353.9408264160156,170004900
2022-06-14,355.6869276147928,356.7157121238985,349.7784664118968,352.874267578125,104011800
2022-06-15,356.1683036625761,362.3410401471121,351.2225794060758,357.9049987792969,125666800
2022-06-16,349.70299946215493,350.1088447146559,343.63407193506487,346.05975341796875,134473300
2022-06-17,346.4739460122469,350.1423885814665,343.30789944734585,346.8056945800781,111113900
2022-06-21,352.52169557516805,356.9200257502837,352.44584583713896,355.53607177734375,76811900
2022-06-22,351.3178660517575,358.9960185982588,350.9007792220965,354.89154052734375,90059400
2022-06-23,357.0242713419827,359.10018760142196,353.4695746409906,358.37030029296875,79292100
2022-06-24,361.53641078181903,369.7738317116263,361.5079743602973,369.76434326171875,98050300
2022-06-27,370.68380190795756,370.9776545538821,367.2618273862305,368.3519287109375,66009600
2022-06-28,369.9065529188097,372.68394948048416,360.71172428504013,360.8254699707031,86548900
2022-06-29,361.3753088463661,362.3611241546952,358.71165775298255,360.5316467285156,65676000
2022-06-30,356.6451313576215,360.8349471944622,353.1567954408799,357.6025390625,112508300
2022-07-01,356.94838941477946,361.820707138976,354.33212362182144,361.3846435546875,74839700
2022-07-05,356.3039239194396,362.08623764291843,353.4791138897527,362.0672607421875,81438000
2022-07-06,362.2094581257224,365.7736442291068,359.8302001680812,363.29010009765625,70426200
2022-07-07,365.06272708039626,369.52741950591667,363.30907034528104,368.7311706542969,64525900
2022-07-08,367.10071569720793,370.2952282014979,365.5745794315864,368.4278259277344,72397800
2022-07-11,365.7546492181339,366.7215164411496,363.5270331899998,364.2190246582031,58366900
2022-07-12,363.66926385832295,366.0485507559225,359.25195608212715,360.9961242675781,62219200
2022-07-13,355.5645600399159,362.02937706003513,355.14747320454023,359.10028076171875,84224600
2022-07-14,354.1521096552973,359.3087928722651,351.715979081912,358.2281799316406,89704800
2022-07-15,362.6265563284071,365.1859502897795,360.72125799807424,365.07220458984375,79060400
2022-07-18,368.1528836213448,368.825898190188,360.8349458407432,362.0577697753906,63203600
2022-07-19,365.97264856832055,372.4090283274704,365.31861090466685,371.84027099609375,78506000
2022-07-20,372.02984989964705,375.62247177061846,370.66484393622255,374.2100524902344,71843800
2022-07-21,373.6318507302927,378.068105826219,371.2336162126565,378.0207214355469,64903900
2022-07-22,378.1439131775614,379.33827161369254,372.29523939989383,374.51336669921875,72197300
2022-07-25,375.1390328241593,375.8215358224329,372.7313098957775,374.9684143066406,53631500
2022-07-26,373.3286021714744,373.53714561288416,369.64121046025514,370.5322570800781,52946400
2022-07-27,373.8214115297532,381.8977018374365,373.52755888438156,380.1535339355469,82342100
2022-07-28,380.9592441702565,385.61350177770953,377.4140068493156,384.9215393066406,73966600
2022-07-29,386.35290637404563,391.5190777399874,385.5850941133151,390.5332336425781,87003700
2022-08-01,387.8411758992656,391.8793213752261,387.1302364241008,389.3768005371094,69997500
2022-08-02,387.8127144423944,391.49064571833276,385.63251176391105,386.80792236328125,63435400
2022-08-03,388.931285023342,394.0310955881913,388.6469207989162,392.86517333984375,67820600
2022-08-04,392.78932847212786,393.4718315474268,390.95985110646615,392.5997619628906,45656600
2022-08-05,388.3246175842232,392.5807659148732,388.26774474140564,391.9361877441406,56814900
2022-08-08,393.62353883393126,395.870103228986,390.3816416917654,391.4812316894531,53886100
2022-08-09,390.7512597952123,391.25365582181684,388.85542136603334,389.92657470703125,44931800
2022-08-10,396.96963344138766,398.258818700046,395.01692204612334,398.1166076660156,68665700
2022-08-11,400.96036549541424,402.8183081055924,397.3772317875,398.1166076660156,59489700
2022-08-12,400.05045609922075,404.9606720519512,399.102536621325,404.8564147949219,61694500
2022-08-15,402.64764150057266,407.04600061972724,402.5907686609456,406.5246276855469,54048300
2022-08-16,405.4535207281274,409.2451978170758,404.64778356108576,407.3209228515625,59289000
2022-08-17,403.7283280008868,407.1313549468698,402.42968313864895,404.4297790527344,63563400
2022-08-18,404.628809463559,406.28766820146114,403.33965312992564,405.6051940917969,49023200
2022-08-19,402.8467811218481,403.1121973862413,399.282595061536,400.1546936035156,68016900
2022-08-22,395.3297635768896,395.5004110497399,390.921944270961,391.8224792480469,77695600
2022-08-23,391.39585573923233,393.7846307828097,390.3247023494631,390.87451171875,49105200
2022-08-24,390.6470735253685,393.49083189627123,389.9645992874297,392.1258544921875,49177800
2022-08-25,393.6139873082117,397.70900548583626,392.5238859364247,397.66162109375,50942300
2022-08-26,397.5478603350803,398.088152311537,384.14426851779484,384.2011413574219,103087000
2022-08-29,381.25322920012394,384.7036410897511,380.30530971322975,381.66082763671875,65370800
2022-08-30,382.81719520790887,383.0541750206006,375.3760233037477,377.4709167480469,85652400
2022-08-31,379.10137171228644,380.3431437236325,374.4660612189248,374.5987548828125,76029700
2022-09-01,372.42813703761334,376.1155291548658,369.7265604535713,375.7742919921875,78740100
2022-09-02,379.43310730382876,380.6464427581479,370.00129941700374,371.81182861328125,99632100
2022-09-06,372.6555302445026,373.5939611226999,368.1908383071308,370.4089660644531,76637400
2022-09-07,370.0960816393788,377.83110568507885,369.8780787401788,377.06329345703125,70964200
2022-09-08,374.79784580059123,379.9829368756566,373.59396971166063,379.5279541015625,80821700
2022-09-09,381.7649972904449,386.28659071940456,381.4995810521483,385.4239807128906,76706900
2022-09-12,387.4903999035653,390.28677304617617,387.1870588242466,389.56634521484375,69256300
2022-09-13,380.90239200547273,382.10626800654813,371.5085373863549,372.6270751953125,122947100
2022-09-14,373.9257160615463,375.5656268148488,370.7501807174359,374.0489501953125,85023700
2022-09-15,372.4942717612886,375.3380289874275,368.53197696896837,369.80218505859375,87633800
2022-09-16,365.6295206827052,367.63783250475103,363.6973120856197,366.9810791015625,103084800
2022-09-19,363.8401719669829,369.8270568847656,363.7640106344205,369.8270568847656,73278500
2022-09-20,366.5051690967704,367.51408871168167,362.83118428153335,365.5819091796875,77274900
2022-09-21,367.504555601014,370.55036925173334,359.1952455228189,359.20477294921875,106746600
2022-09-22,358.4337956869669,360.07091552367,355.44511739669144,356.1875305175781,89472600
2022-09-23,352.7229097506912,352.7609904104437,345.78421269474035,350.21966552734375,122346900
2022-09-26,348.7538794551558,352.3707580104209,345.53674617910787,346.75506591796875,92581200
2022-09-27,350.2863328489352,352.5516532322038,343.4808733177717,345.86993408203125,108294100
2022-09-28,346.8217084645166,354.3600529595543,345.127482081543,352.67535400390625,110802200
2022-09-29,349.1346285560483,349.42016092257757,342.36725004597866,345.308349609375,112952300
2022-09-30,344.36600021604005,348.2779675279083,339.8353891876637,339.9686279296875,153711200
2022-10-03,343.6806881754969,350.7907337489844,341.90080218718504,348.9442138671875,89756500
2022-10-04,354.45522944852485,359.78538917158465,348.9061712798272,359.7568359375,103602800
2022-10-05,355.397528717206,361.17501250579096,353.07510228982494,358.9192199707031,88065700
2022-10-06,357.5200770483229,360.47070383972516,354.72174385776447,355.2167053222656,82333500
2022-10-07,351.19054873616767,355.3023890964065,343.5474892236813,345.308349609375,107789500
2022-10-10,346.42192984075376,346.65988314467035,340.43504562807703,342.6717834472656,76042800
2022-10-11,340.9775545535183,345.5367479558779,338.56946829764377,340.50164794921875,92482800
2022-10-12,340.91088255478394,342.4813682302242,339.1309678057882,339.3784484863281,76991800
2022-10-13,332.3826842498608,349.8008834901985,331.3356839052994,348.3350830078125,147254500
2022-10-14,350.7907569397952,352.41837848921915,339.7592450066515,340.39697265625,123737000
2022-10-17,346.4694811126714,350.24818012108415,340.0637687647691,349.1440734863281,93168200
2022-10-18,357.0536821558411,357.35826934412756,349.81036876588746,353.2464294433594,97162900
2022-10-19,351.2095432352664,353.93174409065676,347.93530350478727,350.7431640625,79746900
2022-10-20,350.29577817467606,354.71220495349155,347.0405645534775,347.8020324707031,88283100
2022-10-21,347.5260110650035,356.7395553428867,346.0221590756883,356.254150390625,131038400
2022-10-24,357.77707959447656,361.74612439325887,355.13101099924324,360.61346435546875,85436900
2022-10-25,360.53735873384517,366.6860643599622,360.4231457883191,366.3719787597656,78846300
2022-10-26,363.23094435236135,368.9037428227225,362.97396524839513,363.6116638183594,104087300
2022-10-27,364.61105138754175,366.44804370025827,361.0512506396155,361.6699523925781,81971800
2022-10-28,361.5652682350303,370.75025961760167,361.3844214069697,370.27435302734375,100302000
2022-10-31,367.81871998807645,369.68426585196175,366.6955873080766,367.59979248046875,96631300
2022-11-01,371.3404256632253,371.57837896955164,364.8204992604764,365.9912109375,85407600
2022-11-02,365.4010542504777,369.9031408055681,356.70149735976,356.8061828613281,126990400
2022-11-03,353.5700280593983,356.16848838692556,351.0191758170607,353.1322021484375,87100100
2022-11-04,358.8336081280306,360.61349432188257,352.170915138916,358.2149353027344,103505200
2022-11-07,359.50936758378657,362.23156853069116,357.43442171013305,361.6414489746094,68286900
2022-11-08,362.74552365571884,366.5623039769019,359.5188919325988,363.5926513671875,84641100
2022-11-09,361.6223724698831,362.77408732506177,355.6069062348671,356.10186767578125,78495500
2022-11-10,369.351119187772,376.0043135418382,367.0572748219786,375.6711730957031,141455800
2022-11-11,376.5277909851231,380.1066180137116,374.64319033872147,379.3070983886719,93839900
2022-11-14,377.5462142284,380.89658611860307,375.8043798668183,376.0804138183594,71903500
2022-11-15,381.8198514474499,382.9239582221826,375.4807721813481,379.28802490234375,93194500
2022-11-16,377.6604912310654,378.6123045593404,375.76639200285024,376.39459228515625,68508500
2022-11-17,371.64500584373235,375.9186672305997,371.3404476693323,375.24285888671875,74496300
2022-11-18,378.57415608736795,378.64078997970154,374.10065167393867,376.9465637207031,92922500
2022-11-21,375.62359686049797,376.746729530004,373.73899615884227,375.57598876953125,51243200
2022-11-22,377.51770796736366,380.79194799230964,376.1090138482937,380.630126953125,60429000
2022-11-23,380.29695819857307,383.51409151080327,380.06853232216565,383.0286865234375,68261600
2022-11-25,382.4671170422372,383.4950916496888,382.19111210524926,382.9430236816406,30545400
2022-11-28,379.85918746901655,381.4963075976525,376.0709598680813,376.8324279785156,67881600
2022-11-29,376.9655537509073,378.1553200852392,374.34806781537714,376.1850891113281,52310000
2022-11-30,376.43252267362675,388.0351257324219,374.5193982519049,388.0351257324219,144566700
2022-12-01,389.07260830077985,390.24334880412266,385.2463303133382,387.7496032714844,76398200
2022-12-02,382.86685419503635,388.20651222768515,382.76216868711776,387.30230712890625,85342700
2022-12-05,384.4849116571129,385.41766990087285,378.98343312541476,380.3349914550781,77289800
2022-12-06,380.1732617355015,380.7157732131678,372.76815579992063,374.85260009765625,77972200
2022-12-07,374.005504706076,376.57541212687585,373.0822446819997,374.21490478515625,65927900
2022-12-08,376.09948257287107,378.2124799961138,374.3195674856605,377.1464538574219,60737900
2022-12-09,375.9090843451082,378.45993659247966,374.205330689029,374.3290710449219,81447700
2022-12-12,375.11908962319546,379.72589111328125,374.45283780553007,379.72589111328125,75405800
2022-12-13,390.45286275137533,390.70984189180217,379.8401500031239,382.60040283203125,123782500
2022-12-14,382.257673780074,385.9602409589763,377.21307559103866,380.1541748046875,108111300
2022-12-15,375.2999318308924,376.20416598654884,369.1988348015829,370.85498046875,117705900
2022-12-16,368.302907769073,369.6415593936089,364.34432159505855,366.4765930175781,119858000
2022-12-19,366.6678648941245,367.0025351167428,361.70526779936387,363.3690185546875,79878100
2022-12-20,362.6136124267533,365.4821639806004,361.29407404311723,363.8662109375,74427200
2022-12-21,366.4575070608886,370.4352358837999,365.92204637130624,369.30694580078125,78167400
2022-12-22,366.26619498775557,369.2877393144812,358.34899424622876,364.0382995605469,100120900
2022-12-23,363.0152466207401,366.2758375341586,361.46623322301946,366.1324157714844,59857300
2022-12-27,366.01770849733794,366.36192075609665,363.0152765095284,364.6885986328125,51638200
2022-12-28,364.6215818081712,366.59134742365524,359.92674469166934,360.1562194824219,70911500
2022-12-29,362.9961017998292,367.5092910145083,362.47018314198056,366.63916015625,66970900
2022-12-30,363.9618527124626,365.8168226274327,361.8486652893112,365.67340087890625,84022200
2023-01-03,367.52844425814527,369.4981809896888,361.2749926451564,364.1340026855469,74850700
2023-01-04,366.3905568832152,368.9722652057651,363.34989894273167,366.9451599121094,85934100
2023-01-05,364.9945470716449,365.10928447945327,362.1642506841692,362.757080078125,76970500
2023-01-06,365.8455090657922,372.19458418736764,362.7857380848977,371.0758361816406,104189600
2023-01-09,373.26550947515705,376.44961824670435,370.6838304181261,370.865478515625,73978100
2023-01-10,370.28216841393834,373.5331874264222,369.3450978055792,373.46624755859375,65358100
2023-01-11,375.04405606095594,378.26639143115705,374.231293835196,378.18988037109375,68881100
2023-01-12,379.289500125456,381.02973273660194,375.22571833967487,379.5667724609375,90157700
2023-01-13,376.37315440820146,381.6130534140989,376.10542404617286,381.0393371582031,63903900
2023-01-17,381.0201896884126,382.6935115955875,379.6623956443495,380.3412780761719,62677300
2023-01-18,381.5270095943542,382.58835989011226,374.1356963351264,374.33648681640625,99632300
2023-01-19,372.2997830998825,373.94442072442195,370.2918200719056,371.6113586425781,86958900
2023-01-20,373.00734634342695,378.68708106087394,371.36270886328373,378.5340881347656,91806400
2023-01-23,379.3373059432333,385.0074698849866,378.3811219727352,383.07598876953125,84178800
2023-01-24,381.40268604904264,383.57321326654665,380.2170272035857,382.66485595703125,59524900
2023-01-25,378.6010544265812,383.14292828207675,376.3157607326886,382.8082580566406,84800300
2023-01-26,385.466459007332,387.1780365308271,382.5022827834098,387.0154724121094,72287400
2023-01-27,385.97318218490153,390.2760095744735,385.762820567528,387.9046630859375,68346200
2023-01-30,385.1508473703547,387.37877210654403,382.7412745466371,383.0376892089844,74202000
2023-01-31,383.554027333468,388.7174142189188,383.20978597821664,388.66961669921875,86811800
2023-02-01,387.45531934075285,395.5446571758706,384.7206470447407,392.8003845214844,101459200
2023-02-02,396.68254619253725,399.98139321322725,394.7893202332063,398.5184326171875,101654500
2023-02-03,393.55573107794413,398.7000051703591,393.0776391240828,394.2824401855469,94736800
2023-02-06,391.8346069060138,393.26888274999055,390.21865378736663,391.8728332519531,60295300
2023-02-07,390.9549267928235,398.24104381969875,389.7118993305467,396.9980163574219,90990700
2023-02-08,395.02829871801737,396.36695047559357,391.9684982603406,392.6569519042969,76227500
2023-02-09,396.2522033663381,396.4051963035193,388.0290153704697,389.2529296875,78694900
2023-02-10,388.07678232835883,390.54375312300726,387.26404936045475,390.1612854003906,70769700
2023-02-13,390.81149214644563,394.875273798094,390.3525133608386,394.74139404296875,64913500
2023-02-14,393.22104214899304,396.864100329501,390.6106788806823,394.5597229003906,88389300
2023-02-15,392.3701118499811,395.9175463340548,391.52866525765285,395.841064453125,61555700
2023-02-16,390.87841017898984,394.8178830322616,390.25689650308516,390.3907470703125,76431500
2023-02-17,388.2680643786122,389.6545428210452,386.34612524209655,389.4154968261719,89257800
2023-02-21,385.39953691428894,386.4513451946088,381.34532592151567,381.6034851074219,82655900
2023-02-22,382.01458672604707,383.55405800104023,379.624126941612,381.0775451660156,83742300
2023-02-23,383.965204449082,384.577176151522,378.88787027584414,383.1046447753906,96242400
2023-02-24,378.0942785897589,379.84408241701556,376.39227228887677,379.01220703125,108194400
2023-02-27,382.3492886397092,383.7070827492521,379.36599925020045,380.3030700683594,80444700
2023-02-28,379.82492994288907,381.78509520813367,378.7922350201957,378.8974304199219,96438600
2023-03-01,378.08465625730815,379.3085704071732,376.14360422634064,377.4440002441406,99706800
2023-03-02,375.4742885040699,381.2209631061389,375.13961830151106,380.3795166015625,85127800
2023-03-03,382.1962961869598,386.7286281625777,381.54609807414363,386.4800109863281,90120000
2023-03-06,387.3023155770407,389.5971805098177,386.30790523195174,386.74774169921875,72795900
2023-03-07,386.699921017692,386.93896700217493,380.20742390861926,380.8193664550781,108310600
2023-03-08,380.9341111603913,382.19625170885286,379.212962662717,381.4408874511719,74746600
2023-03-09,382.2249589763906,383.88873887527785,373.41851305631604,374.40338134765625,111945300
2023-03-10,373.8583475978051,375.93327957719293,367.4806170891498,369.0009460449219,189253000
2023-03-13,365.0805347641921,373.28460811867615,363.9713580532645,368.4749755859375,157790000
2023-03-14,373.3898317252391,376.21058604424246,370.0909854321958,374.5659484863281,149752400
2023-03-15,368.9818486133687,372.42408758364206,366.8973453679593,372.2232971191406,172996900
2023-03-16,369.8710404113854,379.0982086417623,369.3642641428275,378.75396728515625,143254200
2023-03-17,377.4256197444262,378.55821591341066,372.94318572096427,374.3253479003906,140553400
2023-03-20,375.1028011958168,378.33746367070916,374.40214170963634,377.9247131347656,93055800
2023-03-21,381.28415054635593,383.3670015855469,379.69082383763816,382.8870849609375,91524200
2023-03-22,382.71431965042825,386.3232727268631,376.3218267349629,376.3601989746094,111746600
2023-03-23,379.2205184817109,383.25182988301947,374.6709182110407,377.3776550292969,119351300
2023-03-24,376.1010222149094,379.9403548581303,373.75902695920195,379.8539733886719,107682400
2023-03-27,382.1288028794633,382.8966870426311,379.6716321408978,380.56427001953125,74010400
2023-03-28,379.8731772141997,380.5642582938647,377.8767370350477,379.71002197265625,62871700
2023-03-29,383.86611930354206,385.4690537806492,382.6663276952182,385.2290954589844,77497900
2023-03-30,387.8589693504225,388.1085353397573,385.6225710265115,387.4846496582031,69840000
2023-03-31,388.4060846284512,393.2436518891425,388.3004877505952,392.94610595703125,112062600
2023-04-03,392.4278865074887,394.8466560999905,392.03435130342865,394.44354248046875,67391100
2023-04-04,395.0864949456508,395.3744624499985,390.88242129149666,392.2550048828125,66601500
2023-04-05,391.52554275858984,392.2838191469049,389.577082640603,391.2279968261719,65200200
2023-04-06,390.4313411526847,393.0325102209904,389.3851264771968,392.754150390625,63743300
2023-04-10,390.2777272293107,393.23402961478297,389.66344926995697,393.1572265625,63681000
2023-04-11,393.7811965721071,394.66422675434245,392.4950235384784,393.26287841796875,59297900
2023-04-12,395.3264818376402,395.61444936283374,391.0744279375137,391.659912109375,86420400
2023-04-13,392.7445509263928,397.21737725795947,391.60234704835096,396.86224365234375,85814800
2023-04-14,396.22870868146754,398.41712702758065,393.5891675964206,395.89276123046875,78161500
2023-04-17,395.80643975007484,397.3325711300684,394.5778543396015,397.3133850097656,66436400
2023-04-18,398.8874765900454,399.0218673008723,396.1999552913603,397.572509765625,63560000
2023-04-19,395.66241754419593,398.4075262603893,395.60482989922565,397.50531005859375,55227300
2023-04-20,394.6929585087422,397.0829628319808,393.79071305675006,395.3360595703125,75840400
2023-04-21,395.63367232336066,396.10398124565415,393.6948196903557,395.6432800292969,73457400
2023-04-24,395.4416010033318,396.47823708003796,394.1074483221864,396.055908203125,64332100
2023-04-25,394.0883231137075,394.6450428024144,389.7114858346393,389.7690734863281,97766700
2023-04-26,390.3833244029181,391.4583328014488,387.56141271088387,388.11810302734375,80447000
2023-04-27,390.65211692803183,396.11357024267807,390.40255091976803,395.8448181152344,92968400
2023-04-28,394.9617272106124,399.2329963765921,394.904139565875,399.223388671875,89433100
2023-05-01,398.78184994003936,400.8454851986158,398.5898716077984,398.82025146484375,62122300
2023-05-02,398.11002828382885,398.1580375216088,391.4392047424731,394.337890625,103998500
2023-05-03,394.83697342513307,397.24616414474065,391.39117573178515,391.6311340332031,91531800
2023-05-04,390.5849268562114,390.91126663739385,387.52305652796423,388.85723876953125,94901900
2023-05-05,392.48532815672064,397.1021226917295,392.22618378343384,396.055908203125,87891800
2023-05-08,396.3823322476967,396.64147667611564,394.76021173712985,396.16156005859375,50046800
2023-05-09,394.6162031980649,395.53763480997924,394.1938742734827,394.4242248535156,49220100
2023-05-10,397.25577792419296,397.88927136463667,392.44700411687967,396.26715087890625,96142900
2023-05-11,395.4032868637811,395.8639880395315,393.5028066384593,395.5760498046875,70157100
2023-05-12,396.8142810526254,397.0254455424627,392.63900049417026,395.0577697753906,70481500
2023-05-15,395.66246936913564,396.82385941720236,393.75241054660967,396.4207458496094,54289400
2023-05-16,395.31689334176326,396.2383543170176,393.761968222226,393.7715759277344,57705500
2023-05-17,395.7872502342352,399.1562450551422,394.14594356293253,398.55157470703125,87287000
2023-05-18,398.23477512417634,402.8131980774416,398.01403224251106,402.390869140625,97177200
2023-05-19,403.2931791436521,403.8210757531866,400.5864421499419,401.805419921875,103793300
2023-05-22,401.8245367549846,403.504244653695,400.58634387366504,401.968505859375,60745400
2023-05-23,400.32722839371974,401.9013689419868,397.0638012887145,397.45733642578125,86383500
2023-05-24,395.85441436146004,396.2383417764392,393.4164298740769,394.57781982421875,89213700
2023-05-25,398.0811934806872,399.4441694496832,395.84479511708275,397.99481201171875,90961600
2023-05-26,398.6475192492727,403.86901432087706,398.5707454798897,403.1491394042969,93830000
2023-05-30,405.0783704702366,405.60626696953454,401.9205113036728,403.30267333984375,72216000
2023-05-31,401.4790359496369,402.3812815149699,399.50178187032054,401.0663146972656,110811800
2023-06-01,401.2966730663804,405.9326839874396,400.0489015795839,404.8768615722656,88865000
2023-06-02,407.44922983268606,411.51891359121186,406.92133324219725,410.73187255859375,91426200
2023-06-05,411.0774205267335,412.36359368369943,409.24413533747776,409.94482421875,65460200
2023-06-06,409.5321040964684,411.3653599992297,408.8793951634606,410.83746337890625,64022200
2023-06-07,411.2309690598289,412.36356528982583,408.99454113451293,409.4168701171875,85373300
2023-06-08,409.4840283285931,412.344341762355,408.71617349799953,411.8932189941406,61952800
2023-06-09,412.6899118726264,414.63837227354514,411.6436971048215,412.63232421875,85742800
2023-06-12,413.61134578902306,416.4524439304632,412.89147087099775,416.3756408691406,76104300
2023-06-13,417.83464596394765,419.7638910098273,417.17235863286135,419.1208190917969,95899700
2023-06-14,419.45674831132544,421.42439480568777,416.1741056268984,419.6199035644531,100612100
2023-06-15,418.8040313332803,426.06997610483035,418.7080714411939,424.82220458984375,110303100
2023-06-16,426.80484934957235,427.3732510116979,422.9030966686289,423.3751525878906,114165800
2023-06-20,421.4387253030806,422.32503554227975,419.1072877770987,421.1785888671875,76160400
2023-06-21,420.19600806746837,420.99561610462763,418.4329718665532,419.0206604003906,76982300
2023-06-22,418.06681362984074,420.6390713007603,417.72961825633774,420.5331115722656,70637200
2023-06-23,417.0841314152319,419.13617505158805,416.6409763099136,417.3538818359375,92074500
2023-06-26,416.7854542967168,418.70260790321004,415.4078014980868,415.6486511230469,72823600
2023-06-27,416.52540707007813,420.8221567639146,416.0726085341393,420.2055969238281,72813700
2023-06-28,419.1265310456325,421.4290677123489,418.509971256602,420.4175109863281,75636000
2023-06-29,420.0032229268465,422.2383146152685,419.59861200085055,422.07452392578125,67882300
2023-06-30,425.28264809004037,428.0379537648419,424.9647101118157,427.0552978515625,104964000
2023-07-03,426.70853977944085,427.82605633249915,426.4291459408796,427.54669189453125,32793400
2023-07-05,425.7354801650757,427.6430199831629,425.7258367708566,426.91082763671875,58418400
2023-07-06,423.3366343156822,423.991738320798,421.06299828536083,423.5678405761719,80658300
2023-07-07,422.5755624788719,426.4388005460157,422.2576244540767,422.49847412109375,86134200
2023-07-10,422.1420000351028,423.7412452715391,421.57359837767063,423.5678405761719,62443500
2023-07-11,424.32893908451956,426.7566930521444,423.3558970583311,426.2653503417969,64463800
2023-07-12,430.0515200243212,431.1016209821125,428.62567949600117,429.6950378417969,91924500
2023-07-13,431.506253963796,433.89549322497544,431.0727422071223,433.1054992675781,72425200
2023-07-14,433.991813962652,434.83958003816,432.07463074719146,432.8357238769531,69815800
2023-07-17,432.6912196663996,435.3887239970372,432.6430320958501,434.338623046875,52680200
2023-07-18,434.01103608987984,438.2114395521847,433.57749499281715,437.56597900390625,80668200
2023-07-19,438.35604491544507,439.72405458332963,437.48896257877516,438.5390930175781,65891700
2023-07-20,437.5467608684042,438.44271452207744,434.91667207150675,435.62957763671875,70591600
2023-07-21,437.3444259913096,437.5467608684042,435.61996364299455,435.62957763671875,71275600
2023-07-24,436.77598531715506,438.38487379289774,435.7451418375123,437.57562255859375,54023400
2023-07-25,437.3059083742901,440.02267010001805,437.2577208036124,438.770263671875,55191200
2023-07-26,437.83576473919794,440.263518637083,436.7856637889011,438.83770751953125,71052900
2023-07-27,442.2192452897237,442.62388566589414,435.0226560753175,435.9282531738281,92194400
2023-07-28,439.1941631701477,441.0246146496096,435.92822776892785,440.19610595703125,80011800
2023-07-31,440.66814456102355,441.39069349037516,439.35790721415856,441.03424072265625,62040400
2023-08-01,439.56991241987384,440.51405372612544,438.81846261305157,439.7722473144531,55291500
2023-08-02,436.6604008783812,436.9205079074881,432.90315234388123,433.65460205078125,93933400
2023-08-03,431.64115804128886,434.29050444334024,430.9956679816183,432.411865234375,64276100
2023-08-04,434.22310003969983,436.3233023275456,429.9359637011342,430.4562072753906,100128900
2023-08-07,432.28658168791264,434.36752621178806,431.59293351328745,434.21337890625,58357500
2023-08-08,431.6795833163524,434.20371206163696,428.97243590614755,432.3250732421875,71361300
2023-08-09,432.5948520910791,432.7586427817327,428.67381291504086,429.4349060058594,78789600
2023-08-10,431.7856284811605,435.16716703483127,428.42337671620794,429.5890808105469,93005500
2023-08-11,427.720120293532,430.3502093181606,427.1228178060312,429.338623046875,68690900
2023-08-14,428.4233633029166,431.7085266113281,428.1150686990038,431.7085266113281,47867400
2023-08-15,429.9358890851779,430.2923712690211,426.1111954097984,426.67962646484375,75707500
2023-08-16,426.26537646534126,427.9224233894094,423.4426253576642,423.5486145019531,80107200
2023-08-17,425.01294414487614,425.27305119137833,419.8009540161682,420.3211975097656,95711300
2023-08-18,417.5080258452247,421.5543115245304,417.1612164787308,420.5234680175781,98852000
2023-08-21,421.5350602162778,424.00135836533855,419.3867000805202,423.2595520019531,68719000
2023-08-22,425.032225506542,425.032225506542,421.5543703601319,422.1131286621094,64994200
2023-08-23,423.1728380844883,427.43107286328376,423.0283341735705,426.8144836425781,68441000
2023-08-24,428.41366619641934,428.92426620737444,420.8702397433306,420.899169921875,88517300
2023-08-25,422.62369316256587,425.1477928046301,419.0783933508206,423.8664855957031,102325100
2023-08-28,426.05339622552776,427.1709421526019,423.8664919427265,426.55438232421875,61595400
2023-08-29,426.44835885508,432.9994865828607,426.26531078000176,432.7200927734375,83081900
2023-08-30,433.057282576268,435.13822692888783,432.35399106524045,434.50238037109375,69053900
2023-08-31,435.11898360214246,436.2557869248091,433.6835290574293,433.8665771484375,66084600
2023-09-01,436.5833209067049,437.06502016743536,433.2210400744053,434.67578125,58944100
2023-09-05,434.23269470933957,434.5506033353466,432.72979513066315,432.7972106933594,55166200
2023-09-06,431.9879277285903,432.093916863234,427.56593166865076,429.8877258300781,70758500
2023-09-07,426.89159834157476,429.2422936014499,426.54478891008307,428.56793212890625,70355400
2023-09-08,428.6160154651993,430.74511806057524,428.2595627004295,429.21331787109375,61659700
2023-09-11,431.83376742594476,432.34436749416994,430.12856253408137,432.0361022949219,60180100
2023-09-12,430.59102153155527,432.11317840274216,429.0881220484013,429.6661376953125,67565400
2023-09-13,429.8876594387545,431.32311372742333,428.7893710886088,430.16705322265625,60199300
2023-09-14,432.6334879893648,434.56989950357433,431.33289378390674,433.8762512207031,83430800
2023-09-15,432.29352436707654,432.62223173023705,428.2136407942197,428.648681640625,111848900
2023-09-18,428.3393572391215,430.1956202798295,427.8656361967372,428.9001159667969,55752200
2023-09-19,427.981617392204,428.57137880593234,425.3326034960519,428.0106201171875,66514600
2023-09-20,429.2675002876334,429.6832158729015,423.8727570723084,424.0758056640625,82562600
2023-09-21,421.2334205936458,421.4944451347644,416.9118372759941,417.0665283203125,104095800
2023-09-22,418.091288955446,419.6864977783781,415.71294757869936,416.1286926269531,100829700
2023-09-25,414.92014455562463,417.9171906632103,414.4850742474689,417.8785400390625,70874500
2023-09-26,414.84285049792544,415.54862280920696,410.90798029741677,411.73944091796875,96168400
2023-09-27,412.9091938575433,413.4699524588792,408.26858155775824,411.9037170410156,104705800
2023-09-28,411.35270706101295,415.964317107926,410.762945679416,414.291748046875,92258300
2023-09-29,417.3372277775056,417.5112441372113,411.76846823252566,413.2863464355469,115111300
2023-10-02,412.454856073705,414.3691244055631,410.36657139466814,413.1219482421875,83798600
2023-10-03,410.94667474306095,413.1799731499237,406.2287013020404,407.5918884277344,103760600
2023-10-04,408.0559363281981,411.30435944495287,406.59606370497346,410.5599365234375,87453000
2023-10-05,410.2699077129364,411.24638199806213,407.18585282564163,410.4052734375,70142700
2023-10-06,407.95929439211045,416.81515765208843,406.63478734252965,415.2779541015625,113273300
2023-10-09,413.3830108074734,418.5070521455923,412.8319589906931,417.9366455078125,80374400
2023-10-10,418.5649967058061,422.70288570856627,418.1686064888882,420.11187744140625,78607300
2023-10-11,421.17537943505704,422.08414129890025,418.79703802262225,421.8327941894531,62451700
2023-10-12,422.44187816631086,422.8189135801861,416.91179922986146,419.2611083984375,81154200
2023-10-13,420.75965970754623,421.95850789546967,415.60664534568787,417.1728515625,95143100
2023-10-16,419.4158131019472,422.6255856986061,419.1741138914331,421.5621032714844,75433200
2023-10-17,418.43931518310666,423.59235858221746,418.09128250171426,421.542724609375,75324700
2023-10-18,419.77352121429993,420.73064064200355,414.8428514424272,415.9256591796875,93559800
2023-10-19,416.64108906158174,418.44899434083845,411.5944086302288,412.2711486816406,121323000
2023-10-20,411.8361348739324,412.3775387523352,407.09880668145956,407.2051696777344,123919900
2023-10-23,405.67760643648245,410.35692908932583,403.92770652261123,406.4993896484375,92035100
2023-10-24,408.61667642933105,410.7146385432617,406.7700909338865,409.56414794921875,78564200
2023-10-25,407.8818980106432,407.9109007331841,403.17357302000806,403.68597412109375,94223200
2023-10-26,402.6225515026816,403.47330792914914,397.9335809780985,398.8520202636719,115156800
2023-10-27,400.43759484678344,400.8339851009318,395.62293584989493,397.04412841796875,107367700
2023-10-30,399.82851071417565,402.84491222424634,398.53300645045545,401.7911071777344,86562700
2023-10-31,402.361504611754,404.63348310254605,400.45691364342605,404.314453125,79665200
2023-11-01,405.28123407598383,409.43844855236455,404.74947812853236,408.6263427734375,98068100
2023-11-02,412.41619465013827,416.61211901779166,412.39686933434086,416.4574279785156,94938900
2023-11-03,418.75837375712325,421.8037777300333,418.6326854543438,420.25689697265625,100167800
2023-11-06,421.0109973746679,421.66841210779677,419.2804228673673,421.22369384765625,67831700
2023-11-07,421.22378857958273,423.06069698434436,420.08297519712374,422.422607421875,64256100
2023-11-08,423.0219303160148,423.544008852029,420.4309219590949,422.7319030761719,61746000
2023-11-09,423.87268255419826,423.91136268453704,419.0096961904857,419.4350891113281,83174400
2023-11-10,421.5040718428815,426.2896982135309,419.4254351571336,425.9803161621094,89462200
2023-11-13,424.64616313137293,426.6764127794683,423.86306009469695,425.57427978515625,52236100
2023-11-14,431.50076562505876,435.1165763059157,431.2783917339626,433.83074951171875,97176900
2023-11-15,435.16489156652574,436.39274237985995,433.8983901244557,434.7491760253906,77327600
2023-11-16,434.30447059030485,435.59997479434537,433.24098818272,435.28094482421875,66665800
2023-11-17,435.29057073108856,436.43141334936854,434.3721314970017,435.82232666015625,83133200
2023-11-20,435.57093106914016,440.01820194313484,435.5612536604329,439.1770935058594,69936200
2023-11-21,438.13293202095787,439.05140070988807,436.9534388382608,438.2199401855469,49244600
2023-11-22,439.8732451207241,441.22675482120695,438.8194400859089,439.9118957519531,59394900
2023-11-24,439.9602422808771,440.3759578384197,439.6315348978691,440.1825866699219,29737400
2023-11-27,439.55413995178077,440.3662456876674,439.00305871890555,439.3898010253906,50506000
2023-11-28,439.00304598057033,441.1203331786689,438.44231685931027,439.8248291015625,62115000
2023-11-29,441.97117519611106,443.10234049536746,439.1191421839662,439.5155029296875,63146000
2023-11-30,440.35665713551293,441.59415597189025,438.2876976332808,441.24609375,79752700
2023-12-01,440.6369952391435,444.3881717849613,440.0472633152973,443.8564453125,89183400
2023-12-04,440.4726232624604,443.8757373404589,439.2544498661346,441.52642822265625,72430900
2023-12-05,440.14391844231596,442.3965419933345,439.7668535301099,441.4394226074219,69793500
2023-12-06,443.57606849081975,443.60507121667763,439.225482586349,439.6605529785156,69124700
2023-12-07,441.73920179328286,443.6631182990797,441.1397923997764,443.015380859375,66995400
2023-12-08,442.2709087807209,445.4516788944759,442.02920955180366,444.9199523925781,83194400
2023-12-11,444.4268611503367,446.8245280398024,444.21416465607524,446.6504821777344,65002200
2023-12-12,446.3023491920045,448.78702370212574,445.30654980720976,448.6903381347656,68327600
2023-12-13,449.0674408996175,455.12927578193285,448.709730800554,454.8778991699219,93278000
2023-12-14,456.8115200961749,458.00069086527446,453.66943027540754,456.3377990722656,119026000
2023-12-15,455.7417134699126,456.9163018501235,453.7420397034311,455.5863952636719,141553700
2023-12-18,457.1882003056551,459.1296338681887,456.13012256894524,458.1492004394531,70375300
2023-12-19,458.69270565753243,461.012732509764,458.61506136543755,460.93505859375,55761800
2023-12-20,460.0808576886502,461.96405036999886,454.1206728290634,454.54779052734375,102921000
2023-12-21,457.5278509164755,459.1295570366737,455.1107760152546,458.8577575683594,86667500
2023-12-22,459.98374941589714,461.45925759296136,457.8870276491879,459.7799072265625,67160400
2023-12-26,460.18759438735214,462.62407274345054,460.1099204752376,461.7213134765625,55387000
2023-12-27,461.51744807730427,462.7017233741636,460.98356586002933,462.5561218261719,68000300
2023-12-28,462.9153345190397,463.5656980482324,462.31349497002446,462.73089599609375,77158100
2023-12-29,462.5367960308314,463.0609913493408,459.4402073535901,461.391357421875,122283100
2024-01-02,458.33359292378987,459.79938459581,456.7124830275094,458.8092346191406,123623700
2024-01-03,456.6542463475319,457.39200051317124,454.4604467676884,455.0622863769531,103585900
2024-01-04,454.5865863632777,457.16869615612853,453.37319057475315,453.5964660644531,84232200
2024-01-05,453.80034274035296,456.66396886840727,452.7713854034213,454.2177734375,86118900
2024-01-08,454.71275316529835,460.8476889622242,454.5865552720958,460.70208740234375,74879100
2024-01-09,458.05208481523704,461.02247554943773,457.54732279548995,460.00323486328125,65931400
2024-01-10,460.27499186871785,463.4686578138975,459.9934757568045,462.6047058105469,67310600
2024-01-11,463.60455806414546,464.119036700077,458.4306513904914,462.40087890625,77940700
2024-01-12,463.8472262405501,464.58498035155515,461.3136700813151,462.72119140625,58026400
2024-01-16,461.3428140279713,462.6532578332319,459.2072255045687,461.0224609375,85014900
2024-01-17,458.0035093314712,458.9451056102245,456.11060012839494,458.4597473144531,68843900
2024-01-18,460.12935459709723,463.09002818161,458.58591886010277,462.5367126464844,91856200
2024-01-19,463.66274109946323,468.58428097883166,462.58525997884743,468.3027648925781,110834500
2024-01-22,469.83659824827777,471.01115715758357,468.64260604571103,469.2929992675781,75844900
2024-01-23,469.83653570981716,470.90430023582877,468.7493378931313,470.66162109375,49945300
2024-01-24,473.525295727068,474.45717543420074,470.68110299788805,471.1761779785156,81765000
2024-01-25,473.30199623812143,474.0106300348732,471.1761540957068,473.73883056640625,72525000
2024-01-26,473.3117152908374,474.79691054106985,472.29247468488353,473.1369934082031,76641600
2024-01-29,473.4475958586122,477.029542315143,472.9039969579279,476.8839111328125,61322800
2024-01-30,476.1947226231299,477.2236798269538,475.7578883130134,476.51507568359375,58618400
2024-01-31,474.3115894395865,474.7581108271003,468.72025176527393,468.73968505859375,126011100
2024-02-01,470.43839078044346,474.9036930669608,469.6326794127357,474.87457275390625,91891600
2024-02-02,475.31139921660196,481.5239798187347,474.971642466127,479.873779296875,99228200
2024-02-05,479.2428126687566,479.90289286822576,475.87442477356564,478.12646484375,75757100
2024-02-06,479.06803644581043,479.84462748505155,477.64108188661896,479.51458740234375,55918600
2024-02-07,481.756982255993,483.93137810723994,480.854193242822,483.51397705078125,70556500
2024-02-08,483.51398020972,484.10610316011065,482.69858176017516,483.7275390625,52343600
2024-02-09,484.2322563033971,486.95996752942966,483.89249957484776,486.5231628417969,63979400
2024-02-12,486.49406987855394,488.75582660767503,485.59128089218916,486.30963134765625,56502300
2024-02-13,480.0485287007201,482.53356108402113,476.35010044182593,479.6116943359375,113099200
2024-02-14,482.2423403647749,484.4555731763151,479.92231331563113,483.97021484375,68387800
2024-02-15,484.6690979139186,487.4938867654942,484.19342663721847,487.3094482421875,61683000
2024-02-16,487.0085316428908,488.14425347916483,484.1449058140717,484.8826599121094,75532900
2024-02-20,483.14510603430045,483.8149029118612,479.97087316267243,482.2132263183594,71736700
2024-02-21,480.9124325062878,482.80531210783914,479.10688422021883,482.6499938964844,59293400
2024-02-22,489.250850130992,493.5996412471157,488.2898206173805,492.6386413574219,76402500
2024-02-23,494.3568862406584,495.191718012327,492.250447577862,492.9784851074219,61321800
2024-02-26,493.4152350521733,493.8520693709636,491.0466841824756,491.1728820800781,50386700
2024-02-27,491.86214231163,492.30866367947897,489.9692329795254,492.08538818359375,48854500
2024-02-28,490.5322390639573,492.01743437576624,490.17307863790023,491.4350280761719,56506600
2024-02-29,493.1920036518268,494.8130838290683,490.5516532421677,493.2016906738281,83924800
2024-03-01,494.07533144522296,498.2590878764062,493.6676174504883,497.83197021484375,76844800
2024-03-04,497.03607301464484,499.1425115484434,497.00692307628157,497.2981262207031,49799300
2024-03-05,495.2984545471132,495.745005535815,490.1245478315941,492.32806396484375,72855600
2024-03-06,495.5993458504527,497.0748540345267,493.53174438668293,494.8227844238281,68382400
2024-03-07,498.1135085613306,500.78297909459656,494.88100583529064,499.7345886230469,58652100
2024-03-08,500.36560770630734,503.04473579557066,496.1623881738849,496.735107421875,86532500
2024-03-11,495.53145243574386,496.8904498381802,493.6094227797772,496.3080139160156,62557200
2024-03-12,498.41446966211043,502.22937893995004,495.90028750048145,501.64697265625,73114400
2024-03-13,501.9672879725168,502.14200986510485,499.4240150117718,500.86065673828125,55104100
2024-03-14,501.8312904786425,501.98663830049765,496.8321359535948,499.8704833984375,110171800
2024-03-15,496.80816405826874,498.2590460217431,494.77306623402836,496.4381408691406,107646300
2024-03-18,500.498619372016,501.93972478311895,498.9795987021718,499.3885498046875,88893300
2024-03-19,498.6971800566581,502.44602683293346,497.69420694088996,502.1636657714844,60755300
2024-03-20,502.2220463909248,506.9446253921805,501.5501685674469,506.80828857421875,69594600
2024-03-21,509.64192900671355,510.34298796408666,508.2007643189091,508.4831848144531,60256100
2024-03-22,508.3955803879005,508.8824467519345,507.28551081424,507.5192565917969,79070800
2024-03-25,506.1461854674636,507.26600171225357,505.9611738991571,506.11700439453125,48512100
2024-03-26,507.53866742888704,507.87950952715136,504.78304672651166,505.1822509765625,65463700
2024-03-27,508.00612262936903,509.46672172053235,505.8444050698442,509.427734375,82999800
2024-03-28,509.4667506716118,510.82994090833836,509.0480527068501,509.3304138183594,96294900
2024-04-01,510.07042079723595,510.60596189996124,507.28550008559404,508.4442443847656,62477500
2024-04-02,504.62730299960265,505.34785579995645,502.91352367339005,505.2115783691406,74230300
2024-04-03,504.12080800253995,507.2660046821648,504.0721332594207,505.76641845703125,59155800
2024-04-04,509.76856679026787,510.10934946561747,499.2911933332161,499.5930480957031,96858100
2024-04-05,500.9464745680228,506.7693762627344,500.50828302932854,504.8121643066406,74546500
2024-04-08,505.5133007732254,506.516214442084,504.2863881936749,505.09454345703125,48401800
2024-04-09,506.82786095826793,507.071294128757,500.839381191466,505.6788635253906,68049200
2024-04-10,499.9922448100833,502.6018412987628,498.6388015333815,500.6154479980469,82652800
2024-04-11,502.1344572387197,505.8346295064768,498.6290433917763,504.3935241699219,70099000
2024-04-12,500.8589251713878,502.2708495884285,495.7078704459787,497.431396484375,92561100
2024-04-15,501.5989831208017,501.764501056224,490.3523514265075,491.19952392578125,92101400
2024-04-16,491.6765860412786,493.19560665785394,489.01828510429004,490.3036193847656,73484000
2024-04-17,492.7574157801548,492.9229634124424,486.00945537176443,487.4018859863281,75910300
2024-04-18,488.794360179131,490.8878795783521,485.46418121059236,486.3989562988281,74548100
2024-04-19,486.3210783246666,487.31427501412566,480.8876330360681,482.15350341796875,102212600
2024-04-22,484.75331996273405,489.18382142190774,482.4163675078979,486.59368896484375,67961000
2024-04-23,488.5995792337359,492.7963646750655,486.4086807205422,492.367919921875,64633600
2024-04-24,493.2540334865075,494.0427545951939,489.914137461728,492.1342468261719,55928100
2024-04-25,486.0678630419317,491.02415872515365,484.42225246602163,490.2646484375,69122400
2024-04-26,493.0495298783495,496.4868049205615,492.4166096033967,494.90936279296875,64306100
2024-04-29,496.6913201679961,497.33398732987405,493.9259228058318,496.662109375,46415400
2024-04-30,495.2015209263445,496.1752536684076,488.79437255859375,488.79437255859375,77483600
2024-05-01,488.2101273744075,494.84124497607075,486.7397814235659,487.2071838378906,80242800
2024-05-02,490.90730120185356,492.60161619088024,486.4281251448712,491.7641906738281,62550200
2024-05-03,497.73318173027803,499.08665465274976,495.20147091341136,497.8597717285156,72756700
2024-05-06,500.255195688938,503.0400570645358,499.8170040691018,503.0011291503906,47264700
2024-05-07,503.96507290224616,504.9485523975052,502.8842439138016,503.5561218261719,52561300
2024-05-08,501.7254700555243,504.14030789046143,501.60862689782874,503.6047668457031,42047200
2024-05-09,503.7898682306733,506.54554862676025,503.1374839119154,506.5065612792969,43643700
2024-05-10,508.103397108136,508.91161179352076,505.941739299708,507.1589050292969,52233200
2024-05-13,508.8337334335511,508.94082976185797,506.0878002167031,507.22705078125,36716400
2024-05-14,507.42184425163964,510.070428158798,506.8863031411852,509.5543212890625,57535900
2024-05-15,512.01781913004,516.1561825946173,511.3848691803367,515.8640747070312,59504900
2024-05-16,515.9614786446474,517.558414507879,514.6566506998298,514.802734375,50244800
2024-05-17,514.9195824580145,515.6109540647997,513.4687302561026,515.5427856445312,59187600
2024-05-20,515.6595992673854,517.5973177042522,515.2700824401487,516.13671875,37764200
2024-05-21,515.3772058901883,517.5583573493641,515.1727006539206,517.4025268554688,33437000
2024-05-22,516.7112486575287,517.4220544657823,513.741316563043,515.9127807617188,48390000
2024-05-23,518.9606609347318,519.0677572803991,510.9370526401655,512.14453125,57211200
2024-05-24,513.9846980938406,516.3411736344989,513.0402060562079,515.532958984375,41291100
2024-05-28,516.3413100648252,516.5749964273494,513.2642811397658,515.8933715820312,36269600
2024-05-29,511.87174962966077,513.458938533357,511.5698948988185,512.2807006835938,45190300
2024-05-30,510.7424009672022,511.4045322089782,507.6361906313772,508.8825378417969,46377600
2024-05-31,509.8367164200918,513.6439850215788,504.7440541264526,513.5173950195312,90785800
2024-06-03,515.1240809646227,515.4064420460951,508.87267437322015,513.9360961914062,46835700
2024-06-04,512.6312623824123,515.250605333056,511.17066354967966,514.5105590820312,34632700
2024-06-05,516.8280887412405,520.645104022442,514.8416361330836,520.6256103515625,47610400
2024-06-06,520.9275073614583,521.3559521321091,518.6879340097541,520.6159057617188,30808500
2024-06-07,519.6421901069427,522.7873872843439,518.55161418802,519.9830322265625,43224500
2024-06-10,519.1748224338155,521.9110090941606,518.5808597177815,521.5896606445312,35686100
2024-06-11,520.0414700499772,522.9042467845098,518.0745108271142,522.8458251953125,36383400
2024-06-12,527.4028194115604,529.8274041983666,526.1077383475028,527.139892578125,63251300
2024-06-13,528.8830409223657,529.0583057100524,525.4165542247054,528.201416015625,44760900
2024-06-14,526.6725282080745,528.5518251182958,525.6695550365463,528.5226440429688,40089900
2024-06-17,527.8410283318889,534.1216160104203,527.3833430672393,532.7291259765625,55839500
2024-06-18,532.7875604635906,534.2092316077063,532.3688625324717,534.0826416015625,41376400
2024-06-20,535.0076237066871,535.6697547200665,530.8595134643548,532.6317138671875,70328200
2024-06-21,531.8102827682807,533.0313753907063,530.4621917432297,531.917724609375,64338600
2024-06-24,531.7418545665156,534.3012597413704,530.0713785197397,530.1885986328125,45528700
2024-06-25,531.4096242974609,532.5916631831469,529.8954816744096,532.230224609375,37936200
2024-06-26,531.1166134619692,533.6076301716555,530.4719028733521,532.89453125,38550600
2024-06-27,532.7578670304722,534.311123211826,532.0154331135317,533.7347412109375,35041500
2024-06-28,534.5064116818106,537.5543137581463,530.3938098387125,531.6343994140625,76144500
2024-07-01,533.0118486999152,533.2560672380866,529.973784394742,532.7285766601562,40297800
2024-07-02,531.126400132376,536.3135986328125,531.0775683576217,536.3135986328125,40434800
2024-07-03,536.0010100914286,539.068408833479,535.9619565950238,538.7069702148438,32789900
2024-07-05,539.0097918869257,542.2139076372644,538.3747999305978,541.8134155273438,41488400
2024-07-08,542.5948722312855,543.3861377502993,541.3737797869028,542.4385986328125,36110500
2024-07-09,543.3959524424528,544.2946598471173,542.6730752067231,542.9661254882812,27289700
2024-07-10,544.1872136667199,548.6808102777995,543.894163387503,548.3389282226562,38701200
2024-07-11,548.4561564855596,549.3255886798729,542.9759074999535,543.61083984375,53054200
2024-07-12,544.7342036963953,550.6345006536228,544.2653232987394,547.0396118164062,53084400
2024-07-15,549.0325654558818,551.7775792240066,546.6880438244344,548.5441284179688,40584300
2024-07-16,549.8530882979716,552.090108393895,549.1008762046278,551.7970581054688,36475300
2024-07-17,545.8772131422685,547.5476892504238,543.7378565645935,544.0602416992188,57119000
2024-07-18,545.593898977862,546.580551242634,537.7007404833427,539.879150390625,56270400
2024-07-19,539.644738170822,541.2663824595259,535.2390267295067,536.2940673828125,65509100
2024-07-22,540.2113152231016,542.4288382548532,538.2771238069361,541.8231811523438,43346700
2024-07-23,541.7157629327536,543.8648979607326,540.4849516029554,540.973388671875,34439600
2024-07-24,536.1670544374522,536.4698829953903,527.7952370228695,528.7135009765625,74515300
2024-07-25,528.8307523766035,534.7994982405838,525.0209792890996,525.958740234375,61158300
2024-07-26,529.7392825093052,534.5357078065754,528.9675138593225,531.8493041992188,53763800
2024-07-29,533.3927971337158,534.3989464184045,530.1690650137424,532.1619262695312,39515800
2024-07-30,533.6271909452782,534.6822315404584,526.0661958644091,529.4656982421875,46853600
2024-07-31,536.2842643515584,540.6997538692295,534.9166765387299,538.0719604492188,65663400
2024-08-01,539.7912440920945,542.0380422456446,526.955106117804,530.4523315429688,76428700
2024-08-02,523.3603002519518,524.5716145988897,516.3756265717791,520.5762329101562,82789100
2024-08-05,499.8078827767836,511.47176200774925,498.4695402072865,505.4151306152344,146267400
2024-08-06,507.2124445147762,517.4989554385519,505.8936885816187,510.0747375488281,84826300
2024-08-07,516.2485361223863,519.2964376315753,506.0695264870208,506.6654052734375,70698300
2024-08-08,511.79399346845105,519.0033278281719,509.7719169059722,518.378173828125,63276600
2024-08-09,517.5575496711185,522.1488688468696,516.3364573171235,520.6640014648438,45619600
2024-08-12,521.8560083095788,523.340816607706,518.6713887529162,520.937744140625,42542100
2024-08-13,524.1222955084382,529.7393216479126,523.878076980635,529.5048217773438,52333100
2024-08-14,530.2959605592147,532.3572097547438,527.6291139531684,531.1751708984375,42446900
2024-08-15,536.7923979796278,540.5631182581201,536.1867407172243,540.2798461914062,60846800
2024-08-16,538.6678476452682,542.1846298407453,538.5115740387317,541.4910278320312,44430700
2024-08-19,541.901367537868,546.6685180664062,541.0514918139045,546.6685180664062,39121800
2024-08-20,546.2191462607274,547.8700657821756,544.4412283435015,545.779541015625,33732300
2024-08-21,546.8248322343893,549.1106842316043,541.9013486274712,547.6551513671875,41514600
2024-08-22,549.5502804647684,550.1559376249218,542.1455582382872,543.3568725585938,56121500
2024-08-23,546.5903394303513,550.0680084955276,544.4020915801096,549.1301879882812,50639400
2024-08-26,550.1559102385648,550.8690092024209,546.1214157161334,547.8211669921875,35788600
2024-08-27,546.5512279111676,549.0618012606642,545.4083020191189,548.5733642578125,32693900
2024-08-28,548.2315922971716,548.6614193309421,542.2042355425785,545.3888549804688,41066000
2024-08-29,547.3521942445709,550.6442544077365,544.2945742697917,545.4375,38715200
2024-08-30,547.8016709409602,551.1523417216108,544.2556134288437,550.6443481445312,62700100
2024-09-03,547.5084877669302,547.8406511283397,536.801987949737,539.3125610351562,60600100
2024-09-04,537.4762066412244,541.6083655035815,536.7533292597282,538.2088623046875,47224900
2024-09-05,538.1501466111926,540.9928237930679,534.4477558926965,536.8997192382812,44264300
2024-09-06,537.2220554393132,538.8436399407501,526.964879098129,527.8635864257812,68493800
2024-09-09,532.0545552082202,535.0437878658838,530.1300820359571,533.7738037109375,40445800
2024-09-10,535.678706144088,536.450474898389,530.8138918516801,536.0987548828125,36394600
2024-09-11,536.0109404348209,542.5168970396185,527.4730685910148,541.5986328125,75248600
2024-09-12,542.1748597619055,546.4633510224045,539.9573366553728,546.1605224609375,51819600
2024-09-13,546.7662020730168,550.0094311099382,546.5122052774053,549.0130004882812,39310500
2024-09-16,548.7492552395013,550.0875680057417,546.9518402590558,549.8238525390625,36656100
2024-09-17,552.031362661108,553.4771764347668,547.8210389518041,550.04833984375,49321000
2024-09-18,550.702966140304,555.5385046014119,547.8602888957543,548.4171142578125,59044900
2024-09-19,557.804786497104,559.6315359572782,554.9425530668651,557.7754516601562,75315500
2024-09-20,556.4096197933483,557.8500005367814,553.7933228326182,556.8113403320312,77503100
2024-09-23,557.8793836152081,558.8494456443765,556.6642942041962,558.2026977539062,44116900
2024-09-24,558.9964258828836,559.8587165873663,556.1743944512203,559.7999267578125,46805700
2024-09-25,559.6431398003925,560.3780425284191,557.4579883539482,558.5652465820312,38428600
2024-09-26,562.8179934718497,563.1413674659622,558.428192996937,560.7798461914062,48336000
2024-09-27,561.8478858705382,562.6611352170194,558.9376397719122,559.9664916992188,42100900
2024-09-30,558.937595094156,562.8179029799776,556.6447321030395,562.2103881835938,63557400
2024-10-01,561.8576982708267,562.5043864049716,554.6066335561335,557.1738891601562,72668800
2024-10-02,556.2821816369686,558.4280999557304,553.8912957466886,557.4089965820312,38097800
2024-10-03,555.9391307651414,558.3300163957163,554.1067783137431,556.389892578125,40846500
2024-10-04,560.8287828388663,561.8184614824812,556.6643337627131,561.4461059570312,42939100
2024-10-07,559.7998460712181,560.4465939096317,555.2238688786401,556.3703002929688,49964700
2024-10-08,558.9376197622599,562.230029540932,558.0655806170524,561.6322631835938,37398700
2024-10-09,561.6224751598685,566.0809331902332,561.0247685875196,565.5223999023438,37912200
2024-10-10,564.1799758679994,565.9535388259317,562.9257131010544,564.53271484375,44138100
2024-10-11,564.4543586951436,568.6482329129351,564.3171624790748,567.913330078125,42268000
2024-10-14,569.5202272995722,573.4887501402064,569.0401003876937,572.557861328125,36217200
2024-10-15,572.8225499433973,573.1263074210011,566.8942852830332,568.109375,54203600
2024-10-16,568.1093193754714,571.097912292803,567.3058184280349,570.5785522460938,30725400
2024-10-17,574.1158386665669,574.3216329805343,570.4413246734956,570.6275024414062,34393700
2024-10-18,572.3128969974695,573.6063330690159,570.8528997080355,572.8224487304688,37416800
2024-10-21,572.0973176864316,573.0771881011084,568.912738838732,571.8817749023438,36439000
2024-10-22,569.3537388044809,572.7343039714391,568.6972423190728,571.5780639648438,34183800
2024-10-23,569.5594810059998,570.0004346494243,562.8571411229607,566.3552856445312,49314600
2024-10-24,568.3052948235324,568.3837012123148,564.9639626077603,567.5802001953125,34979900
2024-10-25,569.8044050522926,572.6950344865168,566.443456997856,567.3840942382812,47268200
2024-10-28,570.8528957024953,570.9802836348513,568.8343651367928,569.1381225585938,30174700
2024-10-29,568.1778099310847,571.1762108700161,566.7864107519835,570.0592041015625,42899700
2024-10-30,569.5889199783458,571.578085865319,567.629178914475,568.334716796875,41435800
2024-10-31,563.9741674152153,564.0427655154251,556.9974954170759,557.1934814453125,60182500
2024-11-01,559.8194973668982,563.9643295266857,559.1335762073604,559.5451049804688,45667500
2024-11-04,559.6824447031719,560.9758809854616,556.458692175116,558.3400268554688,38217000
2024-11-05,559.2512590975022,565.1304818819561,559.0357163025479,565.09130859375,39478300
2024-11-06,577.3396500855225,580.0146771322202,573.6063462638446,579.142578125,68182000
2024-11-07,581.1415036340469,584.6396478381987,581.0630972629532,583.6205444335938,47233200
2024-11-08,584.1693242787533,587.5695056932594,584.1693242787533,586.148681640625,46444900
2024-11-11,587.7360051791314,588.0887441353201,584.9825720146739,586.7071533203125,37586800
2024-11-12,586.6287817012992,587.2264882691159,582.4055428293386,584.8846435546875,43006100
2024-11-13,585.3451927424278,587.1677373847895,582.9837313260188,585.1688232421875,47388600
2024-11-14,585.296183408181,585.7763103260314,580.7202054727688,581.4060668945312,38904100
2024-11-15,577.8491633593196,578.3195418358689,572.1071369723535,573.9591064453125,75988800
2024-11-18,574.4196493771738,577.6238450144261,573.5574183688442,576.3108520507812,37001700
2024-11-19,572.9400384688264,579.142574989824,572.2737337790142,578.41748046875,49412000
2024-11-20,578.4959457161364,578.897666302881,572.8616903884546,578.613525390625,50032600
2024-11-21,581.455141177832,583.1404896221547,575.6249001169805,581.7196655273438,46750300
2024-11-22,581.7097870344509,584.1497143652956,581.2101034094488,583.5225830078125,38226400
2024-11-25,587.4520080099294,588.7650010479646,583.218960080664,585.5020751953125,42441400
2024-11-26,586.7463470552605,589.2254477201681,586.0310608458545,588.5591430664062,45621300
2024-11-27,588.3729502321648,588.7550542016285,585.256969810655,586.7757568359375,34000200
2024-11-29,587.5889371388888,591.2046605649765,587.3146045826015,590.4207763671875,30177400
2024-12-02,590.8323780737772,592.1552388895445,590.3424429138348,591.4791259765625,31746000
2024-12-03,591.2440480710218,591.9985076527607,590.2151960547985,591.7535400390625,26906600
2024-12-04,593.4389336760423,595.6730071584342,592.7726289600115,595.4280395507812,42787600
2024-12-05,595.4280516027892,596.2315525489399,594.0954421437544,594.4481811523438,28762200
2024-12-06,595.212464951605,596.8096584526629,594.800936138575,595.5750122070312,31241500
2024-12-09,595.4574149257465,595.6239761392873,591.9200973185369,592.5079956054688,34742700
2024-12-10,593.184106485161,593.6054435570935,590.0093361336401,590.6658325195312,37234500
2024-12-11,593.5859415432025,596.1825623151827,593.3115491139272,595.2321166992188,28677700
2024-12-12,594.369747252086,594.9380289691392,592.1650390625,592.1650390625,31543800
2024-12-13,594.1934650654297,594.9087513561514,590.6757038334936,592.0475463867188,35904700
2024-12-16,593.8014854078001,595.5456834945226,593.0274092921627,594.5755615234375,43695200
2024-12-17,592.0278913761272,592.9881452170704,590.7540718346318,592.1258544921875,55773500
2024-12-18,591.822113059209,594.2031909866316,574.0962907751041,574.4784545898438,108248700
2024-12-19,579.456129686489,581.0631314525076,574.057034359764,574.302001953125,85919500
2024-12-20,571.9778279294948,585.7225012446567,571.132257605004,581.199951171875,125716700
2024-12-23,580.9443313472664,585.2800771480029,577.7686569320756,584.6803588867188,57635800
2024-12-24,586.0272849416975,591.2184422848073,585.4471892507113,591.1790771484375,33160100
2024-12-26,589.409327922106,592.3391499159457,588.0132458991934,591.2183837890625,41219100
2024-12-27,587.4823797773107,587.7183905820746,580.8165297326684,584.9949951171875,64969300
2024-12-30,577.9948725430215,581.7800467977985,574.5734057798932,578.3192749023438,56578800
